comparison,release_date,prediction_information_date,model,developer,aa_score,actual_parameters_b,frontier_score_rank,baseline_log10_error,candidate_log10_error,baseline_predicted_b,candidate_predicted_b,baseline_train_n,candidate_train_n,baseline_train_developers,candidate_train_developers,baseline_train_max_date,candidate_train_max_date,test_developer_excluded,baseline_coefficients,candidate_coefficients,answer_tokens_per_task,reasoning_tokens_per_task,standardized_aa_score,reasoning_uplift_removed,standardization_method,standardization_pair_n,standardization_pair_creators,standardization_history_max_date
current_50_vs_detailed,2025-12-15,2025-12-15,Nemotron 3 Nano 30B A3B Reasoning,nvidia,14.1772902141795,31.6,0.125,0.8385669312719846,0.1867475562598795,217.89838625315895,48.5774416607352,16,180,9,33,2025-12-12,2025-12-12,True,"[-3.285560438946844,0.04273914508165705,1.698595019896235]","[1.8285789550339888,0.06120864516913043,-0.341864874618103]",,,,,,,,
current_50_vs_detailed,2025-12-16,2025-12-16,MiMo-V2-Flash Reasoning,xiaomi,31.1952079218533,309.0,0.8823529411764706,0.44131362298736665,0.23265643031258687,853.6347819518378,527.9768854149095,17,188,10,34,2025-12-15,2025-12-15,True,"[-1.250737395891026,0.054557424266987,0.8387490426020293]","[1.8409109585209642,0.06147247985231949,-0.35035011299587626]",,,,,,,,
current_50_vs_detailed,2025-12-23,2025-12-23,MiniMax-M2.1,minimax,31.3574194809546,230.0,0.8823529411764706,0.4337709250046995,0.2684886548807306,624.4515688103039,426.79221688726483,17,187,10,34,2025-12-16,2025-12-17,True,"[-0.3257548914581337,0.0479818698444703,0.5432265577670244]","[1.9279467897888272,0.05807863346701123,-0.3759777894686806]",,,,,,,,
current_50_vs_detailed,2025-12-22,2025-12-27,GLM-4.7 Reasoning,zai,33.70492387461,358.0,1.0,0.29395009681845163,0.18000143229698295,704.4223444837783,541.8567139729001,16,187,10,35,2025-12-23,2025-12-26,True,"[-0.5661781756407172,0.045136853637154424,0.6365564499851287]","[1.9628907160862443,0.05743348963293421,-0.39175169685657624]",,,,,,,,
current_50_vs_detailed,2025-12-31,2026-01-08,K-EXAONE,lg,22.1029351957245,236.0,0.6,-0.05910525216803064,-0.32847071298657404,205.97131931405417,110.77488044415693,20,194,11,36,2025-12-27,2026-01-05,True,"[-0.06014856474010391,0.043914649279973066,0.4680912804748298]","[2.0136925011837525,0.056946154000168475,-0.40958980317848864]",,,,,,,,
current_50_vs_detailed,2026-01-27,2026-01-27,Kimi K2.5 Reasoning,moonshot,35.372583556797,1040.0,1.0,-0.14627879158042534,-0.2825630421315535,742.5993208763982,542.5881406665075,20,197,11,37,2026-01-08,2026-01-20,True,"[-0.12075366070122616,0.03996956363164927,0.5135901606527284]","[2.04580293558299,0.05745911259283754,-0.4374568323238562]",,,,,,,,
current_50_vs_detailed,2026-01-28,2026-01-28,LongCat Flash Lite,meituan,17.2165235596296,68.5,0.3181818181818182,0.31981966634423364,-0.12009787264346827,143.05737040375925,51.95085492084817,22,203,12,38,2026-01-27,2026-01-27,True,"[-0.23885839124079386,0.04304206726829172,0.5377383738100195]","[2.0483670271886276,0.06035795922184369,-0.446212738041875]",,,,,,,,
current_50_vs_detailed,2026-02-11,2026-02-11,GLM-5 Reasoning,zai,39.5,744.0,1.0,0.2855687059672096,0.19600771205242795,1435.9576825803858,1168.3706737655734,19,201,12,39,2026-01-29,2026-02-10,True,"[-0.24035240286591653,0.04602141235720761,0.5074463725614452]","[2.036553901439419,0.06106079910234492,-0.4435923723963587]",,,,,,,,
current_50_vs_detailed,2026-02-12,2026-02-12,MiniMax-M2.5,minimax,33.6520929448647,228.703644928,0.8636363636363636,0.521009428974665,0.3289253890938655,759.0712017653242,487.7513445473631,22,205,12,39,2026-02-11,2026-02-11,True,"[0.06756211177607717,0.04632192199178078,0.40244605190602284]","[2.0278133951289075,0.06019922649111908,-0.4382502146154212]",,,,,,,,
current_50_vs_detailed,2026-02-16,2026-02-17,Qwen3.5-397B-A17B Reasoning,alibaba,33.6817059499116,397.0,0.8636363636363636,0.24077425491841176,0.07482271515209327,691.1379837212845,471.6428140509395,22,170,12,39,2026-02-12,2026-02-12,True,"[-0.10108736957901879,0.043261707200430835,0.4744808687564267]","[2.0444117552443455,0.05923603757291477,-0.4368829235506854]",,,,,,,,
current_50_vs_detailed,2026-02-24,2026-02-24,Qwen3.5-27B Reasoning,alibaba,33.7762211760604,27.8,0.9090909090909091,1.410001318363114,1.230734156478519,714.5721967927198,472.9104952773367,22,171,12,39,2026-02-12,2026-02-17,True,"[-0.10108736957901879,0.043261707200430835,0.4744808687564267]","[2.045274433348027,0.05969771772136221,-0.44047841401806975]",,,,,,,,
current_50_vs_detailed,2026-02-24,2026-02-24,Qwen3.5-35B-A3B Reasoning,alibaba,29.2597061896232,36.0,0.6363636363636364,1.1023514646042987,0.8488508148846772,455.6737022317582,254.186988401902,22,171,12,39,2026-02-12,2026-02-17,True,"[-0.10108736957901879,0.043261707200430835,0.4744808687564267]","[2.045274433348027,0.05969771772136221,-0.44047841401806975]",,,,,,,,
current_50_vs_detailed,2026-02-24,2026-02-25,Qwen3.5-122B-A10B Reasoning,alibaba,32.2791462784081,125.0,0.7727272727272727,0.6923700853937849,0.4884969847407543,615.5737592551657,384.9523699961793,22,171,12,39,2026-02-12,2026-02-17,True,"[-0.10108736957901879,0.043261707200430835,0.4744808687564267]","[2.045274433348027,0.05969771772136221,-0.44047841401806975]",,,,,,,,
current_50_vs_detailed,2026-03-02,2026-03-02,Qwen3.5-4B Reasoning,alibaba,20.0869829315102,4.66,0.4090909090909091,1.6012347277785426,1.1863242798387914,186.04613167227538,71.56656891630153,22,172,12,39,2026-02-12,2026-02-25,True,"[-0.10108736957901879,0.043261707200430835,0.4744808687564267]","[2.0325081984023674,0.05892124261031375,-0.4301317956038835]",,,,,,,,
current_50_vs_detailed,2026-03-02,2026-03-04,Qwen3.5-0.8B Reasoning,alibaba,5.46015730791743,0.873,0.0,1.6958249533633434,1.0518652116367586,43.33503953076466,9.83738017277649,22,172,12,39,2026-02-12,2026-02-25,True,"[-0.10108736957901879,0.043261707200430835,0.4744808687564267]","[2.0325081984023674,0.05892124261031375,-0.4301317956038835]",,,,,,,,
current_50_vs_detailed,2026-03-02,2026-03-04,Qwen3.5-2B Reasoning,alibaba,7.63705250485793,2.27,0.045454545454545456,1.3749895424918546,0.7651189681853632,53.82888694086947,13.217363237601974,22,172,12,39,2026-02-12,2026-02-25,True,"[-0.10108736957901879,0.043261707200430835,0.4744808687564267]","[2.0325081984023674,0.05892124261031375,-0.4301317956038835]",,,,,,,,
current_50_vs_detailed,2026-03-02,2026-03-04,Qwen3.5-9B Reasoning,alibaba,21.4379662021172,9.7,0.45454545454545453,1.3412947528879786,0.9475400753124569,212.8464872688379,85.96304872551578,22,172,12,39,2026-02-12,2026-02-25,True,"[-0.10108736957901879,0.043261707200430835,0.4744808687564267]","[2.0325081984023674,0.05892124261031375,-0.4301317956038835]",,,,,,,,
current_50_vs_detailed,2026-03-11,2026-03-11,Nemotron 3 Super 120B A12B,nvidia,25.4059430700317,120.6,0.5625,0.21709328442907605,0.07801648667434247,198.81108352547395,144.33238711348784,32,214,12,39,2026-03-04,2026-03-06,True,"[1.611352957747268,0.04643305244252435,-0.15443580523817932]","[1.9980716693271285,0.05822442302427716,-0.4132041118938318]",,,,,,,,
current_50_vs_detailed,2026-03-18,2026-03-18,MiniMax-M2.7,minimax,38.1344947250387,228.703644928,0.967741935483871,0.5346239883124451,0.5387634920916957,783.2439960278074,790.74522534796,31,218,12,39,2026-03-11,2026-03-11,True,"[1.8712194744698492,0.050457731319311826,-0.2809503276835569]","[1.9932139328484109,0.058764714240789044,-0.41640371121813063]",,,,,,,,
current_50_vs_detailed,2026-04-07,2026-04-07,GLM-5.1 Reasoning,zai,40.1570857627689,744.0,1.0,0.09358649515347262,0.06978377489013976,922.9101678368178,873.688683320209,29,224,12,40,2026-03-11,2026-04-06,True,"[1.7662346079681726,0.04961284877499744,-0.24310653927737227]","[2.146466223111381,0.06052786774166988,-0.501217465114662]",,,,,,,,
current_50_vs_detailed,2026-04-16,2026-04-17,Qwen3.6-35B-A3B Reasoning,alibaba,31.649611240178,36.0,0.68,1.1056345238914944,0.9320256377190668,459.1314311596945,307.84218895919366,25,187,12,41,2026-04-09,2026-04-09,True,"[0.7594432674120821,0.03753288235666624,0.2173230267791123]","[2.0213098163666805,0.05910211160542005,-0.4268469441476419]",,,,,,,,
current_50_vs_detailed,2026-04-20,2026-04-20,Kimi K2.6 Reasoning,moonshot,44.2196682298639,1040.0,1.0,-0.12232738561098389,0.12317547526427175,784.7041576884116,1381.0481313017117,35,231,12,41,2026-04-17,2026-04-17,True,"[2.325954129044445,0.04178777649809847,-0.3877075063300656]","[2.014137326450387,0.05693383966481445,-0.4217876727951771]",,,,,,,,
current_50_vs_detailed,2026-04-22,2026-04-23,Qwen3.6-27B Reasoning,alibaba,37.0516798775037,27.8,0.8461538461538461,1.38233209668057,1.3715730573467706,670.4662058807006,654.0603964436834,26,191,12,41,2026-04-20,2026-04-22,True,"[0.822698731974408,0.035603813504930866,0.2071355022748899]","[1.9964619897783735,0.059165530052372975,-0.4154912165449948]",,,,,,,,
current_50_vs_detailed,2026-04-24,2026-04-24,DeepSeek-V4-Pro (max),deepseek,44.2735554261611,1600.0,1.0,-0.27853345474827806,-0.021239184557715785,842.5322390459919,1523.6345005962423,37,222,12,42,2026-04-23,2026-04-23,True,"[1.8846070236285835,0.041295536530974446,-0.23785681837080153]","[1.9799043206109133,0.05774407767528817,-0.40892264522520855]",,,,,,,,
current_50_vs_detailed,2026-04-22,2026-04-27,MiMo-V2.5,xiaomi,37.2025847113282,310.0,0.8717948717948718,0.18844830192548345,0.29219395130979686,478.42073701146217,607.5130971203523,39,242,12,42,2026-04-24,2026-04-24,True,"[2.1242532861931043,0.044840823561388535,-0.336695084088624]","[2.0123075784915683,0.05840557282098127,-0.42413489805323923]",,,,,,,,
current_50_vs_detailed,2026-06-01,2026-06-03,MiniMax-M3,minimax,44.4372686326056,428.0,1.0,0.3441529386554616,0.5821453183338381,945.358879285079,1635.2685613248339,37,253,12,43,2026-04-27,2026-06-01,True,"[2.1984722997634596,0.045699113513933305,-0.36718883474945757]","[2.104061809622702,0.06226922661687749,-0.48550045582295986]",,,,,,,,
current_50_vs_detailed,2026-06-04,2026-06-04,Nemotron 3 Ultra 550B A55B,nvidia,37.7619546243905,550.0,0.8717948717948718,-0.08496662908930164,0.0257473116855218,452.2682081361085,583.5929020954933,39,247,12,43,2026-04-27,2026-06-01,True,"[2.0698072789162247,0.04138672209460699,-0.2855538351156868]","[2.106153995522648,0.060764437192388894,-0.47763827658139707]",,,,,,,,
current_50_vs_detailed,2026-06-09,2026-06-09,North Mini Code,cohere,19.79516147409,30.0,0.3333333333333333,0.38747138245910673,0.17512615766493211,73.21374751197568,44.90011076603646,42,256,13,43,2026-06-04,2026-06-07,True,"[2.1323934820519015,0.04341634529582327,-0.32806563225379876]","[2.115687443191032,0.06077826592391805,-0.48502744207008547]",,,,,,,,
current_50_vs_detailed,2026-06-12,2026-06-16,Kimi K2.7 Code,moonshot,41.9493685067994,1040.0,0.9512195121951219,-0.3104212352724245,-0.05033064271009513,508.87615841718866,926.195563942095,41,258,13,44,2026-06-12,2026-06-12,True,"[2.5783163180865145,0.043443476767377955,-0.4918769576132243]","[2.0811186257516225,0.05913215255461005,-0.46308717365084373]",,,,,,,,
current_50_vs_detailed,2026-06-16,2026-06-16,GLM-5.2 (max),zai,51.0858347714416,744.0,1.0,0.3021525309562376,0.674923568024481,1491.8510575829416,3519.6258892352685,38,255,13,44,2026-06-12,2026-06-12,True,"[2.6130841224462817,0.046112664634299125,-0.5195298120470901]","[2.092639534375734,0.0603058213967607,-0.47086463026456415]",,,,,,,,
current_50_vs_detailed,2026-06-02,2026-06-24,Nex-N2-Pro,nex,40.9569739949604,397.0,0.8913043478260869,0.12473028727833801,0.3206192240867547,529.0793289477915,830.6340514772257,46,266,14,45,2026-06-16,2026-06-16,True,"[2.5906908328578573,0.04551157604619758,-0.5066633494740134]","[2.0930029225240716,0.058946931995148034,-0.4647224286411184]",,,,,,,,
current_50_vs_detailed,2026-07-06,2026-07-13,Hy3,tencent,41.2305746727135,295.0,0.8936170212765957,0.1843104111123397,0.3561921712926268,450.95419062520943,669.9064931612714,47,267,15,45,2026-06-24,2026-06-29,True,"[2.6983538578763655,0.044876915055075385,-0.5397615576002324]","[2.0983754960425998,0.056505287438991074,-0.45645046965624114]",,,,,,,,
current_50_vs_detailed,2026-06-29,2026-07-14,LongCat 2.0,meituan,33.4782132881577,1600.0,0.6170212765957447,-0.9307515312160328,-0.8335415337050471,187.65859111153577,234.73532394484994,47,269,15,46,2026-07-13,2026-07-13,True,"[2.8903671077809023,0.044740367281762124,-0.6058355097664134]","[2.1057568094561314,0.05530478033829625,-0.4545381820940543]",,,,,,,,
current_50_vs_detailed,2026-07-15,2026-07-15,Inkling (xhigh),thinking_machines,40.736927521956,975.0,0.8571428571428571,-0.3188227136286943,-0.18131829707921066,467.9310908432142,642.2236856723572,49,270,16,46,2026-07-14,2026-07-14,True,"[2.3097640411158946,0.04183328514622963,-0.38017167737449864]","[2.0787594095584,0.05685172247529317,-0.4490050188618413]",,,,,,,,
token_budget_incremental,2025-12-15,2025-12-15,NVIDIA Nemotron 3 Nano 30B A3B (Reasoning),nvidia,14.1772902141795,31.6,0.44,0.2911550338927007,-0.1345982173717606,61.779176718653176,23.178688832973226,25,25,8,8,2025-12-10,2025-12-10,True,"[0.6005914453999068,0.0667020073310454,0.08279799622540389]","[4.967225190304209,0.09961013774118058,-0.2527327543666094,-1.0118914058496655,-0.16761378092389123]",3110.9093338909634,23665.78753490981,,,,,,
token_budget_incremental,2025-12-22,2025-12-27,GLM-4.7 (Reasoning),zai,33.70492387461,357.0,1.0,0.7755315276202421,0.4556670211903433,2129.118059583675,1019.377954934126,25,25,8,8,2025-12-15,2025-12-15,True,"[0.7139700273864821,0.08347926982583823,-0.06707440178441346]","[4.831409598635661,0.09820648543673796,-0.21790196146185623,-0.9916690571427643,-0.1574353137797386]",7151.4235365731465,16236.708397036267,,,,,,
token_budget_incremental,2025-12-31,2026-01-08,K-EXAONE (Reasoning),lg,22.1029351957245,236.0,0.8518518518518519,-0.16926628021918066,-0.7405597121115304,159.82537156056608,42.889629128207154,27,27,9,9,2025-12-27,2025-12-27,True,"[0.7933839377436812,0.06454328297367405,-0.0054484678994255525]","[5.163162612986912,0.08817453719516685,-0.2257689199041758,-1.0482947794098096,-0.14745028290449294]",9569.402761096242,18643.779107953946,,,,,,
token_budget_incremental,2025-12-15,2026-01-27,K2 Think V2,mbzuai,17.2613662319887,70.0,0.6785714285714286,0.07685544246684994,-0.08367319613383462,83.55135211292156,57.73309550067526,28,28,10,10,2026-01-08,2026-01-08,True,"[0.7379535396177132,0.0650311170988811,0.02080943805949267]","[4.00769240400782,0.08651671393077852,-0.06641853787065909,-0.8286773101089916,-0.12868856838916606]",3719.7195268379382,34866.103819167896,,,,,,
token_budget_incremental,2026-01-27,2026-01-27,Kimi K2.5 (Reasoning),kimi,35.372583556797,1040.0,1.0,0.08516268269917004,0.26749328812804585,1265.3073243401839,1925.4250929604827,28,28,10,10,2026-01-08,2026-01-08,True,"[0.7379535396177132,0.0650311170988811,0.02080943805949267]","[4.00769240400782,0.08651671393077852,-0.06641853787065909,-0.8286773101089916,-0.12868856838916606]",5088.925568151416,8827.223874542278,,,,,,
token_budget_incremental,2026-02-03,2026-02-04,Qwen3 Coder Next,alibaba,21.1086120792868,79.7,0.7777777777777778,0.2496342403303058,0.10371108189397882,141.6095562015625,101.19741134623354,27,27,11,11,2026-01-27,2026-01-27,True,"[0.7571726643412537,0.06307321879574768,0.020230058474424724]","[4.361009365085242,0.07693159468152126,-0.08320883219607665,-0.8877493136190071,-0.09836335495337355]",15603.628572766855,0.0,,,,,,
token_budget_incremental,2026-02-16,2026-02-17,Qwen3.5 397B A17B (Reasoning),alibaba,33.6817059499116,397.0,0.9259259259259259,0.346047585064428,0.3339173114038534,880.7204727362606,856.4614467657202,27,27,11,11,2026-01-27,2026-01-27,True,"[0.7571726643412537,0.06307321879574768,0.020230058474424724]","[4.361009365085242,0.07693159468152126,-0.08320883219607665,-0.8877493136190071,-0.09836335495337355]",6116.593220050954,11067.906385922422,,,,,,
token_budget_incremental,2026-02-24,2026-02-25,Qwen3.5 122B A10B (Reasoning),alibaba,32.2791462784081,125.0,0.9259259259259259,0.7599072208367983,0.7054778826605741,719.14627266222,634.4361129998946,27,27,11,11,2026-01-27,2026-01-27,True,"[0.7571726643412537,0.06307321879574768,0.020230058474424724]","[4.361009365085242,0.07693159468152126,-0.08320883219607665,-0.8877493136190071,-0.09836335495337355]",6491.806501974562,10474.52918482134,,,,,,
token_budget_incremental,2026-03-02,2026-03-04,Qwen3.5 2B (Reasoning),alibaba,7.63705250485793,2.27,0.14814814814814814,0.9468675257763777,0.019368987874140542,20.085996513372127,2.373530654495064,27,27,11,11,2026-01-27,2026-01-27,True,"[0.7571726643412537,0.06307321879574768,0.020230058474424724]","[4.361009365085242,0.07693159468152126,-0.08320883219607665,-0.8877493136190071,-0.09836335495337355]",23318.002395281324,24861.98751137971,,,,,,
token_budget_incremental,2026-03-02,2026-03-04,Qwen3.5 9B (Reasoning),alibaba,21.4379662021172,9.65,0.7777777777777778,1.1888341188341727,0.7197217806010467,149.06010821277343,50.611486601509924,27,27,11,11,2026-01-27,2026-01-27,True,"[0.7571726643412537,0.06307321879574768,0.020230058474424724]","[4.361009365085242,0.07693159468152126,-0.08320883219607665,-0.8877493136190071,-0.09836335495337355]",11899.555370008511,20723.054413530434,,,,,,
token_budget_incremental,2026-03-11,2026-03-11,NVIDIA Nemotron 3 Super 120B A12B (Reasoning),nvidia,25.4059430700317,120.6,0.8235294117647058,0.2911036161893912,0.08137878862448611,235.74957799228764,145.4541431912818,34,34,11,11,2026-03-04,2026-03-04,True,"[0.868862560869889,0.06330589317292987,-0.032843516652319195]","[4.5818724635515675,0.07275818524117693,-0.08769156837893266,-0.932642695543242,-0.08851941106492126]",7442.143546733278,18138.341360998136,,,,,,
token_budget_incremental,2026-03-16,2026-03-18,Mistral Small 4 (Reasoning),mistral,19.5555163339516,119.0,0.5555555555555556,-0.08223401704639377,-0.22946502145242453,98.4720420983143,70.15876570616163,27,27,11,11,2026-03-11,2026-03-11,True,"[0.9064437936246802,0.060966214767365384,-0.03289018745944031]","[4.191572825177217,0.07358108216966477,0.003258718043673118,-0.8654343180132591,-0.12674288878853598]",6364.170991244988,9285.62362211808,,,,,,
token_budget_incremental,2026-03-18,2026-03-18,MiniMax-M2.7,minimax,38.1344947250387,228.703644928,1.0,0.7954725579323179,0.7333780284238989,1428.0573344628956,1237.801813340956,36,36,12,12,2026-03-11,2026-03-11,True,"[0.9433818788601315,0.06455023681493602,-0.07798240209584875]","[4.5688901847558085,0.0748794660068161,-0.10855305211094486,-0.9235527617381661,-0.09564032003114933]",7874.288218825613,10604.021038098017,,,,,,
token_budget_incremental,2026-03-16,2026-03-24,NVIDIA Nemotron 3 Nano 4B,nvidia,8.7256520912148,3.97,0.14285714285714285,0.728924280501344,1.0902123600438776,21.267418992991175,48.86555849804661,35,35,11,11,2026-03-18,2026-03-18,True,"[0.8604494229612745,0.06282918259925657,-0.025274121283098798]","[4.534898270797778,0.07233140421642947,-0.0732886983401862,-0.9259026513511786,-0.08985172275650671]",1368.625832036999,5788.740542710616,,,,,,
token_budget_incremental,2026-03-19,2026-03-30,Nemotron Cascade 2 30B A3B,nvidia,17.5765685050907,31.6,0.6,0.38391595786567456,0.04558155245968187,76.48971460128342,35.096890043674755,35,35,11,11,2026-03-18,2026-03-18,True,"[0.8604494229612745,0.06282918259925657,-0.025274121283098798]","[4.534898270797778,0.07233140421642947,-0.0732886983401862,-0.9259026513511786,-0.08985172275650671]",8823.505718766468,13905.672610994698,,,,,,
token_budget_incremental,2026-04-02,2026-04-02,Gemma 4 26B A4B (Reasoning),google,25.6946061195095,25.2,0.8378378378378378,0.9220865413343451,0.9047183143154118,210.6139251942887,202.3572902143739,37,37,11,11,2026-03-30,2026-03-30,True,"[0.9989157554896695,0.07048122862808871,-0.14967436720672952]","[4.450413007918103,0.08287190390156278,-0.19519144209591752,-0.8804762210608509,-0.09401044641851639]",4853.540800354558,15429.131046416638,,,,,,
token_budget_incremental,2026-04-02,2026-04-02,Gemma 4 31B (Reasoning),google,29.3542081371995,30.7,0.8648648648648649,1.0942819531353263,1.2523118502183834,381.43481358720067,548.8456490376681,37,37,11,11,2026-03-30,2026-03-30,True,"[0.9989157554896695,0.07048122862808871,-0.14967436720672952]","[4.450413007918103,0.08287190390156278,-0.19519144209591752,-0.8804762210608509,-0.09401044641851639]",3691.736876152355,8271.281826186969,,,,,,
token_budget_incremental,2026-04-02,2026-04-03,Gemma 4 E2B (Reasoning),google,9.6638013311931,5.1,0.16216216216216217,0.4860460886403656,0.27506024528577855,15.617670818215942,9.60794307683201,37,37,11,11,2026-03-30,2026-03-30,True,"[0.9989157554896695,0.07048122862808871,-0.14967436720672952]","[4.450413007918103,0.08287190390156278,-0.19519144209591752,-0.8804762210608509,-0.09401044641851639]",5827.148216839773,2462.4940955347643,,,,,,
token_budget_incremental,2026-04-03,2026-04-03,Gemma 4 E4B (Reasoning),google,12.2105753460896,8.0,0.2702702702702703,0.46961625327028345,0.3178162451857165,23.588821295371748,16.630535443914432,37,37,11,11,2026-03-30,2026-03-30,True,"[0.9989157554896695,0.07048122862808871,-0.14967436720672952]","[4.450413007918103,0.08287190390156278,-0.19519144209591752,-0.8804762210608509,-0.09401044641851639]",5579.772259331618,1872.8825989635886,,,,,,
token_budget_incremental,2026-04-02,2026-04-06,Gemma 4 31B (Non-reasoning),google,21.7687676184792,30.7,0.7567567567567568,0.5596507856906334,0.913191458149389,111.37537034652948,251.37948584817,37,37,11,11,2026-03-30,2026-03-30,True,"[0.9989157554896695,0.07048122862808871,-0.14967436720672952]","[4.450413007918103,0.08287190390156278,-0.19519144209591752,-0.8804762210608509,-0.09401044641851639]",4536.779000923613,0.0,,,,,,
token_budget_incremental,2026-04-07,2026-04-07,GLM-5.1 (Reasoning),zai,40.1570857627689,744.0,1.0,0.5011315973960109,0.3191720738445989,2358.872856199186,1551.475812736754,42,42,11,11,2026-04-06,2026-04-06,True,"[1.1748477732306608,0.07613970918557238,-0.263424940688106]","[4.60404114175097,0.08398870491227829,-0.3230551732685448,-0.8601403017644477,-0.07177724770316268]",9684.771983210529,16705.250994619248,,,,,,
token_budget_incremental,2026-04-01,2026-04-08,Trinity Large Thinking,arcee,18.1600095755902,399.0,0.5777777777777777,-0.9031638143780893,-1.2362464201608265,49.86652227789085,23.159355833371812,45,45,12,12,2026-04-07,2026-04-07,True,"[1.1960224805420037,0.06989330386244313,-0.2363581614182691]","[4.723980242686759,0.07990593303959576,-0.3172237865185313,-0.8826069207528822,-0.06804750824900484]",8645.701112603576,30972.09598505321,,,,,,
token_budget_incremental,2026-04-16,2026-04-17,Qwen3.6 35B A3B (Reasoning),alibaba,31.649611240178,36.0,0.8717948717948718,1.0272787712929783,0.7447475307960181,383.33746986554564,200.00922708546292,39,39,13,13,2026-04-09,2026-04-09,True,"[0.9143337956676315,0.04930674351821204,0.033060511759934255]","[3.832022132032791,0.05502283827552008,-0.09905329807641544,-0.7027404670683609,-0.0061863575825835985]",14331.567371810146,15387.563439040803,,,,,,
token_budget_incremental,2026-04-20,2026-04-20,Kimi K2.6,kimi,44.2196682298639,1040.0,1.0,0.04342461322748292,0.16642004514396547,1149.3649589469323,1525.6446289885232,47,47,13,13,2026-04-17,2026-04-17,True,"[1.017763243990137,0.046387063329966775,-0.0025842853253528774]","[3.9220195031169687,0.053023026840511765,-0.10084363173755884,-0.7189750745050192,-0.01486424569746945]",5397.63846964587,32738.686799271964,,,,,,
token_budget_incremental,2026-04-21,2026-04-21,Ling 2.6 Flash,inclusionai,14.0546139112372,107.0,0.2857142857142857,-0.3726921852080807,-0.6542529954795935,45.36193714501201,23.720879219308856,49,49,14,14,2026-04-20,2026-04-20,True,"[1.0190018131373961,0.048014905950045005,-0.011248605392546573]","[3.9441685988373205,0.05298083027756805,-0.10248933839234178,-0.7227968802998552,-0.014595864954610993]",13070.147374485727,0.0,,,,,,
token_budget_incremental,2026-04-22,2026-04-22,MiMo-V2.5-Pro,xiaomi,42.2394366693508,1023.0,0.98,-0.018526831560317092,0.08236195035406624,980.2769754866422,1236.6237527696262,50,50,15,15,2026-04-21,2026-04-21,True,"[0.9144803435056549,0.044288576940068436,0.0623811648552479]","[3.234301397676503,0.05019414393750526,0.08933374388433614,-0.612618496875886,-0.06528642730776854]",5359.563265222943,15116.823480532023,,,,,,
token_budget_incremental,2026-04-22,2026-04-23,Qwen3.6 27B (Reasoning),alibaba,37.0516798775037,27.8,0.9047619047619048,1.3469236240526525,1.3160806342150715,617.9714622742671,575.606156193006,42,42,15,15,2026-04-22,2026-04-22,True,"[0.8354866956454414,0.042918608310762704,0.11053584305354931]","[2.939991617665415,0.04740277637903097,0.11519970556697873,-0.5432301312376757,-0.05272267870081831]",6985.648648730319,21655.00591847585,,,,,,
token_budget_incremental,2026-04-24,2026-04-24,"DeepSeek V4 Flash (Reasoning, Max Effort)",deepseek,40.2825017625236,284.0,0.9583333333333334,0.4005171126524556,0.3131425599149602,714.2256660119428,584.0646207076321,48,48,15,15,2026-04-23,2026-04-23,True,"[0.46948623011745755,0.041164071586141826,0.2193788284786767]","[2.070486149134611,0.04514154749826051,0.22384136411935027,-0.4050923779175438,-0.051716399079246064]",10471.414399447398,34805.151891442954,,,,,,
token_budget_incremental,2026-04-24,2026-04-24,"DeepSeek V4 Pro (Reasoning, Max Effort)",deepseek,44.2735554261611,1600.0,1.0,-0.18599651124232341,-0.18911180788098614,1042.6138059487082,1035.161651462679,48,48,15,15,2026-04-23,2026-04-23,True,"[0.46948623011745755,0.041164071586141826,0.2193788284786767]","[2.070486149134611,0.04514154749826051,0.22384136411935027,-0.4050923779175438,-0.051716399079246064]",7243.220661080312,29719.399744830895,,,,,,
token_budget_incremental,2026-04-09,2026-04-27,EXAONE 4.5 33B,lg,20.221750309869,34.4,0.6037735849056604,0.4471429259954427,0.27866220686403387,96.31664991898373,65.34624691448975,53,53,15,15,2026-04-24,2026-04-24,True,"[0.8006607828306443,0.042932321533420865,0.09632134989899595]","[3.2495884938681217,0.049523311332459484,0.11839394816934704,-0.6385907093353821,-0.08097408734146619]",7419.712475476481,21744.39820402205,,,,,,
token_budget_incremental,2026-04-22,2026-04-27,MiMo-V2.5,xiaomi,37.2025847113282,310.0,0.9056603773584906,0.23025826598360366,0.33913225026639404,526.7686976325012,676.8523546734118,53,53,15,15,2026-04-24,2026-04-24,True,"[0.7950405140906107,0.04168049390373718,0.1137683666978358]","[2.943815107068848,0.04744608276354452,0.1273301898327453,-0.5593317840422635,-0.06043321526660268]",4651.974634921158,12567.691352171265,,,,,,
token_budget_incremental,2026-04-29,2026-04-29,Granite 4.1 30B,ibm,8.85991944342523,30.0,0.10714285714285714,0.005573691392104285,0.3019057213561991,30.38749819900349,60.12110803754887,56,56,16,16,2026-04-27,2026-04-27,True,"[0.8568393400876192,0.04259905050992188,0.07474430573605885]","[3.133544416512668,0.048154022643977376,0.10492354650376828,-0.5967056769880784,-0.072696497266304]",3709.4617886812866,0.0,,,,,,
token_budget_incremental,2026-04-29,2026-04-29,Granite 4.1 3B,ibm,4.6989056360793,3.0,0.0,0.8283184540404924,1.0203259681012584,20.204109275403724,31.43744356825516,56,56,16,16,2026-04-27,2026-04-27,True,"[0.8568393400876192,0.04259905050992188,0.07474430573605885]","[3.133544416512668,0.048154022643977376,0.10492354650376828,-0.5967056769880784,-0.072696497266304]",5075.045964513129,0.0,,,,,,
token_budget_incremental,2026-04-29,2026-04-30,Mistral Medium 3.5,mistral,29.947307563003,128.0,0.7083333333333334,0.25505386475649905,0.1959220893654985,230.2840370765637,200.97038246487878,48,48,16,16,2026-04-29,2026-04-29,True,"[0.9745209087814792,0.046452330449195514,-0.0010167131967029294]","[3.043988271386839,0.052229075035269225,-0.02833796707140855,-0.5216538895315196,-0.047687274934404104]",7048.712517803515,18396.26529937539,,,,,,
token_budget_incremental,2026-05-11,2026-05-11,MiniCPM-V 4.6 1.3B,openbmb,4.19374442324631,1.3,0.0,1.0292914666936022,0.8525945725817122,13.907043689266295,9.258442312003487,59,59,17,17,2026-04-30,2026-04-30,True,"[0.9654195514948274,0.0472544466811275,-0.006064998515639116]","[3.1926662184789643,0.05258756939911253,-0.035744403458934586,-0.5619648767900488,-0.043859445813152875]",13811.481090913792,0.0,,,,,,
token_budget_incremental,2026-05-08,2026-05-19,Ring-2.6-1T,inclusionai,30.5727263188268,1000.0,0.7627118644067796,-0.6798966795881367,-0.864741570526498,208.97932419746843,136.53953814131845,59,59,17,17,2026-05-11,2026-05-11,True,"[1.273222939094869,0.059238552325794565,-0.22823008109208462]","[4.729227096178509,0.05663620759929744,-0.31385720410215634,-0.8516475164564845,0.027171828607650283]",9565.097800143994,17974.979720157036,,,,,,
token_budget_incremental,2026-05-20,2026-05-20,Command A+,cohere,22.5095334451485,218.0,0.6557377049180327,-0.4419695492138622,-0.44886534805014033,78.79287446561632,77.55166842746097,61,61,18,18,2026-05-19,2026-05-19,True,"[1.1680856913597832,0.058577176200907875,-0.17453438829574017]","[4.014100695967506,0.05805570853378647,-0.2133638309081592,-0.7156998827914437,0.0012944922428588385]",6220.106449418675,14572.397437451446,,,,,,
token_budget_incremental,2026-05-29,2026-06-01,Step 3.7 Flash,stepfun,30.2677234652192,198.0,0.7580645161290323,0.0859228759427686,-0.03375641223207326,241.3170825589758,183.19295918331514,62,62,19,19,2026-05-20,2026-05-20,True,"[1.0938714473839712,0.058127401376784106,-0.138192364454503]","[3.9156018928461864,0.056588355666748885,-0.1826939896009035,-0.7068815592740699,0.011447373774079539]",9024.194682488644,40803.260464411745,,,,,,
token_budget_incremental,2026-06-01,2026-06-03,MiniMax-M3,minimax,44.4372686326056,428.0,1.0,0.6748886665368841,0.47034095985111524,2024.5683140747853,1264.109598168204,62,62,19,19,2026-06-01,2026-06-01,True,"[1.0864742433750816,0.06173662122527896,-0.15334894706608787]","[3.7774841221151085,0.060894518176482164,-0.18270450366030208,-0.6805767571962984,0.0021710087535429337]",11623.388725547198,12340.477477335606,,,,,,
token_budget_incremental,2026-06-04,2026-06-04,Nemotron 3 Ultra 550B A55B (Reasoning),nvidia,37.7619546243905,550.0,0.8983050847457628,0.06702072272931581,-0.040493095726135575,641.7759115345361,501.03676400411706,59,59,19,19,2026-06-01,2026-06-01,True,"[1.0882864206914051,0.05683804596800775,-0.12483331034947676]","[4.382937968912072,0.052241339436980526,-0.16451168354730603,-0.8278889509447186,0.030937119829282038]",7796.689526417888,15140.838965435258,,,,,,
token_budget_incremental,2026-06-03,2026-06-07,Gemma 4 12B (Reasoning),google,21.8120350469213,12.0,0.5964912280701754,0.8397612238220493,0.5868186338788064,82.97408461066473,46.344679160268235,57,57,19,19,2026-06-04,2026-06-04,True,"[1.0546192824043463,0.05715020040233614,-0.11177965562333746]","[4.09735875834905,0.05528742442354715,-0.14662556930951504,-0.7719099083219182,0.01678174404872333]",14108.729263873063,10046.744669985957,,,,,,
token_budget_incremental,2026-06-09,2026-06-09,North Mini Code,cohere,19.79516147409,30.0,0.546875,0.2444829597870657,0.26369052925413095,52.67496000223699,55.05690372034682,64,64,19,19,2026-06-07,2026-06-07,True,"[1.1853144838283403,0.05837138873808985,-0.18020397016513326]","[4.125829751938081,0.05766562499193677,-0.2076193537425387,-0.7473338254587027,0.003924305454416869]",6097.227943303185,9858.27901666043,,,,,,
token_budget_incremental,2026-05-26,2026-06-11,HyperNova 60B 2605,multiversecomputing,17.8040703229111,58.7,0.45454545454545453,-0.14921327621082958,-0.12619132285540613,41.631765155553566,43.89820662860187,66,66,20,20,2026-06-09,2026-06-09,True,"[1.1739431334500718,0.05841755088797481,-0.17499874850210648]","[4.115939556386118,0.05757806754850392,-0.2049563013601803,-0.7464869181797914,0.0055873246586322185]",6121.5854432456235,25861.717184963865,,,,,,
token_budget_incremental,2026-06-12,2026-06-16,Kimi K2.7 Code,kimi,41.9493685067994,1040.0,0.9545454545454546,-0.01840536966325068,0.06751956827674421,996.8457684095767,1214.9346198877768,66,66,20,20,2026-06-12,2026-06-12,True,"[1.1648662429366667,0.05692081740671491,-0.16085825387276464]","[4.148816468072117,0.05687179706317758,-0.20014119651812554,-0.7570773603347193,0.010748538418448299]",5065.675225021396,12650.406068977589,,,,,,
token_budget_incremental,2026-06-16,2026-06-16,GLM-5.2 (max),zai,51.0858347714416,753.0,1.0,0.6537203113264445,0.6506989029761088,3392.464310879315,3368.944676130035,65,65,20,20,2026-06-12,2026-06-12,True,"[1.1641765331365614,0.0572736019018468,-0.1619403336653251]","[4.166859984895971,0.05625954244698801,-0.19810885227896752,-0.7610805586224373,0.011275533930158965]",6089.060265412873,36701.830904478746,,,,,,
token_budget_incremental,2026-06-02,2026-06-24,Nex-N2-Pro,nex,40.9569739949604,397.0,0.9142857142857143,0.31845047093609535,0.3222033698099418,826.4964218086477,833.6694300382356,70,70,21,21,2026-06-16,2026-06-16,True,"[1.1833693082422836,0.055578459452823116,-0.15875902913385526]","[4.157844336050775,0.054260480771382465,-0.2013127128330607,-0.7514104668249351,0.0175153382504211]",6165.26554994347,23372.555476253096,,,,,,
token_budget_incremental,2026-06-10,2026-06-29,DiffusionGemma 26B A4B,google,13.45276586506,25.2,0.20634920634920634,0.02223525236003243,-0.08262823296878485,26.52380297075011,20.833983113232268,63,63,21,21,2026-06-24,2026-06-24,True,"[1.1665721914448406,0.05321855147937412,-0.13344220048150984]","[4.209728129628187,0.051381885526776104,-0.17952902380330082,-0.7696012490530759,0.024885216980814116]",9442.549213427506,6235.8272183309555,,,,,,
token_budget_incremental,2026-07-06,2026-07-13,Hy3,tencent,41.2305746727135,299.0,0.9166666666666666,0.3984643879498466,0.345981142914344,748.4030974641715,663.2119322035838,72,72,22,22,2026-06-29,2026-06-29,True,"[1.2056778869234328,0.05384443174730357,-0.15714843486118218]","[4.16526585792611,0.052020118946668394,-0.2022098797319733,-0.7466863155941259,0.02276348198925598]",7148.729027399295,22919.344638916857,,,,,,
token_budget_incremental,2026-06-29,2026-07-14,LongCat 2.0,longcat,33.4782132881577,1600.0,0.7671232876712328,-0.782076241881783,-0.852042621762394,264.2674905822867,224.9455265706905,73,73,23,23,2026-07-13,2026-07-13,True,"[1.2510550001486136,0.05212392258578406,-0.1644418687152163]","[4.233493675887476,0.05014483608245165,-0.21260439930850036,-0.7525745562686803,0.02751765629602487]",7849.2423328546065,12954.326996457417,,,,,,
token_budget_incremental,2026-07-15,2026-07-15,Inkling (xhigh),thinking-machines,40.736927521956,975.0,0.8918918918918919,-0.1271757463945482,-0.09139358921341856,727.4930845006019,789.9707779812788,74,74,24,24,2026-07-14,2026-07-14,True,"[1.1550212314542658,0.053375040471478445,-0.1322729865999474]","[3.981146964089096,0.051734378634523216,-0.17398781086393564,-0.7156954891929994,0.02448756835229932]",5574.833594099341,19683.65449783801,,,,,,
token_budget_incremental,2026-07-16,2026-07-16,Kimi K3,kimi,57.1123394372091,2800.0,1.0,0.2915271669966182,0.2957449301996582,5478.79686191864,5532.264828627466,72,72,24,24,2026-07-15,2026-07-15,True,"[1.1320147173564234,0.05337497778589863,-0.12486895826733586]","[3.9596208546608507,0.05201787218957282,-0.16840452963484998,-0.7150029595551474,0.023238334155459825]",5795.532109721274,17836.732269725606,,,,,,
token_budget_incremental,2026-07-14,2026-07-20,Motif 3 (Beta),motif-technologies,44.0803810396244,314.0,0.9342105263157895,0.5419422348613399,0.581200364077628,1093.633696253415,1197.0988460186463,76,76,25,25,2026-07-16,2026-07-16,True,"[1.1419028238836724,0.05307902413349609,-0.12536698013545156]","[3.970472324160919,0.051263309622545224,-0.1697766075426467,-0.7147579368374731,0.026310848271549427]",5431.968894298974,28523.726983435055,,,,,,
token_budget_incremental,2026-07-23,2026-07-23,G9v3-3B,ai9star,16.0567992128263,3.0,0.35064935064935066,1.0686569687568868,1.2831981441998324,35.13809587448208,57.58632963799359,77,77,26,26,2026-07-20,2026-07-20,True,"[1.1834372944526494,0.05100030280824419,-0.128374744498967]","[3.919398987116792,0.04849947182356667,-0.17812640356439804,-0.6883767110932701,0.03373201081146531]",3533.072019466247,12523.042277977027,,,,,,
token_budget_incremental,2026-07-30,2026-07-30,Inkling Small,thinking-machines,40.1676200611155,266.0,0.8571428571428571,0.3023425886897191,0.38764616592368206,533.6103262601291,649.4232048566302,77,77,26,26,2026-07-23,2026-07-23,True,"[1.4088068973398777,0.0546672392926243,-0.24539306419488255]","[3.552720089049943,0.05446905642397523,-0.28775976495577676,-0.5366392646584689,0.011487459423157619]",4275.589119131345,20080.535780895218,,,,,,
reasoning_standardization_portable,2024-08-15,2024-08-15,Hermes 3 - Llama-3.1 70B,nous-research,5.08762806597889,70.6,0.7333333333333333,0.3102246178495667,0.3102246178495667,144.22127109589346,144.22127109589346,30,30,11,11,2024-07-24,2024-07-24,True,"[0.3917919528159748,-0.10208257880577282,1.410775385048218]","[0.3917919528159748,-0.10208257880577282,1.410775385048218]",,,5.08762806597889,0.0,observed non-reasoning,0,0,
reasoning_standardization_portable,2024-08-22,2024-08-22,Jamba 1.5 Large,ai21-labs,5.13122240746243,398.0,0.7419354838709677,-0.510802176414598,-0.510802176414598,122.7667886501867,122.7667886501867,31,31,12,12,2024-08-15,2024-08-15,True,"[0.5449623537688211,-0.09854392528822513,1.2498802190877618]","[0.5449623537688211,-0.09854392528822513,1.2498802190877618]",,,5.13122240746243,0.0,observed non-reasoning,0,0,
reasoning_standardization_portable,2024-08-22,2024-08-22,Jamba 1.5 Mini,ai21-labs,2.69582163473985,52.0,0.1935483870967742,0.6130715038183501,0.6130715038183501,213.341255939619,213.341255939619,31,31,12,12,2024-08-15,2024-08-15,True,"[0.5449623537688211,-0.09854392528822513,1.2498802190877618]","[0.5449623537688211,-0.09854392528822513,1.2498802190877618]",,,2.69582163473985,0.0,observed non-reasoning,0,0,
reasoning_standardization_portable,2024-09-17,2024-09-17,Mistral Small (Sep '24),mistral,4.65980043543703,22.0,0.6333333333333333,0.8367326172213789,0.8367326172213789,151.062023569333,151.062023569333,30,30,12,12,2024-09-06,2024-09-06,True,"[0.5758914522825261,-0.07975446304420537,1.1541337382823293]","[0.5758914522825261,-0.07975446304420537,1.1541337382823293]",,,4.65980043543703,0.0,observed non-reasoning,0,0,
reasoning_standardization_portable,2024-09-19,2024-09-19,Qwen2.5 Coder Instruct 7B ,alibaba,4.48054507534195,7.62,0.5806451612903226,1.289156374483647,1.289156374483647,148.2898226654146,148.2898226654146,31,31,12,12,2024-09-17,2024-09-17,True,"[0.5390492090790017,-0.0704596162566635,1.134639876295342]","[0.5390492090790017,-0.0704596162566635,1.134639876295342]",,,4.48054507534195,0.0,observed non-reasoning,0,0,
reasoning_standardization_portable,2024-09-19,2024-09-19,Qwen2.5 Instruct 32B,alibaba,7.45157282652354,32.0,0.9354838709677419,0.4566238922671888,0.4566238922671888,91.57435545842534,91.57435545842534,31,31,12,12,2024-09-17,2024-09-17,True,"[0.5390492090790017,-0.0704596162566635,1.134639876295342]","[0.5390492090790017,-0.0704596162566635,1.134639876295342]",,,7.45157282652354,0.0,observed non-reasoning,0,0,
reasoning_standardization_portable,2024-09-19,2024-09-19,Qwen2.5 Instruct 72B,alibaba,9.5709158806552,72.0,1.0,-0.044886724154515445,-0.044886724154515445,64.93005522845151,64.93005522845151,31,31,12,12,2024-09-17,2024-09-17,True,"[0.5390492090790017,-0.0704596162566635,1.134639876295342]","[0.5390492090790017,-0.0704596162566635,1.134639876295342]",,,9.5709158806552,0.0,observed non-reasoning,0,0,
reasoning_standardization_portable,2024-09-25,2024-09-25,Molmo 7B-D,ai2,3.80960279974612,8.02,0.47368421052631576,1.269232355859208,1.269232355859208,149.07565429405264,149.07565429405264,38,38,13,13,2024-09-19,2024-09-19,True,"[0.6674876069682275,-0.06857856167792623,1.0196857918273337]","[0.6674876069682275,-0.06857856167792623,1.0196857918273337]",,,3.80960279974612,0.0,observed non-reasoning,0,0,
reasoning_standardization_portable,2024-10-15,2024-10-15,Llama 3.1 Nemotron Instruct 70B,nvidia,7.63625144748529,70.0,0.9534883720930233,-0.051800203707371484,-0.051800203707371484,62.12949681757373,62.12949681757373,43,43,14,14,2024-09-25,2024-09-25,True,"[1.0268738829472255,-0.00023417113101120837,0.42969293297082356]","[1.0268738829472255,-0.00023417113101120837,0.42969293297082356]",,,7.63625144748529,0.0,observed non-reasoning,0,0,
reasoning_standardization_portable,2024-11-11,2024-11-11,Qwen2.5 Coder Instruct 32B,alibaba,7.11287981828272,32.0,0.8918918918918919,0.35933084499597956,0.35933084499597956,73.1949002584893,73.1949002584893,37,37,14,14,2024-10-15,2024-10-15,True,"[0.9434885730663299,0.00010500481838967498,0.49429355743153297]","[0.9434885730663299,0.00010500481838967498,0.49429355743153297]",,,7.11287981828272,0.0,observed non-reasoning,0,0,
reasoning_standardization_portable,2024-11-18,2024-11-18,Mistral Large 2 (Nov '24),mistral,9.14546960703761,123.0,0.975,-0.2853186678416906,-0.2853186678416906,63.76559898369966,63.76559898369966,40,40,14,14,2024-11-11,2024-11-11,True,"[1.0465481863905814,-0.006376740021845861,0.43402361858510174]","[1.0465481863905814,-0.006376740021845861,0.43402361858510174]",,,9.14546960703761,0.0,observed non-reasoning,0,0,
reasoning_standardization_portable,2024-11-18,2024-11-18,Pixtral Large,mistral,8.14881208325536,124.0,0.95,-0.2824798156445516,-0.2824798156445516,64.70560012590576,64.70560012590576,40,40,14,14,2024-11-11,2024-11-11,True,"[1.0465481863905814,-0.006376740021845861,0.43402361858510174]","[1.0465481863905814,-0.006376740021845861,0.43402361858510174]",,,8.14881208325536,0.0,observed non-reasoning,0,0,
reasoning_standardization_portable,2024-11-26,2024-11-26,OLMo 2 7B,ai2,3.85447092518844,7.3,0.43478260869565216,1.3198254639665974,1.3198254639665974,152.4573350648225,152.4573350648225,46,46,14,14,2024-11-18,2024-11-18,True,"[0.7534746761819019,-0.04504226987259407,0.842591161282923]","[0.7534746761819019,-0.04504226987259407,0.842591161282923]",,,3.85447092518844,0.0,observed non-reasoning,0,0,
reasoning_standardization_portable,2024-12-06,2024-12-06,Llama 3.3 Instruct 70B,meta,9.40307621697656,70.0,0.9714285714285714,0.031109812486819877,0.031109812486819877,75.19827053806858,75.19827053806858,35,35,14,14,2024-11-26,2024-11-26,True,"[0.9481635135563317,-0.014439915096177031,0.5511513500907385]","[0.9481635135563317,-0.014439915096177031,0.5511513500907385]",,,9.40307621697656,0.0,observed non-reasoning,0,0,
reasoning_standardization_portable,2024-12-10,2024-12-10,DeepSeek-V2.5 (Dec '24),deepseek,6.78969059811992,236.0,0.7727272727272727,-0.5756406836961774,-0.5756406836961774,62.70054550409894,62.70054550409894,44,44,14,14,2024-12-06,2024-12-06,True,"[1.1333645185824885,0.0028873912967508786,0.33192019419863045]","[1.1333645185824885,0.0028873912967508786,0.33192019419863045]",,,6.78969059811992,0.0,observed non-reasoning,0,0,
reasoning_standardization_portable,2024-12-12,2024-12-12,Grok 2 (Dec '24),xai,8.04457344948274,270.0,0.8979591836734694,-0.6406019183464697,-0.6406019183464697,61.76775912156965,61.76775912156965,49,49,14,14,2024-12-10,2024-12-10,True,"[0.8711725202930396,-0.033857776245774567,0.612325799228523]","[0.8711725202930396,-0.033857776245774567,0.612325799228523]",,,8.04457344948274,0.0,observed non-reasoning,0,0,
reasoning_standardization_portable,2024-12-12,2024-12-12,Phi-4,azure,4.87468332192759,14.0,0.5833333333333334,0.6487808969087814,0.6487808969087814,62.36040579449974,62.36040579449974,48,48,14,14,2024-12-10,2024-12-10,True,"[1.3323288490334861,0.058246091412805255,0.09177424235943255]","[1.3323288490334861,0.058246091412805255,0.09177424235943255]",,,4.87468332192759,0.0,observed non-reasoning,0,0,
reasoning_standardization_portable,2024-12-26,2024-12-26,DeepSeek V3 (Dec '24),deepseek,14.160584979307,671.0,1.0,-0.8545103554691305,-0.8545103554691305,93.8020143435397,93.8020143435397,46,46,14,14,2024-12-12,2024-12-12,True,"[1.0877836236860217,0.0177470069614035,0.3189617621107815]","[1.0877836236860217,0.0177470069614035,0.3189617621107815]",,,14.160584979307,0.0,observed non-reasoning,0,0,
reasoning_standardization_portable,2025-01-30,2025-01-30,Llama 3.1 Tulu3 405B,ai2,8.27692346969835,405.0,0.9019607843137255,-0.39720795764730576,-0.39720795764730576,162.27329905692238,162.27329905692238,51,51,14,14,2024-12-26,2024-12-26,True,"[0.6996667869285835,0.0015525951876752548,0.7197970057631272]","[0.6996667869285835,0.0015525951876752548,0.7197970057631272]",,,8.27692346969835,0.0,observed non-reasoning,0,0,
reasoning_standardization_portable,2025-01-30,2025-01-30,Mistral Small 3,mistral,6.93169892735495,24.0,0.8043478260869565,0.5845789877769723,0.5845789877769723,92.2125919423936,92.2125919423936,46,46,14,14,2024-12-26,2024-12-26,True,"[0.9554518932379599,0.04581703076254708,0.3324488550762536]","[0.9554518932379599,0.04581703076254708,0.3324488550762536]",,,6.93169892735495,0.0,observed non-reasoning,0,0,
reasoning_standardization_portable,2025-02-13,2025-02-13,DeepHermes 3 - Llama-3.1 8B Preview (Non-reasoning),nous-research,2.2852901184763,8.0,0.1111111111111111,0.9790652933399089,0.9790652933399089,76.23515371799097,76.23515371799097,54,54,14,14,2025-01-30,2025-01-30,True,"[0.8506486178768766,0.03988369860837842,0.44375555149874063]","[0.8506486178768766,0.03988369860837842,0.44375555149874063]",,,2.2852901184763,0.0,observed non-reasoning,0,0,
reasoning_standardization_portable,2025-02-26,2025-02-26,Phi-4 Multimodal Instruct,azure,4.53347300367438,5.6,0.5283018867924528,1.0165270994551392,1.0165270994551392,58.1721514949493,58.1721514949493,53,53,14,14,2025-02-13,2025-02-13,True,"[1.2027830568230784,0.09062281928557742,0.07012427087186521]","[1.2027830568230784,0.09062281928557742,0.07012427087186521]",,,4.53347300367438,0.0,observed non-reasoning,0,0,
reasoning_standardization_portable,2025-03-06,2025-03-06,Jamba 1.6 Large,ai21-labs,5.00355856093405,398.0,0.5636363636363636,-0.9561110380110673,-0.9561110380110673,44.03236721089578,44.03236721089578,55,55,14,14,2025-02-26,2025-02-26,True,"[1.148144032154115,0.09322443392124392,0.01340356660345283]","[1.148144032154115,0.09322443392124392,0.01340356660345283]",,,5.00355856093405,0.0,observed non-reasoning,0,0,
reasoning_standardization_portable,2025-03-06,2025-03-06,Jamba 1.6 Mini,ai21-labs,2.55255646375268,52.0,0.14545454545454545,-0.30072459262169393,-0.30072459262169393,26.018290058987514,26.018290058987514,55,55,14,14,2025-02-26,2025-02-26,True,"[1.148144032154115,0.09322443392124392,0.01340356660345283]","[1.148144032154115,0.09322443392124392,0.01340356660345283]",,,2.55255646375268,0.0,observed non-reasoning,0,0,
reasoning_standardization_portable,2025-03-12,2025-03-12,Gemma 3 12B Instruct,google,5.50602790343347,12.2,0.6271186440677966,0.7319737230535497,0.7319737230535497,65.81631361655646,65.81631361655646,59,59,15,15,2025-03-06,2025-03-06,True,"[1.0553644053652274,0.08031550789157059,0.14625947008051354]","[1.0553644053652274,0.08031550789157059,0.14625947008051354]",,,5.50602790343347,0.0,observed non-reasoning,0,0,
reasoning_standardization_portable,2025-03-12,2025-03-12,Gemma 3 27B Instruct,google,7.41891747896191,27.4,0.8135593220338984,0.5342176887069676,0.5342176887069676,93.74934703107724,93.74934703107724,59,59,15,15,2025-03-06,2025-03-06,True,"[1.0553644053652274,0.08031550789157059,0.14625947008051354]","[1.0553644053652274,0.08031550789157059,0.14625947008051354]",,,7.41891747896191,0.0,observed non-reasoning,0,0,
reasoning_standardization_portable,2025-03-12,2025-03-12,Gemma 3 4B Instruct,google,1.1203216280049,4.3,0.01694915254237288,0.8326248711744174,0.8326248711744174,29.247808246355678,29.247808246355678,59,59,15,15,2025-03-06,2025-03-06,True,"[1.0553644053652274,0.08031550789157059,0.14625947008051354]","[1.0553644053652274,0.08031550789157059,0.14625947008051354]",,,1.1203216280049,0.0,observed non-reasoning,0,0,
reasoning_standardization_portable,2025-03-13,2025-03-13,DeepHermes 3 - Mistral 24B Preview (Non-reasoning),nous-research,5.30756351198045,24.0,0.6,0.24497765403875027,0.24497765403875027,42.18799596007126,42.18799596007126,60,60,15,15,2025-03-12,2025-03-12,True,"[1.258583252302579,0.08672759653223608,-0.042676221424741645]","[1.258583252302579,0.08672759653223608,-0.042676221424741645]",,,5.30756351198045,0.0,observed non-reasoning,0,0,
reasoning_standardization_portable,2025-03-13,2025-03-13,Gemma 3 1B Instruct,google,1.0,1.0,0.0,1.4568300706957351,1.4568300706957351,28.63057503071954,28.63057503071954,59,59,15,15,2025-03-06,2025-03-06,True,"[1.0553644053652274,0.08031550789157059,0.14625947008051354]","[1.0553644053652274,0.08031550789157059,0.14625947008051354]",,,1.0,0.0,observed non-reasoning,0,0,
reasoning_standardization_portable,2025-03-13,2025-03-13,OLMo 2 32B,ai2,5.01350341020708,32.2,0.559322033898305,0.07304707648762232,0.07304707648762232,38.09806761033477,38.09806761033477,59,59,15,15,2025-03-12,2025-03-12,True,"[1.3358510064762668,0.08221648282152845,-0.07611986490156168]","[1.3358510064762668,0.08221648282152845,-0.07611986490156168]",,,5.01350341020708,0.0,observed non-reasoning,0,0,
reasoning_standardization_portable,2025-03-17,2025-03-17,Mistral Small 3.1,mistral,14.7448087533968,24.0,1.0,1.1572388187525395,1.1572388187525395,344.70696642939237,344.70696642939237,57,57,15,15,2025-03-13,2025-03-13,True,"[1.3071292062925772,0.1045257842381782,-0.1408849207209157]","[1.3071292062925772,0.1045257842381782,-0.1408849207209157]",,,14.7448087533968,0.0,observed non-reasoning,0,0,
reasoning_standardization_portable,2025-03-18,2025-03-18,Llama 3.3 Nemotron Super 49B v1 (Reasoning),nvidia,12.2497049216913,49.0,0.9692307692307692,0.41802960212048235,0.10053771490148833,128.29971219287336,61.76376969901754,65,65,15,15,2025-03-17,2025-03-17,True,"[1.4020682372067768,0.08389191333153255,-0.14550878321530725]","[1.4020682372067768,0.08389191333153255,-0.14550878321530725]",,,8.4651698621046,3.7845350595867,direct same-checkpoint non-reasoning score,1,1,2025-03-18
reasoning_standardization_portable,2025-03-25,2025-03-25,DeepSeek V3 0324,deepseek,15.4301213476181,671.0,1.0,-0.7790310477013089,-0.6935464140379177,111.6070097723803,135.88643534984743,60,60,15,15,2025-03-18,2025-03-18,True,"[1.5184846040364657,0.056942304140512746,-0.15678818164259248]","[1.4813040404884859,0.06416135696235396,-0.15172927343522766]",,,15.4301213476181,0.0,observed non-reasoning,0,0,
reasoning_standardization_portable,2025-04-05,2025-04-05,Llama 4 Maverick,meta,14.2657978659374,402.0,0.9629629629629629,-0.37673882643127055,-0.28640865693506257,168.84461986531153,207.88224397602642,54,54,15,15,2025-03-25,2025-03-25,True,"[1.463178360246717,0.07873363331844603,-0.15889005079063853]","[1.4205657241948346,0.08747472560384219,-0.15524014079958476]",,,14.2657978659374,0.0,observed non-reasoning,0,0,
reasoning_standardization_portable,2025-04-05,2025-04-05,Llama 4 Scout,meta,10.0416226283387,109.0,0.9259259259259259,-0.14252393551737974,-0.08911767160270756,78.50594802303645,88.778709207535,54,54,15,15,2025-03-25,2025-03-25,True,"[1.463178360246717,0.07873363331844603,-0.15889005079063853]","[1.4205657241948346,0.08747472560384219,-0.15524014079958476]",,,10.0416226283387,0.0,observed non-reasoning,0,0,
reasoning_standardization_portable,2025-04-16,2025-04-16,Granite 3.3 8B (Non-reasoning),ibm,1.75490516541906,8.17,0.05714285714285714,0.2946731683146169,0.2764701967886951,16.10257107819512,15.441598401546749,70,70,16,16,2025-04-05,2025-04-05,True,"[1.4137475330829052,0.08428381596170312,-0.15499637687366605]","[1.3757914297951155,0.09236656325627172,-0.1525634113290462]",,,1.75490516541906,0.0,observed non-reasoning,0,0,
reasoning_standardization_portable,2025-04-28,2025-04-28,Qwen3 0.6B (Reasoning),alibaba,1.27626272437658,0.752,0.06349206349206349,1.1964847773105456,1.1520408741359685,11.822317481650462,10.67231695349908,63,63,16,16,2025-04-16,2025-04-16,True,"[1.45065251262395,0.09347997159814445,-0.21417730126839646]","[1.4047684355236876,0.1017785533340572,-0.20600800958258425]",,,1.0,0.27626272437658006,direct same-checkpoint non-reasoning score,1,1,2025-04-28
reasoning_standardization_portable,2025-04-28,2025-04-28,Qwen3 1.7B (Reasoning),alibaba,2.63183438497504,2.03,0.1746031746031746,0.8919253803209687,0.7751004097152489,15.827831501083752,12.094737516863276,63,63,16,16,2025-04-16,2025-04-16,True,"[1.45065251262395,0.09347997159814445,-0.21417730126839646]","[1.4047684355236876,0.1017785533340572,-0.20600800958258425]",,,1.53388195372068,1.0979524312543598,direct same-checkpoint non-reasoning score,1,1,2025-04-28
reasoning_standardization_portable,2025-04-28,2025-04-28,Qwen3 14B (Reasoning),alibaba,10.3754010792707,14.8,0.9206349206349206,0.7530280974903194,0.47020210037687016,83.80883677104377,43.698226938658415,63,63,16,16,2025-04-16,2025-04-16,True,"[1.45065251262395,0.09347997159814445,-0.21417730126839646]","[1.4047684355236876,0.1017785533340572,-0.20600800958258425]",,,7.0150697862136,3.3603312930571008,direct same-checkpoint non-reasoning score,1,1,2025-04-28
reasoning_standardization_portable,2025-04-28,2025-04-28,Qwen3 235B A22B (Reasoning),alibaba,13.4314470294423,235.0,0.9365079365079365,-0.16209896076179353,-0.33970882307798256,161.79641760641658,107.48776661546749,63,63,16,16,2025-04-16,2025-04-16,True,"[1.45065251262395,0.09347997159814445,-0.21417730126839646]","[1.4047684355236876,0.1017785533340572,-0.20600800958258425]",,,10.8557141127146,2.5757329167277003,direct same-checkpoint non-reasoning score,1,1,2025-04-28
reasoning_standardization_portable,2025-04-28,2025-04-28,Qwen3 30B A3B (Reasoning),alibaba,9.31370877037778,30.5,0.8888888888888888,0.33974300665721247,0.13465820853810073,66.68725573275543,41.5870436170325,63,63,16,16,2025-04-16,2025-04-16,True,"[1.45065251262395,0.09347997159814445,-0.21417730126839646]","[1.4047684355236876,0.1017785533340572,-0.20600800958258425]",,,6.80377018347357,2.5099385869042097,direct same-checkpoint non-reasoning score,1,1,2025-04-28
reasoning_standardization_portable,2025-04-28,2025-04-28,Qwen3 32B (Reasoning),alibaba,11.5463546671141,32.8,0.9206349206349206,0.5168766773079445,0.28942653260362894,107.83271029600388,63.870508873904264,63,63,16,16,2025-04-16,2025-04-16,True,"[1.45065251262395,0.09347997159814445,-0.21417730126839646]","[1.4047684355236876,0.1017785533340572,-0.20600800958258425]",,,8.63463063811974,2.9117240289943602,direct same-checkpoint non-reasoning score,1,1,2025-04-28
reasoning_standardization_portable,2025-04-28,2025-04-28,Qwen3 4B (Reasoning),alibaba,8.35012726236618,4.02,0.8571428571428571,1.129741220918107,1.0114643719253,54.19600497918569,41.275317724389645,63,63,16,16,2025-04-16,2025-04-16,True,"[1.45065251262395,0.09347997159814445,-0.21417730126839646]","[1.4047684355236876,0.1017785533340572,-0.20600800958258425]",,,6.7716649631882,1.578462299177981,direct same-checkpoint non-reasoning score,1,1,2025-04-28
reasoning_standardization_portable,2025-04-28,2025-04-28,Qwen3 8B (Reasoning),alibaba,8.28648432223442,8.19,0.8571428571428571,0.8147340320062193,0.5296343451447767,53.458643416608396,27.727980944209,63,63,16,16,2025-04-16,2025-04-16,True,"[1.45065251262395,0.09347997159814445,-0.21417730126839646]","[1.4047684355236876,0.1017785533340572,-0.20600800958258425]",,,5.07413466387747,3.21234965835695,direct same-checkpoint non-reasoning score,1,1,2025-04-28
reasoning_standardization_portable,2025-05-20,2025-05-20,Gemma 3n E4B Instruct Preview (May '25),google,4.5503780804653,8.39,0.44,0.5134099248477303,0.528076546826696,27.36351509040821,28.303393387943935,75,75,16,16,2025-04-28,2025-04-28,True,"[1.452458130136314,0.07728700953091754,-0.15406469966042974]","[1.3750054454824097,0.09180745060481982,-0.1431299501796719]",,,4.5503780804653,0.0,observed non-reasoning,0,0,
reasoning_standardization_portable,2025-05-20,2025-05-20,Llama 3.1 Nemotron Nano 4B v1.1 (Reasoning),nvidia,8.54464480335446,4.51,0.8441558441558441,1.0402209693678914,0.7082721963212778,49.4763338398498,23.038210292786736,77,77,16,16,2025-04-28,2025-04-28,True,"[1.5038312419189819,0.09854667379530907,-0.2735092988711752]","[1.4548145579126028,0.10607537412616917,-0.2609625783592735]",,,4.989177055888861,3.555467747465599,equal-creator median of strictly earlier other-creator pairs,10,3,2025-04-28
reasoning_standardization_portable,2025-05-21,2025-05-21,Devstral Small (May '25),mistral,11.8246453987468,23.6,0.9305555555555556,0.5918039865913454,0.7878815355072037,92.1968301234059,144.80832780100377,72,72,16,16,2025-05-20,2025-05-20,True,"[1.5732719567432232,0.09800485952588608,-0.32181782410600024]","[1.4417401905403309,0.12063788739023984,-0.29666472714342024]",,,11.8246453987468,0.0,observed non-reasoning,0,0,
reasoning_standardization_portable,2025-05-23,2025-05-23,Sarvam M (Reasoning),sarvam,3.02865938484657,23.6,0.25609756097560976,-0.26200844004770163,-0.6394532694044502,12.909325842950688,5.413258089438602,82,82,17,17,2025-05-21,2025-05-21,True,"[1.614379856057734,0.08890500712926157,-0.3233024296075819]","[1.517132304350387,0.1055584960171725,-0.3046111666909899]",,,-0.526808362619029,3.555467747465599,equal-creator median of strictly earlier other-creator pairs,15,5,2025-05-22
reasoning_standardization_portable,2025-05-28,2025-05-28,DeepSeek R1 0528 (May '25),deepseek,20.0823831450007,685.0,1.0,-0.6054361109719011,-0.7247634580626352,169.9238973849484,129.1002589655373,75,75,17,17,2025-05-23,2025-05-23,True,"[1.65530518364378,0.06187004000230999,-0.27770172641658514]","[1.5669686435582009,0.0646905165521969,-0.21847450557230985]",,,16.526915397535102,3.555467747465599,equal-creator median of strictly earlier other-creator pairs,15,5,2025-05-22
reasoning_standardization_portable,2025-05-29,2025-05-29,DeepSeek R1 0528 Qwen3 8B,deepseek,10.3678998244844,8.19,0.9066666666666666,0.7151747812277316,0.5686101170304223,42.50682656138094,30.33150911774342,75,75,17,17,2025-05-23,2025-05-23,True,"[1.65530518364378,0.06187004000230999,-0.27770172641658514]","[1.5669686435582009,0.0646905165521969,-0.21847450557230985]",,,6.812432077018801,3.555467747465599,equal-creator median of strictly earlier other-creator pairs,15,5,2025-05-22
reasoning_standardization_portable,2025-06-10,2025-06-10,Magistral Small 1,mistral,10.6974514827872,23.6,0.9066666666666666,0.44188569303283765,0.2500633984326057,65.28263808080264,41.97352093629122,75,75,17,17,2025-05-29,2025-05-29,True,"[1.5640027027319001,0.08844488046476515,-0.2850425037740953]","[1.4158919717262173,0.09552996379529977,-0.1947959080462026]",,,7.141983735321601,3.555467747465599,equal-creator median of strictly earlier other-creator pairs,15,5,2025-05-22
reasoning_standardization_portable,2025-06-17,2025-06-17,MiniMax M1 40k,minimax,14.4084774293438,456.0,0.9651162790697675,-0.6044588790045022,-0.7688971061329708,113.37204060594625,77.6368196656402,86,86,18,18,2025-06-10,2025-06-10,True,"[1.6045047106624624,0.08085820442930618,-0.29083432313187735]","[1.4799358702247278,0.08552797168981091,-0.21073218270301394]",,,10.8530096818782,3.555467747465599,equal-creator median of strictly earlier other-creator pairs,15,5,2025-05-22
reasoning_standardization_portable,2025-06-17,2025-06-17,MiniMax M1 80k,minimax,17.6740343374815,456.0,0.9883720930232558,-0.340411810950771,-0.4896006473423027,208.2346665116657,147.694456610854,86,86,18,18,2025-06-10,2025-06-10,True,"[1.6045047106624624,0.08085820442930618,-0.29083432313187735]","[1.4799358702247278,0.08552797168981091,-0.21073218270301394]",,,14.118566590015902,3.555467747465599,equal-creator median of strictly earlier other-creator pairs,15,5,2025-05-22
reasoning_standardization_portable,2025-06-20,2025-06-20,Mistral Small 3.2,mistral,10.557101536401,24.0,0.8831168831168831,0.49913333770748936,0.7000375722464551,75.74336222593453,120.29534276680758,77,77,18,18,2025-06-17,2025-06-17,True,"[1.4922525951317087,0.09972584089285841,-0.26987306765349545]","[1.29097999218956,0.10957513447904212,-0.14898916349457303]",,,10.557101536401,0.0,observed non-reasoning,0,0,
reasoning_standardization_portable,2025-06-26,2025-06-26,Gemma 3n E2B Instruct,google,1.0,5.98,0.0,0.2906151132813951,0.3954071721451585,11.676597156398175,14.86306428321084,84,84,18,18,2025-06-20,2025-06-20,True,"[1.4751929865439577,0.08414930621681556,-0.198139465108132]","[1.305280469084005,0.09111258098026322,-0.0903197182559953]",,,1.0,0.0,observed non-reasoning,0,0,
reasoning_standardization_portable,2025-06-26,2025-06-26,Gemma 3n E4B Instruct,google,1.19081093557055,8.39,0.011904761904761904,0.15961094428794909,0.26573167212396054,12.116380549063265,15.470118235544806,84,84,18,18,2025-06-20,2025-06-20,True,"[1.4751929865439577,0.08414930621681556,-0.198139465108132]","[1.305280469084005,0.09111258098026322,-0.0903197182559953]",,,1.19081093557055,0.0,observed non-reasoning,0,0,
reasoning_standardization_portable,2025-06-30,2025-06-30,ERNIE 4.5 300B A47B,baidu,9.02285916292985,300.0,0.7802197802197802,-0.7885442106446368,-0.6306432682011387,48.8176696375235,70.22277483737214,91,91,19,19,2025-06-26,2025-06-26,True,"[1.5241875590630165,0.09222056244740534,-0.26770445938596393]","[1.356036222611827,0.09862190221677151,-0.16013657360767405]",,,9.02285916292985,0.0,observed non-reasoning,0,0,
reasoning_standardization_portable,2025-07-07,2025-07-07,Jamba 1.7 Large,ai21-labs,5.29845041177405,398.0,0.48863636363636365,-1.2356626237925759,-1.1050400313460496,23.132386943159545,31.249497684129057,88,88,19,19,2025-06-30,2025-06-30,True,"[1.3952753291999627,0.10061667487577858,-0.22446854265472463]","[1.235676514538457,0.10808953419857004,-0.12475018689259054]",,,5.29845041177405,0.0,observed non-reasoning,0,0,
reasoning_standardization_portable,2025-07-07,2025-07-07,Jamba 1.7 Mini,ai21-labs,2.73205930270251,52.0,0.17045454545454544,-0.6100046351792272,-0.4985603224580555,12.764350128271706,16.498445298457007,88,88,19,19,2025-06-30,2025-06-30,True,"[1.3952753291999627,0.10061667487577858,-0.22446854265472463]","[1.235676514538457,0.10808953419857004,-0.12475018689259054]",,,2.73205930270251,0.0,observed non-reasoning,0,0,
reasoning_standardization_portable,2025-07-10,2025-07-10,Devstral Small (Jul '25),mistral,9.25715034718351,24.0,0.8170731707317073,0.48991277022984114,0.6693718398625053,74.1521951218321,112.09418444850638,82,82,19,19,2025-07-07,2025-07-07,True,"[1.3155345779462753,0.0995745438780836,-0.14561898416576596]","[1.1411464296878657,0.11425884998628068,-0.05919933172181702]",,,9.25715034718351,0.0,observed non-reasoning,0,0,
reasoning_standardization_portable,2025-07-10,2025-07-10,LFM2 1.2B,liquidai,1.14955749711073,1.17,0.0425531914893617,1.0014329242742441,1.0673709781183398,11.738667086452878,13.663338878889203,94,94,20,20,2025-07-07,2025-07-07,True,"[1.3609591632911444,0.09279563911687344,-0.15784443327316267]","[1.2131704260283498,0.10314952097965517,-0.07780494876010877]",,,1.14955749711073,0.0,observed non-reasoning,0,0,
reasoning_standardization_portable,2025-07-11,2025-07-11,Kimi K2,kimi,19.3982663833847,1040.0,0.9895833333333334,-0.13280613508396666,0.137803992959042,765.9972389521022,1428.3588574698279,96,96,21,21,2025-07-10,2025-07-10,True,"[1.4685148411593212,0.11219238275844552,-0.3013214904088763]","[1.307464104890651,0.12258665812522421,-0.21019520377832404]",,,19.3982663833847,0.0,observed non-reasoning,0,0,
reasoning_standardization_portable,2025-07-15,2025-07-15,EXAONE 4.0 32B (Reasoning),lg,10.5938528588974,32.0,0.865979381443299,0.4076783025087254,-0.0023090144325055295,81.8141232761864,31.830317005904362,97,97,22,22,2025-07-11,2025-07-11,True,"[1.4523973768558447,0.11535543147308824,-0.3004151917694429]","[1.328124529951323,0.1188262655421559,-0.21266478354409235]",,,6.00771880500359,4.58613405389381,direct same-checkpoint non-reasoning score,1,1,2025-07-15
reasoning_standardization_portable,2025-07-15,2025-07-15,Exaone 4.0 1.2B (Reasoning),lg,2.90389591958628,1.28,0.1958762886597938,0.91854001043706,1.0108631299873183,10.610845233232032,13.12420784641771,97,97,22,22,2025-07-11,2025-07-11,True,"[1.4523973768558447,0.11535543147308824,-0.3004151917694429]","[1.328124529951323,0.1188262655421559,-0.21266478354409235]",,,2.76964797532065,0.13424794426562991,direct same-checkpoint non-reasoning score,1,1,2025-07-15
reasoning_standardization_portable,2025-07-21,2025-07-21,Qwen3 235B A22B 2507 Instruct,alibaba,18.1559405761184,235.0,0.9759036144578314,0.4273951898869526,0.5931306756738359,628.7283624322935,920.8704519433558,83,83,22,22,2025-07-15,2025-07-15,True,"[1.5002988941029693,0.11988084681989367,-0.3442384737080777]","[1.3609288345518185,0.12258132466255112,-0.2438825756996158]",,,18.1559405761184,0.0,observed non-reasoning,0,0,
reasoning_standardization_portable,2025-07-22,2025-07-22,Qwen3 Coder 480B A35B Instruct,alibaba,17.9828421643159,480.0,0.9759036144578314,0.0955281570168367,0.26107095385240386,598.0939294112574,875.6129806976738,83,83,22,22,2025-07-15,2025-07-15,True,"[1.5002988941029693,0.11988084681989367,-0.3442384737080777]","[1.3609288345518185,0.12258132466255112,-0.2438825756996158]",,,17.9828421643159,0.0,observed non-reasoning,0,0,
reasoning_standardization_portable,2025-07-25,2025-07-25,Llama Nemotron Super 49B v1.5 (Reasoning),nvidia,12.4221286368344,49.0,0.8877551020408163,0.4274284403049451,0.10370881235146157,131.10658955428988,62.21640204423768,98,98,22,22,2025-07-22,2025-07-22,True,"[1.4930834230789085,0.12138887597906554,-0.3447113740873188]","[1.3639146780392335,0.12182886733894684,-0.24503171653274508]",,,8.68361873207067,3.7385099047637294,direct same-checkpoint non-reasoning score,1,1,2025-07-25
reasoning_standardization_portable,2025-07-25,2025-07-25,Qwen3 235B A22B 2507 (Reasoning),alibaba,19.608297149775,235.0,0.9879518072289156,0.597735031516534,0.3326576656683282,930.6853844790147,505.50508420389843,83,83,22,22,2025-07-15,2025-07-15,True,"[1.5002988941029693,0.11988084681989367,-0.3442384737080777]","[1.3609288345518185,0.12258132466255112,-0.2438825756996158]",,,16.052829402309403,3.555467747465599,equal-creator median of strictly earlier other-creator pairs,11,5,2025-07-15
reasoning_standardization_portable,2025-07-28,2025-07-28,GLM-4.5 (Reasoning),zai,19.4874215767973,355.0,0.9805825242718447,0.339473249369318,0.16434998138186918,775.7139514364136,518.2965696135161,103,103,23,23,2025-07-25,2025-07-25,True,"[1.5347652089030437,0.11775972853055662,-0.3655989444942494]","[1.3839798980534466,0.12178047454457352,-0.2611058527951302]",,,16.43826982715652,3.049151749640777,equal-creator median of strictly earlier other-creator pairs,20,6,2025-07-25
reasoning_standardization_portable,2025-07-28,2025-07-28,GLM-4.5-Air,zai,16.5175026250852,106.0,0.941747572815534,0.5146588876482694,0.3275943298737709,346.7087106338155,225.37212267947538,103,103,23,23,2025-07-25,2025-07-25,True,"[1.5347652089030437,0.11775972853055662,-0.3655989444942494]","[1.3839798980534466,0.12178047454457352,-0.2611058527951302]",,,13.468350875444422,3.049151749640777,equal-creator median of strictly earlier other-creator pairs,20,6,2025-07-25
reasoning_standardization_portable,2025-07-29,2025-07-29,Qwen3 30B A3B 2507 Instruct,alibaba,9.06268625325331,30.5,0.7558139534883721,0.1742294122454231,0.3333057430453912,45.55428678944068,65.7060836725252,86,86,23,23,2025-07-28,2025-07-28,True,"[1.5517771670569127,0.11222221067665268,-0.35370289381730763]","[1.3926698740086039,0.11862856793861634,-0.252627798329287]",,,9.06268625325331,0.0,observed non-reasoning,0,0,
reasoning_standardization_portable,2025-07-30,2025-07-30,Qwen3 30B A3B 2507 (Reasoning),alibaba,14.4377762633027,30.5,0.9186046511627907,0.7764655100129083,0.5484732690284244,182.29105120534547,107.83831874651919,86,86,23,23,2025-07-28,2025-07-28,True,"[1.5517771670569127,0.11222221067665268,-0.35370289381730763]","[1.3926698740086039,0.11862856793861634,-0.252627798329287]",,,10.882308515837101,3.555467747465599,equal-creator median of strictly earlier other-creator pairs,12,5,2025-07-25
reasoning_standardization_portable,2025-07-31,2025-07-31,Qwen3 Coder 30B A3B Instruct,alibaba,13.6060200979137,30.5,0.8837209302325582,0.6821556086427707,0.870891616271487,146.70855785144673,226.5642879940324,86,86,23,23,2025-07-28,2025-07-28,True,"[1.5517771670569127,0.11222221067665268,-0.35370289381730763]","[1.3926698740086039,0.11862856793861634,-0.252627798329287]",,,13.6060200979137,0.0,observed non-reasoning,0,0,
reasoning_standardization_portable,2025-08-05,2025-08-05,gpt-oss-120b (high),openai,23.8309678073278,117.0,1.0,1.186726104977934,1.0962327268890686,1798.506313557485,1460.220995728276,108,108,24,24,2025-07-31,2025-07-31,True,"[1.5811293418388697,0.11102407145075613,-0.3749032634857855]","[1.4197769657937298,0.11810268543868091,-0.27374336667987303]",,,20.78181605768702,3.049151749640777,equal-creator median of strictly earlier other-creator pairs,20,6,2025-07-25
reasoning_standardization_portable,2025-08-05,2025-08-05,gpt-oss-20b (high),openai,14.8851031229075,21.0,0.9166666666666666,0.939486352078301,0.785668651100216,182.68615984938936,128.19997657695842,108,108,24,24,2025-07-31,2025-07-31,True,"[1.5811293418388697,0.11102407145075613,-0.3749032634857855]","[1.4197769657937298,0.11810268543868091,-0.27374336667987303]",,,11.835951373266724,3.049151749640777,equal-creator median of strictly earlier other-creator pairs,20,6,2025-07-25
reasoning_standardization_portable,2025-08-06,2025-08-06,Qwen3 4B 2507 (Reasoning),alibaba,11.9613767210176,4.02,0.8409090909090909,1.1702968730842134,0.8736813595513918,59.50081660862939,30.054355046745282,88,88,24,24,2025-08-05,2025-08-05,True,"[1.6956344945067405,0.08617500283199293,-0.3667461538277216]","[1.5584321174934421,0.09569455011540554,-0.2936634120326372]",,,7.12343132089494,4.837945400122661,direct same-checkpoint non-reasoning score,1,1,2025-08-06
reasoning_standardization_portable,2025-08-06,2025-08-06,Qwen3 4B 2507 Instruct,alibaba,7.12343132089494,4.02,0.625,0.7533869145276156,0.8736813595513918,22.78310793385431,30.054355046745282,88,88,24,24,2025-08-05,2025-08-05,True,"[1.6956344945067405,0.08617500283199293,-0.3667461538277216]","[1.5584321174934421,0.09569455011540554,-0.2936634120326372]",,,7.12343132089494,0.0,observed non-reasoning,0,0,
reasoning_standardization_portable,2025-08-11,2025-08-11,GLM-4.5V (Reasoning),zai,9.1467288377122,108.0,0.7181818181818181,-0.53238969795135,-0.599995998322425,31.698160314549384,27.12862342779878,110,110,24,24,2025-08-06,2025-08-06,True,"[1.7158403362395445,0.0868145798887573,-0.38666510961577116]","[1.5823607295486986,0.09604531571809563,-0.3146995764114382]",,,6.99849110680714,2.14823773090506,direct same-checkpoint non-reasoning score,1,1,2025-08-11
reasoning_standardization_portable,2025-08-14,2025-08-14,Gemma 3 270M,google,2.40584019270077,0.268,0.09433962264150944,1.5466243268537863,1.6293696229215322,9.435374031416728,11.415749148378465,106,106,24,24,2025-08-11,2025-08-11,True,"[1.6840294741447983,0.0835556522957319,-0.3477867326695909]","[1.5472075643745333,0.09270913015535631,-0.27231240455364375]",,,2.40584019270077,0.0,observed non-reasoning,0,0,
reasoning_standardization_portable,2025-08-18,2025-08-18,NVIDIA Nemotron Nano 9B V2 (Reasoning),nvidia,8.8402703566928,9.0,0.6818181818181818,0.5301425892863875,0.524492585273418,30.50598825551497,30.111687504396453,110,110,24,24,2025-08-14,2025-08-14,True,"[1.7030116932178316,0.08831056860165716,-0.38020846991431645]","[1.5693318972147374,0.09678763166211818,-0.306274275517979]",,,7.38105810507829,1.4592122516145096,direct same-checkpoint non-reasoning score,1,1,2025-08-18
reasoning_standardization_portable,2025-08-20,2025-08-20,Seed-OSS-36B-Instruct,bytedance_seed,18.3353754400112,36.2,0.9565217391304348,0.7407908198181268,0.6633129935119522,199.2963708504024,166.73299985135955,115,115,25,25,2025-08-18,2025-08-18,True,"[1.7279394732110158,0.08865849145559795,-0.40019053245546327]","[1.5871582303359353,0.09782538114461191,-0.32270906361732266]",,,15.178254029265487,3.157121410745715,equal-creator median of strictly earlier other-creator pairs,27,8,2025-08-18
reasoning_standardization_portable,2025-08-21,2025-08-21,DeepSeek V3.1 (Non-reasoning),deepseek,21.0458273828992,685.0,0.9905660377358491,-0.4506713111040286,-0.19818037600371197,242.6717714431162,434.0204525807522,106,106,25,25,2025-08-20,2025-08-20,True,"[1.7466612389811202,0.07991887639799294,-0.3958205738499752]","[1.6173677588000657,0.08949760861946487,-0.3274766966806506]",,,21.0458273828992,0.0,observed non-reasoning,0,0,
reasoning_standardization_portable,2025-08-27,2025-08-27,Hermes 4 - Llama-3.1 405B (Reasoning),nous-research,9.0,406.0,0.6578947368421053,-1.181583913954768,-1.058506300792582,26.7265018882323,35.482951104847764,114,114,25,25,2025-08-21,2025-08-21,True,"[1.7593825826111678,0.08242820712502152,-0.4049391155607479]","[1.6271736622847455,0.09209517766948398,-0.3345642856709794]",,,8.8,0.1999999999999993,direct same-checkpoint non-reasoning score,1,1,2025-08-27
reasoning_standardization_portable,2025-08-27,2025-08-27,Hermes 4 - Llama-3.1 70B (Reasoning),nous-research,9.96987899577156,70.6,0.7280701754385965,-0.34191719467971105,-0.47398770564172854,32.128282243216546,23.703746580820155,114,114,25,25,2025-08-21,2025-08-21,True,"[1.7593825826111678,0.08242820712502152,-0.4049391155607479]","[1.6271736622847455,0.09209517766948398,-0.3345642856709794]",,,6.89759053830903,3.0722884574625304,direct same-checkpoint non-reasoning score,1,1,2025-08-27
reasoning_standardization_portable,2025-09-02,2025-09-02,Apertus 70B Instruct,swiss-ai-initiative,2.39788394873817,70.0,0.11764705882352941,-0.9385914856970135,-0.8648124501991021,8.06318370117487,9.556207907582916,119,119,26,26,2025-08-27,2025-08-27,True,"[1.7355858200081336,0.08162600573139396,-0.3839092006974348]","[1.604241548467317,0.09164168623875407,-0.3160637818670256]",,,2.39788394873817,0.0,observed non-reasoning,0,0,
reasoning_standardization_portable,2025-09-02,2025-09-02,Apertus 8B Instruct,swiss-ai-initiative,1.0,8.0,0.01680672268907563,-0.11068711588622548,-0.0509088394052426,6.200159630991478,7.1151022818618515,119,119,26,26,2025-08-27,2025-08-27,True,"[1.7355858200081336,0.08162600573139396,-0.3839092006974348]","[1.604241548467317,0.09164168623875407,-0.3160637818670256]",,,1.0,0.0,observed non-reasoning,0,0,
reasoning_standardization_portable,2025-09-05,2025-09-05,Kimi K2 0905,kimi,23.5369879030907,1040.0,0.9916666666666667,-0.5626149816458765,-0.2746917555416908,284.72025086706395,552.5118331655453,120,120,26,26,2025-09-02,2025-09-02,True,"[1.706894613452941,0.06852818475089133,-0.3232064053714207]","[1.589221879750472,0.0795676829409733,-0.26877017860194563]",,,23.5369879030907,0.0,observed non-reasoning,0,0,
reasoning_standardization_portable,2025-09-09,2025-09-09,Ling-mini-2.0,inclusionai,3.75250984216971,16.3,0.29508196721311475,-0.1282615113044907,-0.05490448897921918,12.131823772476068,14.364255302070676,122,122,27,27,2025-09-05,2025-09-05,True,"[1.6769450147894063,0.07594539971360662,-0.32656949742678537]","[1.5660480200490219,0.08558001784140162,-0.27148443482942525]",,,3.75250984216971,0.0,observed non-reasoning,0,0,
reasoning_standardization_portable,2025-09-11,2025-09-11,Qwen3 Next 80B A3B (Reasoning),alibaba,16.7202061501106,80.0,0.9191919191919192,0.18170035155937403,0.11982849406794505,121.55990123468945,105.41890020142402,99,99,27,27,2025-09-09,2025-09-09,True,"[1.6533839300175988,0.07429367947904014,-0.30095977441993754]","[1.5521887835746901,0.08412138297000858,-0.25378804935230653]",,,13.7235757002447,2.996630449865899,direct same-checkpoint non-reasoning score,1,1,2025-09-11
reasoning_standardization_portable,2025-09-11,2025-09-11,Qwen3 Next 80B A3B Instruct,alibaba,13.7235757002447,80.0,0.8484848484848485,-0.04093035060009509,0.11982849406794505,72.8047368372085,105.41890020142402,99,99,27,27,2025-09-09,2025-09-09,True,"[1.6533839300175988,0.07429367947904014,-0.30095977441993754]","[1.5521887835746901,0.08412138297000858,-0.25378804935230653]",,,13.7235757002447,0.0,observed non-reasoning,0,0,
reasoning_standardization_portable,2025-09-17,2025-09-17,Ling-flash-2.0,inclusionai,9.74106703126045,103.0,0.717741935483871,-0.4803072845959564,-0.3485971220433932,34.08238202650664,46.15726876369584,124,124,27,27,2025-09-11,2025-09-11,True,"[1.6767443501672503,0.07580895142657623,-0.325653390454379]","[1.566303630955322,0.08542272856807301,-0.2708649923800504]",,,9.74106703126045,0.0,observed non-reasoning,0,0,
reasoning_standardization_portable,2025-09-17,2025-09-17,Magistral Small 1.2,mistral,11.2923034993806,24.0,0.7678571428571429,0.2871185162089407,0.21329529497148547,46.48681135982463,39.21990493816368,112,112,27,27,2025-09-11,2025-09-11,True,"[1.6618997879075972,0.07555906765980636,-0.31278901489560235]","[1.5579323699807057,0.08636867626552855,-0.2653846563024806]",,,8.740343763410225,2.551959735970375,equal-creator median of strictly earlier other-creator pairs,31,10,2025-09-11
reasoning_standardization_portable,2025-09-19,2025-09-19,Ring-flash-2.0,inclusionai,8.16391673848438,103.0,0.592,-0.6041199721180401,-0.7046051584880626,25.62814972623243,20.3344329560426,125,125,27,27,2025-09-17,2025-09-17,True,"[1.6802757687465864,0.07586304991609577,-0.32802474328982884]","[1.5687635947932335,0.08554768052881273,-0.27269352675190583]",,,5.611957002514005,2.551959735970375,equal-creator median of strictly earlier other-creator pairs,31,10,2025-09-11
reasoning_standardization_portable,2025-09-22,2025-09-22,DeepSeek V3.1 Terminus (Reasoning),deepseek,30.4351098355133,685.0,1.0,0.2012083417937176,-0.2138116648567805,1088.676662632363,418.6768101177356,117,117,27,27,2025-09-19,2025-09-19,True,"[1.6132361179556685,0.07204770028450684,-0.28233159702617827]","[1.5111504901289199,0.08137116615982007,-0.23166217365870123]",,,21.405783902167,9.0293259333463,direct same-checkpoint non-reasoning score,1,1,2025-09-22
reasoning_standardization_portable,2025-09-22,2025-09-22,Granite 4.0 H Small,ibm,5.23694356715463,32.0,0.41732283464566927,-0.267124012267117,-0.18207573364257468,17.299197863769805,21.0413812129545,127,127,27,27,2025-09-19,2025-09-19,True,"[1.6367465511424846,0.07312943104609071,-0.2869489488969411]","[1.532027657627575,0.0826105701541452,-0.2355147809994813]",,,5.23694356715463,0.0,observed non-reasoning,0,0,
reasoning_standardization_portable,2025-09-22,2025-09-22,Granite 4.0 Micro,ibm,2.37152412563194,3.0,0.11023622047244094,0.5513582178661653,0.6092390561627068,10.677743217993763,12.200013489778154,127,127,27,27,2025-09-19,2025-09-19,True,"[1.6367465511424846,0.07312943104609071,-0.2869489488969411]","[1.532027657627575,0.0826105701541452,-0.2355147809994813]",,,2.37152412563194,0.0,observed non-reasoning,0,0,
reasoning_standardization_portable,2025-09-22,2025-09-22,Qwen3 Omni 30B A3B (Reasoning),alibaba,9.63183764378847,35.3,0.7450980392156863,0.020246851091884954,-0.23109276538314627,36.9846536890109,20.73394489673813,102,102,27,27,2025-09-19,2025-09-19,True,"[1.6299874712948057,0.0739716419842098,-0.28428885409843574]","[1.524661515994632,0.08331734688561268,-0.23276202720912315]",,,5.11420251423705,4.5176351295514205,direct same-checkpoint non-reasoning score,1,1,2025-09-22
reasoning_standardization_portable,2025-09-22,2025-09-22,Qwen3 Omni 30B A3B Instruct,alibaba,5.11420251423705,35.3,0.46078431372549017,-0.3139300373265821,-0.23109276538314627,17.1334439457192,20.73394489673813,102,102,27,27,2025-09-19,2025-09-19,True,"[1.6299874712948057,0.0739716419842098,-0.28428885409843574]","[1.524661515994632,0.08331734688561268,-0.23276202720912315]",,,5.11420251423705,0.0,observed non-reasoning,0,0,
reasoning_standardization_portable,2025-09-23,2025-09-23,LFM2 2.6B,liquidai,2.70961931827752,2.57,0.1590909090909091,0.7693765637171835,0.8089765821732421,15.11157347317557,16.55425746863715,132,132,27,27,2025-09-22,2025-09-22,True,"[1.576260621820847,0.06412904241152076,-0.20929126696252978]","[1.4829609327001252,0.07481278830262704,-0.17117074666419202]",,,2.70961931827752,0.0,observed non-reasoning,0,0,
reasoning_standardization_portable,2025-09-23,2025-09-23,Qwen3 VL 235B A22B (Reasoning),alibaba,20.6044533859359,235.0,0.9619047619047619,-0.005974145622083871,-0.28875321262558584,231.78947758180686,120.86892224653698,105,105,27,27,2025-09-22,2025-09-22,True,"[1.6384428706205814,0.07306086615838328,-0.28557282664747197]","[1.5329371692190403,0.0838168677841551,-0.23844274214258826]",,,14.3119980357684,6.292455350167501,direct same-checkpoint non-reasoning score,1,1,2025-09-23
reasoning_standardization_portable,2025-09-29,2025-09-29,DeepSeek V3.2 Exp (Reasoning),deepseek,25.4456286220356,685.0,1.0,-0.17958376678586196,-0.23748782931450219,453.00897330963204,396.4630723600699,123,123,27,27,2025-09-23,2025-09-23,True,"[1.6216094693572225,0.07047186243580561,-0.27656332836020603]","[1.5263432172755225,0.07993499042710751,-0.23078821764244914]",,,21.3296698546181,4.115958767417499,direct same-checkpoint non-reasoning score,1,1,2025-09-29
reasoning_standardization_portable,2025-09-30,2025-09-30,Apriel-v1.5-15B-Thinker,servicenow,21.2340217329647,15.0,0.9705882352941176,1.2099044577534568,1.1533358791320771,243.2180021795485,213.51438417984542,136,136,28,28,2025-09-29,2025-09-29,True,"[1.6459281236703134,0.07217757418857561,-0.2886139899985901]","[1.5421718942824518,0.08311127376131315,-0.24282716892408612]",,,17.495511828200968,3.7385099047637294,equal-creator median of strictly earlier other-creator pairs,38,11,2025-09-29
reasoning_standardization_portable,2025-09-30,2025-09-30,GLM-4.6 (Reasoning),zai,28.6958810162247,357.0,0.9924812030075187,0.3515431457649645,0.21043492059113644,802.0683179880557,579.5663160941644,133,133,27,27,2025-09-29,2025-09-29,True,"[1.659146131885369,0.07181821343248654,-0.29708760487933467]","[1.5589568578070807,0.08275972141588618,-0.2540058989982308]",,,22.978120124402,5.717760891822699,direct same-checkpoint non-reasoning score,1,1,2025-09-30
reasoning_standardization_portable,2025-10-03,2025-10-03,Qwen3 VL 30B A3B (Reasoning),alibaba,13.3359417846299,30.0,0.8256880733944955,0.24480728725441536,0.15783514038292235,52.71431191146142,43.14757527670751,109,109,28,28,2025-09-30,2025-09-30,True,"[1.7209145282584217,0.06042078054246297,-0.29218329804715537]","[1.6311320216630265,0.07223706903780071,-0.26134233062191936]",,,10.017485295516,3.318456489113901,direct same-checkpoint non-reasoning score,1,1,2025-10-03
reasoning_standardization_portable,2025-10-03,2025-10-03,Qwen3 VL 30B A3B Instruct,alibaba,10.017485295516,30.0,0.7431192660550459,0.04430355598595237,0.15783514038292235,33.22192631943813,43.14757527670751,109,109,28,28,2025-09-30,2025-09-30,True,"[1.7209145282584217,0.06042078054246297,-0.29218329804715537]","[1.6311320216630265,0.07223706903780071,-0.26134233062191936]",,,10.017485295516,0.0,observed non-reasoning,0,0,
reasoning_standardization_portable,2025-10-07,2025-10-07,LFM2 8B A1B,liquidai,1.78196778459044,8.34,0.06521739130434782,0.21696900241702777,0.22319054901657387,13.744693288704685,13.943011952230433,138,138,28,28,2025-10-03,2025-10-03,True,"[1.646788357542577,0.05372858491596144,-0.21856990775115365]","[1.5677521131047616,0.06536329583775007,-0.19523545548410146]",,,1.78196778459044,0.0,observed non-reasoning,0,0,
reasoning_standardization_portable,2025-10-08,2025-10-08,Jamba Reasoning 3B,ai21-labs,4.12816114339835,3.0,0.2962962962962963,0.6420524562024748,0.40144888106100146,13.157510065416922,7.560841532341541,135,135,28,28,2025-10-07,2025-10-07,True,"[1.693049345072692,0.06257167533924196,-0.30064720754684837]","[1.5988597547105359,0.0742991140109027,-0.26546195508722903]",,,0.1951618320344699,3.9329993113638797,equal-creator median of strictly earlier other-creator pairs,40,11,2025-10-03
reasoning_standardization_portable,2025-10-08,2025-10-08,Ling-1T,inclusionai,12.7539983059008,1000.0,0.7898550724637681,-1.338349919471332,-1.1887959967616673,45.88281771204757,64.74466725732462,138,138,28,28,2025-10-07,2025-10-07,True,"[1.739174044691975,0.06056057753497895,-0.3070533076020526]","[1.6477497590674433,0.07263735229956295,-0.27563998552625435]",,,12.7539983059008,0.0,observed non-reasoning,0,0,
reasoning_standardization_portable,2025-10-13,2025-10-13,Ring-1T,inclusionai,16.1614798571483,1000.0,0.8705035971223022,-1.1434196568956638,-1.2375493155911002,71.8754113317611,57.869627172067354,139,139,28,28,2025-10-08,2025-10-08,True,"[1.7486718023722199,0.06171729454003362,-0.3197858196655341]","[1.651939113669919,0.07373703185379674,-0.2844277563781533]",,,12.228480545784421,3.9329993113638797,equal-creator median of strictly earlier other-creator pairs,40,11,2025-10-03
reasoning_standardization_portable,2025-10-14,2025-10-14,Qwen3 VL 4B (Reasoning),alibaba,7.90202507801192,4.44,0.6017699115044248,0.763629358564291,0.5780714579189541,25.763942942135696,16.80561569533391,113,113,28,28,2025-10-13,2025-10-13,True,"[1.6835915059647195,0.060659615218683356,-0.2700454426767225]","[1.5911944550779444,0.07268569635952522,-0.23810376686039747]",,,4.08931533044794,3.8127097475639795,direct same-checkpoint non-reasoning score,1,1,2025-10-14
reasoning_standardization_portable,2025-10-14,2025-10-14,Qwen3 VL 4B Instruct,alibaba,4.08931533044794,4.44,0.336283185840708,0.5323518523365369,0.5780714579189541,15.126373593038107,16.80561569533391,113,113,28,28,2025-10-13,2025-10-13,True,"[1.6835915059647195,0.060659615218683356,-0.2700454426767225]","[1.5911944550779444,0.07268569635952522,-0.23810376686039747]",,,4.08931533044794,0.0,observed non-reasoning,0,0,
reasoning_standardization_portable,2025-10-14,2025-10-14,Qwen3 VL 8B (Reasoning),alibaba,10.5801122882981,8.77,0.7610619469026548,0.6304644750109074,0.5975138058100249,37.45105603910057,34.71469861592465,113,113,28,28,2025-10-13,2025-10-13,True,"[1.6835915059647195,0.060659615218683356,-0.2700454426767225]","[1.5911944550779444,0.07268569635952522,-0.23810376686039747]",,,8.42385413137124,2.15625815692686,direct same-checkpoint non-reasoning score,1,1,2025-10-14
reasoning_standardization_portable,2025-10-14,2025-10-14,Qwen3 VL 8B Instruct,alibaba,8.42385413137124,8.77,0.6371681415929203,0.499666684899577,0.5975138058100249,27.71189841130817,34.71469861592465,113,113,28,28,2025-10-13,2025-10-13,True,"[1.6835915059647195,0.060659615218683356,-0.2700454426767225]","[1.5911944550779444,0.07268569635952522,-0.23810376686039747]",,,8.42385413137124,0.0,observed non-reasoning,0,0,
reasoning_standardization_portable,2025-10-21,2025-10-21,Qwen3 VL 32B (Reasoning),alibaba,17.9317412937176,33.4,0.9026548672566371,0.4904891793700843,0.20393687556139994,103.3321929389073,53.41747339419802,113,113,28,28,2025-10-13,2025-10-13,True,"[1.6835915059647195,0.060659615218683356,-0.2700454426767225]","[1.5911944550779444,0.07268569635952522,-0.23810376686039747]",,,11.0616934986541,6.870047795063501,direct same-checkpoint non-reasoning score,1,1,2025-10-21
reasoning_standardization_portable,2025-10-21,2025-10-21,Qwen3 VL 32B Instruct,alibaba,11.0616934986541,33.4,0.7787610619469026,0.07375472358756885,0.20393687556139994,39.58231497836285,53.41747339419802,113,113,28,28,2025-10-13,2025-10-13,True,"[1.6835915059647195,0.060659615218683356,-0.2700454426767225]","[1.5911944550779444,0.07268569635952522,-0.23810376686039747]",,,11.0616934986541,0.0,observed non-reasoning,0,0,
reasoning_standardization_portable,2025-10-26,2025-10-26,MiniMax-M2,minimax,28.3148278049522,230.0,0.9864864864864865,0.19947222875240822,0.26202924440591957,364.0827180881252,420.49136369474996,148,148,28,28,2025-10-21,2025-10-21,True,"[1.7042882166144921,0.05878159398696627,-0.2866196841217992]","[1.6174455634351348,0.0714945152884974,-0.26155147601668577]",,,24.38182849358832,3.9329993113638797,equal-creator median of strictly earlier other-creator pairs,44,11,2025-10-21
reasoning_standardization_portable,2025-10-28,2025-10-28,Granite 4.0 1B,ibm,2.06682085198855,1.6,0.06756756756756757,0.8528289660861501,0.8722103071358345,11.401157592296913,11.921483164065943,148,148,28,28,2025-10-26,2025-10-26,True,"[1.6862632409117422,0.05796418390450942,-0.26538755941533987]","[1.5980249863384552,0.06976512623605188,-0.23590215553732924]",,,2.06682085198855,0.0,observed non-reasoning,0,0,
reasoning_standardization_portable,2025-10-28,2025-10-28,Granite 4.0 350M,ibm,1.0,0.35,0.02027027027027027,1.4510435043339696,1.45783535403125,9.88807037464176,10.0439235497626,148,148,28,28,2025-10-26,2025-10-26,True,"[1.6862632409117422,0.05796418390450942,-0.26538755941533987]","[1.5980249863384552,0.06976512623605188,-0.23590215553732924]",,,1.0,0.0,observed non-reasoning,0,0,
reasoning_standardization_portable,2025-10-28,2025-10-28,Granite 4.0 H 1B,ibm,2.65758895076629,1.5,0.13513513513513514,0.9151010804088636,0.9414540417235394,12.336510691603376,13.108267661318692,148,148,28,28,2025-10-26,2025-10-26,True,"[1.6862632409117422,0.05796418390450942,-0.26538755941533987]","[1.5980249863384552,0.06976512623605188,-0.23590215553732924]",,,2.65758895076629,0.0,observed non-reasoning,0,0,
reasoning_standardization_portable,2025-10-28,2025-10-28,Granite 4.0 H 350M,ibm,1.0,0.34,0.02027027027027027,1.4636326316419899,1.4704244813392706,9.88807037464176,10.0439235497626,148,148,28,28,2025-10-26,2025-10-26,True,"[1.6862632409117422,0.05796418390450942,-0.26538755941533987]","[1.5980249863384552,0.06976512623605188,-0.23590215553732924]",,,1.0,0.0,observed non-reasoning,0,0,
reasoning_standardization_portable,2025-10-28,2025-10-28,NVIDIA Nemotron Nano 12B v2 VL (Reasoning),nvidia,8.95902880241623,13.2,0.6027397260273972,0.3340585866982029,0.12140573837443358,28.4860687367403,17.457404284965335,146,146,28,28,2025-10-26,2025-10-26,True,"[1.688238536462365,0.05919468272449242,-0.2706367474539174]","[1.6013989628564669,0.07088647388569244,-0.2423007108792736]",,,4.57814812742313,4.380880674993099,direct same-checkpoint non-reasoning score,1,1,2025-10-28
reasoning_standardization_portable,2025-10-30,2025-10-30,Kimi Linear 48B A3B Instruct,kimi,8.52715848314644,49.1,0.6038961038961039,-0.3648834979994362,-0.2526733413070932,21.193271127026094,27.4415191987143,154,154,28,28,2025-10-28,2025-10-28,True,"[1.7934753312711125,0.05853905818312864,-0.3417188354812275]","[1.6902335527796937,0.07031786479565262,-0.30105262021238577]",,,8.52715848314644,0.0,observed non-reasoning,0,0,
reasoning_standardization_portable,2025-11-06,2025-11-06,Kimi K2 Thinking,kimi,32.7026871189548,1040.0,1.0,-0.282171694034671,-0.16741606754403326,543.077293868552,707.3221718251973,154,154,28,28,2025-10-28,2025-10-28,True,"[1.7934753312711125,0.05853905818312864,-0.3417188354812275]","[1.6902335527796937,0.07031786479565262,-0.30105262021238577]",,,28.678208079564108,4.024479039390689,equal-creator median of strictly earlier other-creator pairs,46,12,2025-10-29
reasoning_standardization_portable,2025-11-20,2025-11-20,Olmo 3 32B Think,ai2,6.40484835766603,32.2,0.45454545454545453,-0.3170258818785705,-0.5247532448247296,15.517794269488068,9.6183954104673,154,154,28,28,2025-11-06,2025-11-06,True,"[1.7816749302020707,0.06172141230657839,-0.34174135486375534]","[1.6851493779105806,0.07329142766215835,-0.3037422523377117]",,,2.3803693182753403,4.024479039390689,equal-creator median of strictly earlier other-creator pairs,48,12,2025-11-19
reasoning_standardization_portable,2025-11-20,2025-11-20,Olmo 3 7B Instruct,ai2,2.80685761769941,7.0,0.18831168831168832,0.12365887986627278,0.16926252320284052,9.305868684232957,10.336191886980174,154,154,28,28,2025-11-06,2025-11-06,True,"[1.7816749302020707,0.06172141230657839,-0.34174135486375534]","[1.6851493779105806,0.07329142766215835,-0.3037422523377117]",,,2.80685761769941,0.0,observed non-reasoning,0,0,
reasoning_standardization_portable,2025-11-20,2025-11-20,Olmo 3 7B Think,ai2,3.97391458412243,7.0,0.2857142857142857,0.19569128407613257,-0.0401620199583238,10.984728418580142,6.381694646083589,154,154,28,28,2025-11-06,2025-11-06,True,"[1.7816749302020707,0.06172141230657839,-0.34174135486375534]","[1.6851493779105806,0.07329142766215835,-0.3037422523377117]",,,-0.050564455268259145,4.024479039390689,equal-creator median of strictly earlier other-creator pairs,48,12,2025-11-19
reasoning_standardization_portable,2025-11-25,2025-11-25,Apriel-v1.6-15B-Thinker,servicenow,20.5449792399318,15.0,0.94375,1.0106764901361012,0.9551071007598364,153.73322901028942,135.26902503463623,160,160,28,28,2025-11-20,2025-11-20,True,"[1.7206731352882647,0.06887241140290067,-0.3272721564129665]","[1.6062417562716371,0.08019574485997778,-0.27589212744156494]",,,16.520500200541107,4.024479039390689,equal-creator median of strictly earlier other-creator pairs,49,12,2025-11-24
reasoning_standardization_portable,2025-11-27,2025-11-27,INTELLECT-3,prime-intellect,15.6118723003247,107.0,0.8580246913580247,-0.27209919665681914,-0.36994742543971837,57.18532333583097,45.64953439117808,162,162,29,29,2025-11-25,2025-11-25,True,"[1.7874991465559855,0.06282951418654847,-0.34807220564535]","[1.6809605614869085,0.07423915149352486,-0.3035473477302489]",,,11.587393260934011,4.024479039390689,equal-creator median of strictly earlier other-creator pairs,50,12,2025-11-26
reasoning_standardization_portable,2025-12-01,2025-12-01,DeepSeek V3.2 Speciale,deepseek,22.2410838975301,685.0,0.9666666666666667,-0.677029775728601,-0.6923083543038882,144.09894319622998,139.11764497442866,150,150,29,29,2025-11-27,2025-11-27,True,"[1.7366385045038055,0.061044677654739934,-0.3208978488738936]","[1.6277765744677215,0.07124019873367432,-0.27047909406626414]",,,18.30808458616622,3.9329993113638797,equal-creator median of strictly earlier other-creator pairs,48,11,2025-11-27
reasoning_standardization_portable,2025-12-01,2025-12-02,DeepSeek V3.2 (Reasoning),deepseek,32.039941106813,685.0,0.9933333333333333,-0.07886169600310211,-0.239745729529528,571.253502018209,394.4072067832552,150,150,29,29,2025-11-27,2025-11-27,True,"[1.7366385045038055,0.061044677654739934,-0.3208978488738936]","[1.6277765744677215,0.07124019873367432,-0.27047909406626414]",,,24.6607146015067,7.3792265053062955,direct same-checkpoint non-reasoning score,1,1,2025-12-01
reasoning_standardization_portable,2025-12-02,2025-12-02,Ministral 3 14B,mistral,11.0525122563915,14.0,0.7266666666666667,0.345145573319656,0.5057517668654541,30.99371312981586,44.86212101582183,150,150,29,29,2025-12-01,2025-12-01,True,"[1.7607821630598424,0.06361089300901891,-0.33323708081790016]","[1.6450801399544512,0.0751644400902257,-0.282317086316092]",,,11.0525122563915,0.0,observed non-reasoning,0,0,
reasoning_standardization_portable,2025-12-02,2025-12-02,Ministral 3 3B,mistral,6.80100025864863,3.0,0.5,0.7437098794632495,0.8551960289768099,16.627659948276396,21.494001937874504,150,150,29,29,2025-12-01,2025-12-01,True,"[1.7607821630598424,0.06361089300901891,-0.33323708081790016]","[1.6450801399544512,0.0751644400902257,-0.282317086316092]",,,6.80100025864863,0.0,observed non-reasoning,0,0,
reasoning_standardization_portable,2025-12-02,2025-12-02,Ministral 3 8B,mistral,8.95728282101135,8.0,0.6133333333333333,0.45490420656263697,0.5913030681808398,22.803115844077407,31.2171359095336,150,150,29,29,2025-12-01,2025-12-01,True,"[1.7607821630598424,0.06361089300901891,-0.33323708081790016]","[1.6450801399544512,0.0751644400902257,-0.282317086316092]",,,8.95728282101135,0.0,observed non-reasoning,0,0,
reasoning_standardization_portable,2025-12-02,2025-12-02,Mistral Large 3,mistral,15.9300825619952,675.0,0.84,-1.0277635609794062,-0.8108041292659194,63.31989876571508,104.35172762910256,150,150,29,29,2025-12-01,2025-12-01,True,"[1.7607821630598424,0.06361089300901891,-0.33323708081790016]","[1.6450801399544512,0.0751644400902257,-0.282317086316092]",,,15.9300825619952,0.0,observed non-reasoning,0,0,
reasoning_standardization_portable,2025-12-04,2025-12-04,Motif-2-12.7B-Reasoning,motif-technologies,12.7862303747711,12.703860896,0.7751479289940828,0.48615398763518636,0.30901763196739607,38.91255229389527,25.87934985159362,169,169,30,30,2025-12-02,2025-12-02,True,"[1.7657614208764705,0.0641107338802226,-0.3404233680497529]","[1.6529563127134541,0.07564338630189008,-0.29175356479339554]",,,8.105026643823784,4.681203730947315,equal-creator median of strictly earlier other-creator pairs,52,12,2025-12-01
reasoning_standardization_portable,2025-12-05,2025-12-05,K2-V2 (high),mbzuai,14.1865468448371,70.0,0.8058823529411765,-0.1975632547323527,-0.3482524998630705,44.41552350304069,31.393919487481785,170,170,31,31,2025-12-04,2025-12-04,True,"[1.806949300762343,0.0643816818052857,-0.3665375183317869]","[1.6794710240129564,0.07643179953775577,-0.3106285412423631]",,,9.505343113889785,4.681203730947315,equal-creator median of strictly earlier other-creator pairs,52,12,2025-12-01
reasoning_standardization_portable,2025-12-08,2025-12-08,GLM-4.6V (Reasoning),zai,16.7520987906239,108.0,0.8802395209580839,-0.22089047263743034,-0.4173008211619478,64.94313998791256,41.31644385513811,167,167,31,31,2025-12-05,2025-12-05,True,"[1.7968978370729474,0.06461419155734716,-0.36347413353506036]","[1.6581459585012976,0.07578925628493267,-0.2978371106430696]",,,10.9794158342048,5.7726829564191,direct same-checkpoint non-reasoning score,1,1,2025-12-08
reasoning_standardization_portable,2025-12-09,2025-12-10,Devstral 2,mistral,19.1572180630673,125.0,0.8896103896103896,-0.11636859317149284,0.16506820870003747,95.61838845083156,182.80085458508543,154,154,31,31,2025-12-08,2025-12-08,True,"[1.7856923691918314,0.06398464097426429,-0.35092548361631254]","[1.6385493788239025,0.0756445864587509,-0.2810726383928943]",,,19.1572180630673,0.0,observed non-reasoning,0,0,
reasoning_standardization_portable,2025-12-09,2025-12-10,Devstral Small 2,mistral,17.4365127569799,24.0,0.8571428571428571,0.49023146689244346,0.7516049387001282,74.20662991464567,135.46159359234966,154,154,31,31,2025-12-08,2025-12-08,True,"[1.7856923691918314,0.06398464097426429,-0.35092548361631254]","[1.6385493788239025,0.0756445864587509,-0.2810726383928943]",,,17.4365127569799,0.0,observed non-reasoning,0,0,
reasoning_standardization_portable,2025-12-11,2025-12-11,Molmo2-8B,ai2,2.02725634867986,8.66,0.07784431137724551,-0.06873042883440694,0.006226221817971278,7.392434125435149,8.78504749604657,167,167,31,31,2025-12-10,2025-12-10,True,"[1.7967528001245774,0.06420980996049823,-0.3595198498967315]","[1.6627984815413164,0.07544388197078436,-0.2962766848374127]",,,2.02725634867986,0.0,observed non-reasoning,0,0,
reasoning_standardization_portable,2025-12-12,2025-12-12,Olmo 3.1 32B Think,ai2,8.08969451731817,32.2,0.5029940119760479,-0.25078471751138376,-0.5190026354194939,18.07470235081756,9.7466020932192,167,167,31,31,2025-12-10,2025-12-10,True,"[1.7967528001245774,0.06420980996049823,-0.3595198498967315]","[1.6627984815413164,0.07544388197078436,-0.2962766848374127]",,,2.6359244420527936,5.453770075265377,equal-creator median of strictly earlier other-creator pairs,54,12,2025-12-11
reasoning_standardization_portable,2025-12-15,2025-12-15,NVIDIA Nemotron 3 Nano 30B A3B (Reasoning),nvidia,14.1772902141795,31.6,0.7823529411764706,0.16104640288126681,-0.1356987722218368,45.78608239711072,23.12002558768329,170,170,31,31,2025-12-12,2025-12-12,True,"[1.7818387610379527,0.06377714192164181,-0.3470695291219572]","[1.6448614084496216,0.07438186995766852,-0.28116575687975126]",,,7.39064764386618,6.78664257031332,direct same-checkpoint non-reasoning score,1,1,2025-12-15
reasoning_standardization_portable,2025-12-16,2025-12-16,MiMo-V2-Flash (Feb 2026),xiaomi,33.2191627306191,309.0,1.0,0.37914177247050285,0.3917177592417498,739.7760241521062,761.5111009641388,177,177,32,32,2025-12-15,2025-12-15,True,"[1.7919262494015515,0.06414964872044832,-0.35639729285027916]","[1.6456829194307572,0.07478726777898582,-0.2842539646964615]",,,27.765392655353722,5.453770075265377,equal-creator median of strictly earlier other-creator pairs,55,12,2025-12-15
reasoning_standardization_portable,2025-12-17,2025-12-17,Solar Open 100B (Reasoning),upstage,15.1486437579736,102.0,0.8192090395480226,-0.3466870689800101,-0.5316998162129538,45.91061419065794,29.98474470592354,177,177,32,32,2025-12-16,2025-12-16,True,"[2.0020749726304516,0.062265770122803286,-0.43363853142500347]","[1.860065520053095,0.07248305388142226,-0.3633676185352546]",,,9.55069731206225,5.597946445911351,equal-creator median of strictly earlier other-creator pairs,54,12,2025-12-16
reasoning_standardization_portable,2025-12-23,2025-12-23,MiniMax-M2.1,minimax,31.3574194809546,230.0,0.9829545454545454,0.28189201708008227,0.2606383167930608,440.1694054875887,419.14679802063097,176,176,32,32,2025-12-17,2025-12-17,True,"[1.8735381734282561,0.06047187717491554,-0.37840852261022434]","[1.7282133601549277,0.07053554016952147,-0.3065873544009286]",,,25.6121975568337,5.7452219241209,equal-creator median of strictly earlier other-creator pairs,58,13,2025-12-22
reasoning_standardization_portable,2025-12-26,2025-12-26,HyperCLOVA X SEED Think (32B),naver,17.0238610537435,32.0,0.8555555555555555,0.2752423838203406,0.11125914029530448,60.3104212838103,41.34367886350051,180,180,33,33,2025-12-23,2025-12-23,True,"[1.8822382304011986,0.06039856354843351,-0.3786746538248899]","[1.736910131197568,0.07017495571315338,-0.30559663749221816]",,,11.278639129622599,5.7452219241209,equal-creator median of strictly earlier other-creator pairs,58,13,2025-12-22
reasoning_standardization_portable,2025-12-22,2025-12-27,GLM-4.7 (Reasoning),zai,33.70492387461,357.0,1.0,0.20213151467098234,0.11345544174387268,568.5906722324321,463.5788970339763,176,176,33,33,2025-12-26,2025-12-26,True,"[1.9071441452075908,0.05988466119675344,-0.39375441986310034]","[1.75472524283614,0.06987155268606768,-0.3175740638675582]",,,26.5579223429147,7.147001531695302,direct same-checkpoint non-reasoning score,1,1,2025-12-22
reasoning_standardization_portable,2026-01-04,2026-01-04,Falcon-H1R-7B,tii-uae,9.78848664324063,7.0,0.6318681318681318,0.47294261867357845,0.24821820575699383,20.798913976058817,12.396989854114466,182,182,34,34,2025-12-27,2025-12-27,True,"[1.9035180375239964,0.05944562976819985,-0.38796932497515746]","[1.74880786115598,0.06976715626728953,-0.31160201913837393]",,,4.04326471911973,5.7452219241209,equal-creator median of strictly earlier other-creator pairs,59,13,2025-12-31
reasoning_standardization_portable,2026-01-05,2026-01-05,LFM2.5-1.2B-Instruct,liquidai,2.70579873442983,1.17,0.14444444444444443,0.8415520117485348,0.9588473616355785,8.123400652260369,10.642244279210294,180,180,34,34,2026-01-04,2026-01-04,True,"[1.9229607898751064,0.0578985835883478,-0.3884549403354498]","[1.7538213171458172,0.0677758827048255,-0.3022198007846439]",,,2.70579873442983,0.0,observed non-reasoning,0,0,
reasoning_standardization_portable,2026-01-05,2026-01-05,LFM2.5-VL-1.6B,liquidai,1.00833260126154,1.6,0.027777777777777776,0.6073370060391379,0.7078659751887877,6.478239334299193,8.165559690173986,180,180,34,34,2026-01-04,2026-01-04,True,"[1.9229607898751064,0.0578985835883478,-0.3884549403354498]","[1.7538213171458172,0.0677758827048255,-0.3022198007846439]",,,1.00833260126154,0.0,observed non-reasoning,0,0,
reasoning_standardization_portable,2025-12-31,2026-01-08,K-EXAONE (Reasoning),lg,22.1029351957245,236.0,0.9344262295081968,-0.3352547305820246,-0.3973932218329379,109.05793557195447,94.51892664240984,183,183,34,34,2026-01-05,2026-01-05,True,"[1.9544139090494808,0.059282849485886434,-0.4093073613089466]","[1.7862532565466152,0.06965539897178259,-0.32572973193787]",,,16.736475392585,5.366459803139499,direct same-checkpoint non-reasoning score,1,1,2025-12-31
reasoning_standardization_portable,2026-01-13,2026-01-13,Olmo 3.1 32B Instruct,ai2,6.46912768036033,32.2,0.4067796610169492,-0.4386922788053613,-0.27686426582028334,11.726369989508372,17.021256090769267,177,177,34,34,2026-01-08,2026-01-08,True,"[1.960509254181454,0.061692143657121896,-0.42539098885879484]","[1.78582839470931,0.07229413198792894,-0.337070619403829]",,,6.46912768036033,0.0,observed non-reasoning,0,0,
reasoning_standardization_portable,2026-01-19,2026-01-19,GLM-4.7-Flash (Reasoning),zai,22.889582024901,31.2,0.9502762430939227,0.5837495745822916,0.3830698360425058,119.64764877327718,75.37449753799804,181,181,34,34,2026-01-13,2026-01-13,True,"[1.9507455353913496,0.06191384319175608,-0.4229632243057808]","[1.776035446771165,0.0721094564892478,-0.33365869556093347]",,,15.5158094427037,7.373772582197299,direct same-checkpoint non-reasoning score,1,1,2026-01-19
reasoning_standardization_portable,2026-01-20,2026-01-20,LFM2.5-1.2B-Thinking,liquidai,2.74557989090055,1.17,0.14754098360655737,0.8510899235486858,0.579814788808702,8.30377905963012,4.44631933508541,183,183,34,34,2026-01-19,2026-01-19,True,"[1.907793949856845,0.057270960673713164,-0.3753263671394976]","[1.7391747246731943,0.06751741253314839,-0.29104886996073875]",,,-3.0020127454613474,5.747592636361897,equal-creator median of strictly earlier other-creator pairs,60,13,2026-01-19
reasoning_standardization_portable,2026-01-20,2026-01-20,Step3 VL 10B,stepfun,9.47427987918561,10.2,0.6117021276595744,0.2427662920122169,0.02505914402610654,17.838833983722107,10.805859483429087,188,188,35,35,2026-01-19,2026-01-19,True,"[1.95333902580393,0.0611455406837685,-0.4197205769422594]","[1.7767794056119988,0.071775332826351,-0.331052218061069]",,,3.726687242823713,5.747592636361897,equal-creator median of strictly earlier other-creator pairs,60,13,2026-01-19
reasoning_standardization_portable,2025-12-15,2026-01-27,K2 Think V2,mbzuai,17.2613662319887,70.0,0.8465608465608465,-0.1004389166967159,-0.21580171944025706,55.54681005626263,42.588889943962606,189,189,35,35,2026-01-20,2026-01-20,True,"[1.9968487146853853,0.06222083247715939,-0.44893123528043716]","[1.8013024839001766,0.07243517238403903,-0.34774624048668173]",,,11.807596156723323,5.453770075265377,equal-creator median of strictly earlier other-creator pairs,54,12,2025-12-11
reasoning_standardization_portable,2026-01-27,2026-01-27,Kimi K2.5 (Reasoning),kimi,35.372583556797,1040.0,1.0,-0.25543876953879385,-0.20130032841930534,577.5566248183165,654.2338502291603,186,186,35,35,2026-01-20,2026-01-20,True,"[1.9796592233901797,0.05981809299486385,-0.4342585335880638]","[1.7825531585439789,0.06958711563301327,-0.3296337947831971]",,,29.3987116992674,5.973871857529598,direct same-checkpoint non-reasoning score,1,1,2026-01-27
reasoning_standardization_portable,2026-01-28,2026-01-28,LongCat Flash Lite,longcat,17.2165235596296,68.5,0.8385416666666666,-0.1364641867417593,0.16298859931968757,50.029525600225455,99.69632985351555,192,192,36,36,2026-01-27,2026-01-27,True,"[1.9821792414504935,0.06256409889405656,-0.4423620286090749]","[1.7765457746594377,0.07243905740140533,-0.333380991764641]",,,17.2165235596296,0.0,observed non-reasoning,0,0,
reasoning_standardization_portable,2026-02-02,2026-02-02,Step 3.5 Flash,stepfun,25.5,196.0,0.953125,-0.06833684462936551,-0.12646641425082583,167.46313868336293,146.48382004986212,192,192,36,36,2026-01-29,2026-01-29,True,"[1.9535303227356184,0.06189151229883865,-0.4234842747601538]","[1.7852239753584145,0.07191179633437125,-0.33641962224763783]",,,19.7398622036095,5.760137796390499,equal-creator median of strictly earlier other-creator pairs,61,14,2026-01-27
reasoning_standardization_portable,2026-02-03,2026-02-04,Qwen3 Coder Next,alibaba,21.1086120792868,79.7,0.89171974522293,0.04907301632603356,0.3661040706621783,89.23420066757245,185.1664890874309,157,157,36,36,2026-02-02,2026-02-02,True,"[1.966418034016539,0.06182049780631202,-0.42731066696987113]","[1.787142154262914,0.07150610474403278,-0.3328900756571188]",,,21.1086120792868,0.0,observed non-reasoning,0,0,
reasoning_standardization_portable,2026-02-10,2026-02-10,Tri-21B-Think,trillionlabs,12.364259098709,21.0,0.7025641025641025,0.07290202580603666,-0.10765610377806611,24.83826867577892,16.38940513965407,195,195,37,37,2026-02-04,2026-02-04,True,"[1.9623987907508238,0.062392062923372356,-0.43042561572921667]","[1.7834511579407968,0.07209643888966363,-0.3359983605008784]",,,6.604121302318502,5.760137796390499,equal-creator median of strictly earlier other-creator pairs,62,14,2026-02-05
reasoning_standardization_portable,2026-02-10,2026-02-10,Tri-21B-think Preview,trillionlabs,13.6193030590372,21.0,0.7333333333333333,0.15120680755043225,-0.017171903588422577,29.745830733184675,20.18586624166316,195,195,37,37,2026-02-04,2026-02-04,True,"[1.9623987907508238,0.062392062923372356,-0.43042561572921667]","[1.7834511579407968,0.07209643888966363,-0.3359983605008784]",,,7.859165262646702,5.760137796390499,equal-creator median of strictly earlier other-creator pairs,62,14,2026-02-05
reasoning_standardization_portable,2026-02-11,2026-02-11,GLM-5 (Reasoning),zai,39.5,744.0,1.0,0.2316742915416552,0.20359586432029175,1268.3736965774451,1188.9642595793816,190,190,37,37,2026-02-10,2026-02-10,True,"[1.9686574171189515,0.06334225569145126,-0.4392731293891179]","[1.7766986587357525,0.07218774328901598,-0.33442582193696313]",,,32.4087764811754,7.091223518824599,direct same-checkpoint non-reasoning score,1,1,2026-02-11
reasoning_standardization_portable,2026-02-12,2026-02-12,MiniMax-M2.5,minimax,33.6520929448647,228.703644928,0.9845360824742269,0.3500378716207502,0.37840518015895475,512.0483343822449,546.6108730472494,194,194,37,37,2026-02-11,2026-02-11,True,"[1.9592581332010612,0.062417567954939315,-0.43343074043828894]","[1.7671851557896885,0.07195265419668215,-0.3313205671793726]",,,27.83469316837155,5.817399776493148,equal-creator median of strictly earlier other-creator pairs,63,14,2026-02-11
reasoning_standardization_portable,2026-02-16,2026-02-17,Qwen3.5 397B A17B (Reasoning),alibaba,33.6817059499116,397.0,0.9813664596273292,0.0936792109889013,0.4118645974701387,492.57199636150557,1024.8377262175668,161,161,37,37,2026-02-12,2026-02-12,True,"[1.9748671717714616,0.06133143044365391,-0.4311819938345856]","[1.7846824689236345,0.07053752447636301,-0.3293061127716721]",,,31.9771578903825,1.7045480595291025,direct same-checkpoint non-reasoning score,1,1,2026-02-16
reasoning_standardization_portable,2026-02-17,2026-02-17,Tiny Aya Global,cohere,1.0,3.35,0.025380710659898477,0.15386155960605574,0.29222991075845295,4.774263300302291,6.5656044957502075,197,197,37,37,2026-02-12,2026-02-12,True,"[1.9329833113461354,0.061884115261002536,-0.4205203649623251]","[1.734541468402305,0.07117866320084364,-0.3158614937824299]",,,1.0,0.0,observed non-reasoning,0,0,
reasoning_standardization_portable,2026-02-24,2026-02-24,Qwen3.5 27B (Reasoning),alibaba,33.7762211760604,27.8,0.9876543209876543,1.2495598085027293,1.378727700127492,493.86085553756254,664.9247459770985,162,162,37,37,2026-02-17,2026-02-17,True,"[1.9696170087799498,0.06170036563259269,-0.43195341619354777]","[1.779424236665181,0.07119832219978181,-0.3314470827158189]",,,29.3113482123438,4.464872963716605,direct same-checkpoint non-reasoning score,1,1,2026-02-24
reasoning_standardization_portable,2026-02-24,2026-02-24,Qwen3.5 35B A3B (Reasoning),alibaba,29.2597061896232,36.0,0.9444444444444444,0.8586314776052588,0.8878083821088332,259.9764315872508,278.0423067135951,162,162,37,37,2026-02-17,2026-02-17,True,"[1.9696170087799498,0.06170036563259269,-0.43195341619354777]","[1.779424236665181,0.07119832219978181,-0.3314470827158189]",,,23.9929418023314,5.266764387291797,direct same-checkpoint non-reasoning score,1,1,2026-02-24
reasoning_standardization_portable,2026-02-24,2026-02-25,Qwen3.5 122B A10B (Reasoning),alibaba,32.2791462784081,125.0,0.9629629629629629,0.504324522848226,0.6036794194009167,399.2404494748557,501.86791591429983,162,162,37,37,2026-02-17,2026-02-17,True,"[1.9696170087799498,0.06170036563259269,-0.43195341619354777]","[1.779424236665181,0.07119832219978181,-0.3314470827158189]",,,27.5952535086828,4.6838927697253006,direct same-checkpoint non-reasoning score,1,1,2026-02-24
reasoning_standardization_portable,2026-02-25,2026-02-25,LFM2 24B A2B,liquidai,4.94653434961859,23.8,0.29949238578680204,-0.40426458869354875,-0.24110725216322382,9.38236595411132,13.660597800511265,197,197,37,37,2026-02-24,2026-02-24,True,"[1.9256673775219972,0.05843199418686415,-0.39425131823116527]","[1.7487200762009876,0.06744180658009608,-0.30046765561525063]",,,4.94653434961859,0.0,observed non-reasoning,0,0,
reasoning_standardization_portable,2026-03-02,2026-03-02,Qwen3.5 4B (Reasoning),alibaba,20.0869829315102,4.66,0.8711656441717791,1.1780077965847382,1.2051276966917155,70.20914968869208,74.73320596723029,163,163,37,37,2026-02-25,2026-02-25,True,"[1.9573549457173727,0.06091217121029332,-0.4216498373137542]","[1.7720132366693966,0.07053468798997066,-0.32454832724141097]",,,16.0017918192586,4.0851911122516,direct same-checkpoint non-reasoning score,1,1,2026-03-02
reasoning_standardization_portable,2026-03-02,2026-03-04,Qwen3.5 0.8B (Reasoning),alibaba,5.46015730791743,0.873,0.4110429447852761,1.0144277629217802,1.037243139933577,9.02489185823803,9.511683344040936,163,163,37,37,2026-02-25,2026-02-25,True,"[1.9573549457173727,0.06091217121029332,-0.4216498373137542]","[1.7720132366693966,0.07053468798997066,-0.32454832724141097]",,,3.30936692514316,2.15079038277427,direct same-checkpoint non-reasoning score,1,1,2026-03-02
reasoning_standardization_portable,2026-03-02,2026-03-04,Qwen3.5 2B (Reasoning),alibaba,7.63705250485793,2.27,0.50920245398773,0.7320155623771323,0.7851928514336344,12.247329990349613,13.842633118631843,163,163,37,37,2026-02-25,2026-02-25,True,"[1.9573549457173727,0.06091217121029332,-0.4216498373137542]","[1.7720132366693966,0.07053468798997066,-0.32454832724141097]",,,5.61973831305916,2.0173141917987705,direct same-checkpoint non-reasoning score,1,1,2026-03-02
reasoning_standardization_portable,2026-03-02,2026-03-04,Qwen3.5 9B (Reasoning),alibaba,21.4379662021172,9.65,0.8895705521472392,0.9441577242124009,1.1936746403571434,84.85648489864097,150.73078248665655,163,163,37,37,2026-02-25,2026-02-25,True,"[1.9573549457173727,0.06091217121029332,-0.4216498373137542]","[1.7720132366693966,0.07053468798997066,-0.32454832724141097]",,,20.3214868374395,1.1164793646776978,direct same-checkpoint non-reasoning score,1,1,2026-03-02
reasoning_standardization_portable,2026-03-06,2026-03-06,Sarvam 105B (high),sarvam,11.9444215330365,106.0,0.6634615384615384,-0.7051288025229536,-0.8981066898740029,20.90148114793498,13.402912285608073,208,208,37,37,2026-03-04,2026-03-04,True,"[1.9645390784324335,0.06205319791176332,-0.43626957809065575]","[1.7761085576263276,0.07268961879626717,-0.34324724164519566]",,,6.069806290157552,5.874615242878948,equal-creator median of strictly earlier other-creator pairs,73,14,2026-03-05
reasoning_standardization_portable,2026-03-06,2026-03-06,Sarvam 30B (high),sarvam,6.63721233353872,32.2,0.40384615384615385,-0.5170081117695811,-0.7664357098885992,9.791466895562095,5.513408377451205,208,208,37,37,2026-03-04,2026-03-04,True,"[1.9645390784324335,0.06205319791176332,-0.43626957809065575]","[1.7761085576263276,0.07268961879626717,-0.34324724164519566]",,,0.7625970906597717,5.874615242878948,equal-creator median of strictly earlier other-creator pairs,73,14,2026-03-05
reasoning_standardization_portable,2026-03-11,2026-03-11,NVIDIA Nemotron 3 Super 120B A12B (Reasoning),nvidia,25.4059430700317,120.6,0.9166666666666666,0.08208403945524045,0.02862881223526559,145.6905380705209,128.81787184127998,204,204,37,37,2026-03-06,2026-03-06,True,"[1.9274928082797347,0.060162767670416895,-0.4052404265968982]","[1.7360994566890333,0.06895387506076571,-0.3047457357673145]",,,19.518736153407303,5.8872069166243985,equal-creator median of strictly earlier other-creator pairs,69,13,2026-03-10
reasoning_standardization_portable,2026-03-16,2026-03-18,Mistral Small 4 (Reasoning),mistral,19.5555163339516,119.0,0.8333333333333334,-0.27420262383246863,-0.45543017044572354,63.291346839949135,41.698150351567115,192,192,37,37,2026-03-11,2026-03-11,True,"[1.9336591287852893,0.060043016851955476,-0.40785843792468784]","[1.7354718422729887,0.06907029162653244,-0.3027529561566601]",,,12.3707177015898,7.184798632361801,direct same-checkpoint non-reasoning score,1,1,2026-03-16
reasoning_standardization_portable,2026-03-18,2026-03-18,MiniMax-M2.7,minimax,38.1344947250387,228.703644928,0.9951690821256038,0.5688796229451505,0.6379974501177048,847.5253734651997,993.7348857116142,207,207,37,37,2026-03-11,2026-03-11,True,"[1.9177484476688553,0.060839257758706876,-0.4081544379997703]","[1.720284410094289,0.06989469251940816,-0.30445648724467506]",,,32.2472878084143,5.8872069166243985,equal-creator median of strictly earlier other-creator pairs,77,15,2026-03-17
reasoning_standardization_portable,2026-02-11,2026-03-20,Nanbeige4.1-3B,nanbeige,11.0933206880573,3.93,0.6431924882629108,0.7326695399272903,0.559902092447157,21.2354804015119,14.265751112261265,213,213,38,38,2026-03-18,2026-03-18,True,"[1.9284232737538125,0.060392989005392576,-0.40839896384415564]","[1.7313879930724831,0.06913566164800294,-0.30383097286380634]",,,5.333182891666802,5.760137796390499,equal-creator median of strictly earlier other-creator pairs,62,14,2026-02-05
reasoning_standardization_portable,2026-03-16,2026-03-24,NVIDIA Nemotron 3 Nano 4B,nvidia,8.7256520912148,3.97,0.5242718446601942,0.46305037709437935,0.2704354083131256,11.530307348017535,7.3999010943961405,206,206,38,38,2026-03-20,2026-03-20,True,"[2.0282079473924552,0.06326709214711405,-0.4740176097032804]","[1.8035009269345492,0.07275792173913934,-0.3561326056906932]",,,2.838445174590401,5.8872069166243985,equal-creator median of strictly earlier other-creator pairs,69,13,2026-03-10
reasoning_standardization_portable,2026-03-19,2026-03-30,Nemotron Cascade 2 30B A3B,nvidia,17.5765685050907,31.6,0.8058252427184466,0.11823217712465994,0.007435221919888546,41.487690515445365,32.14565686262542,206,206,38,38,2026-03-20,2026-03-20,True,"[2.0282079473924552,0.06326709214711405,-0.4740176097032804]","[1.8035009269345492,0.07275792173913934,-0.3561326056906932]",,,11.646029118013704,5.9305393870769985,equal-creator median of strictly earlier other-creator pairs,72,14,2026-03-17
reasoning_standardization_portable,2026-04-02,2026-04-02,Gemma 4 26B A4B (Reasoning),google,25.6946061195095,25.2,0.9278846153846154,0.6998566221577005,0.7030031309294089,126.25749338401438,127.17556382077032,208,208,38,38,2026-03-30,2026-03-30,True,"[2.049405708994868,0.06189195285403605,-0.4733904311169569]","[1.8287544932533377,0.0712401788543527,-0.35571443538947956]",,,20.0962469238736,5.598359195635901,direct same-checkpoint non-reasoning score,1,1,2026-04-02
reasoning_standardization_portable,2026-04-02,2026-04-02,Gemma 4 31B (Reasoning),google,29.3542081371995,30.7,0.9423076923076923,0.8406187030054624,0.7364159696550749,212.69490096559107,167.32250011239236,208,208,38,38,2026-03-30,2026-03-30,True,"[2.049405708994868,0.06189195285403605,-0.4733904311169569]","[1.8287544932533377,0.0712401788543527,-0.35571443538947956]",,,21.7687676184792,7.585440518720301,direct same-checkpoint non-reasoning score,1,1,2026-04-02
reasoning_standardization_portable,2026-04-02,2026-04-03,Gemma 4 E2B (Reasoning),google,9.6638013311931,5.1,0.5625,0.4015091726705743,0.4219687995950273,12.855215126420775,13.475316539435886,208,208,38,38,2026-03-30,2026-03-30,True,"[2.049405708994868,0.06189195285403605,-0.4733904311169569]","[1.8287544932533377,0.0712401788543527,-0.35571443538947956]",,,6.41204916222767,3.2517521689654307,direct same-checkpoint non-reasoning score,1,1,2026-04-02
reasoning_standardization_portable,2026-04-03,2026-04-03,Gemma 4 E4B (Reasoning),google,12.2105753460896,8.0,0.6538461538461539,0.36231810667197095,0.40342997764156485,18.425025333455363,20.254427148282694,208,208,38,38,2026-03-30,2026-03-30,True,"[2.049405708994868,0.06189195285403605,-0.4733904311169569]","[1.8287544932533377,0.0712401788543527,-0.35571443538947956]",,,8.91000586095088,3.3005694851387197,direct same-checkpoint non-reasoning score,1,1,2026-04-03
reasoning_standardization_portable,2026-04-02,2026-04-06,Gemma 4 31B (Non-reasoning),google,21.7687676184792,30.7,0.8894230769230769,0.3711409760437314,0.7364159696550749,72.15714668233844,167.32250011239236,208,208,38,38,2026-03-30,2026-03-30,True,"[2.049405708994868,0.06189195285403605,-0.4733904311169569]","[1.8287544932533377,0.0712401788543527,-0.35571443538947956]",,,21.7687676184792,0.0,observed non-reasoning,0,0,
reasoning_standardization_portable,2026-04-07,2026-04-07,GLM-5.1 (Reasoning),zai,40.1570857627689,744.0,1.0,0.10952144792949525,0.2887950200392435,957.4021170437677,1446.6649371488097,213,213,38,38,2026-04-06,2026-04-06,True,"[2.063658865250714,0.06269622015972573,-0.49034872917341127]","[1.8424530182104282,0.07150308347121787,-0.3711474018419353]",,,35.3713587229078,4.785727039861101,direct same-checkpoint non-reasoning score,1,1,2026-04-07
reasoning_standardization_portable,2026-04-01,2026-04-08,Trinity Large Thinking,arcee,18.1600095755902,399.0,0.8153153153153153,-0.9915573676664964,-1.085376366488905,40.683239561682456,32.77906256469654,222,222,39,39,2026-04-07,2026-04-07,True,"[2.0678287678711733,0.06207383126777835,-0.4883369741375197]","[1.8493098455917922,0.07069582642911361,-0.3699770750380631]",,,12.2728026589658,5.8872069166243985,equal-creator median of strictly earlier other-creator pairs,77,15,2026-03-17
reasoning_standardization_portable,2026-04-16,2026-04-17,Qwen3.6 35B A3B (Reasoning),alibaba,31.649611240178,36.0,0.949438202247191,0.9485562955387539,0.864763384153711,319.7855210723928,263.6731362496052,178,178,39,39,2026-04-09,2026-04-09,True,"[1.9392827827839385,0.060931343725754455,-0.41448038630884254]","[1.709240409943208,0.06846122777838781,-0.2866038229272497]",,,24.1629373266649,7.486673913513101,direct same-checkpoint non-reasoning score,1,1,2026-04-16
reasoning_standardization_portable,2026-04-20,2026-04-20,Kimi K2.6,kimi,44.2196682298639,1040.0,1.0,0.16607384233764755,0.0311196443531645,1524.4289285672835,1117.2567409579647,220,220,39,39,2026-04-17,2026-04-17,True,"[1.9340131333494472,0.05888059214476822,-0.4105913776844666]","[1.7148496991682873,0.06587700449658805,-0.2863430362870888]",,,34.5792971792481,9.640371050615798,direct same-checkpoint non-reasoning score,1,1,2026-04-20
reasoning_standardization_portable,2026-04-21,2026-04-21,Ling 2.6 Flash,inclusionai,14.0546139112372,107.0,0.6877828054298643,-0.6438699285650116,-0.34460898725557954,24.294829140257903,48.3921358215728,221,221,39,39,2026-04-20,2026-04-20,True,"[1.9501895030199692,0.060612295350268235,-0.42901976171495804]","[1.7206440932546943,0.06765113461102797,-0.2988265558298361]",,,14.0546139112372,0.0,observed non-reasoning,0,0,
reasoning_standardization_portable,2026-04-22,2026-04-22,MiMo-V2.5-Pro,xiaomi,42.2394366693508,1023.0,0.995575221238938,0.13571719323994902,0.264591835320549,1398.275753579319,1881.3407785066156,226,226,39,39,2026-04-21,2026-04-21,True,"[1.9319394907473662,0.06122571668915455,-0.41532781653337814]","[1.7083054908407818,0.0694527251164943,-0.2927521838225438]",,,36.4792988729603,5.760137796390499,equal-creator median of strictly earlier other-creator pairs,85,14,2026-04-20
reasoning_standardization_portable,2026-04-22,2026-04-22,MiMo-V2.5-Pro (Non-reasoning),xiaomi,27.8570839655091,1023.0,0.915929203539823,-0.7448526587289592,-0.33424448654199823,184.08693842961557,473.8393754109936,226,226,39,39,2026-04-21,2026-04-21,True,"[1.9319394907473662,0.06122571668915455,-0.41532781653337814]","[1.7083054908407818,0.0694527251164943,-0.2927521838225438]",,,27.8570839655091,0.0,observed non-reasoning,0,0,
reasoning_standardization_portable,2026-04-22,2026-04-23,Qwen3.6 27B (Reasoning),alibaba,37.0516798775037,27.8,0.9725274725274725,1.392305286948361,1.4004479691301661,686.0410182602936,699.0250915416217,182,182,39,39,2026-04-22,2026-04-22,True,"[1.914971422177638,0.06075356164229984,-0.402362927431344]","[1.7029147114876968,0.06816462146381243,-0.2828774741024923]",,,30.4611236934534,6.590556184050303,direct same-checkpoint non-reasoning score,1,1,2026-04-22
reasoning_standardization_portable,2026-04-23,2026-04-23,Hy3-preview (Reasoning),tencent,33.578853562193,295.0,0.9563318777292577,0.14265446609161492,0.05962093603049423,409.70992258651313,338.4098161591941,229,229,40,40,2026-04-22,2026-04-22,True,"[1.920568183123496,0.06080631193660397,-0.40815415935037]","[1.7101516672314343,0.0679832712229682,-0.28883775145150936]",,,26.1030575371457,7.475796025047298,direct same-checkpoint non-reasoning score,1,1,2026-04-23
reasoning_standardization_portable,2026-04-23,2026-04-23,Ling-2.6-1T,inclusionai,26.0516751710776,1026.0,0.9013452914798207,-0.8787360546054757,-0.5053511401912241,135.64734760922988,320.476523349697,223,223,39,39,2026-04-22,2026-04-22,True,"[1.9406170588350804,0.061702074624919306,-0.4280343458388461]","[1.718188257308903,0.06813103106580962,-0.29852521298103557]",,,26.0516751710776,0.0,observed non-reasoning,0,0,
reasoning_standardization_portable,2026-04-24,2026-04-24,"DeepSeek V4 Flash (Reasoning, Max Effort)",deepseek,40.2825017625236,284.0,0.9907834101382489,0.5204771008926001,0.21449929739948992,941.4460571957231,465.39063249644323,217,217,40,40,2026-04-23,2026-04-23,True,"[1.8827687387403733,0.05924638915021566,-0.3914024054792503]","[1.6776758093615585,0.0663305841575192,-0.27507661075382517]",,,28.6543889065956,11.628112855928002,direct same-checkpoint non-reasoning score,1,1,2026-04-24
reasoning_standardization_portable,2026-04-24,2026-04-24,"DeepSeek V4 Pro (Reasoning, Max Effort)",deepseek,44.2735554261611,1600.0,1.0,0.006130976758975226,-0.36635448653791647,1622.747539920984,688.2805484831316,217,217,40,40,2026-04-23,2026-04-23,True,"[1.8827687387403733,0.05924638915021566,-0.3914024054792503]","[1.6776758093615585,0.0663305841575192,-0.27507661075382517]",,,31.2165231140661,13.057032312095004,direct same-checkpoint non-reasoning score,1,1,2026-04-24
reasoning_standardization_portable,2026-04-09,2026-04-27,EXAONE 4.5 33B,lg,20.221750309869,34.4,0.8181818181818182,0.265875792594398,0.20146620804875792,63.45038113481236,54.70470124837014,231,231,40,40,2026-04-24,2026-04-24,True,"[1.9233110582539226,0.05841935527490188,-0.39835450983475296]","[1.7190479494169475,0.06641870534888125,-0.28686034539695776]",,,14.404397047092703,5.817353262776299,equal-creator median of strictly earlier other-creator pairs,80,14,2026-04-07
reasoning_standardization_portable,2026-04-22,2026-04-27,MiMo-V2.5,xiaomi,37.2025847113282,310.0,0.974025974025974,0.31013393010195456,0.4157818745035544,633.1339820565571,807.5019287575474,231,231,40,40,2026-04-24,2026-04-24,True,"[1.930800264878889,0.0598991084082523,-0.4108551984094521]","[1.7088594819621248,0.06884020682580518,-0.29238775797536276]",,,31.4424469149377,5.760137796390499,equal-creator median of strictly earlier other-creator pairs,85,14,2026-04-20
reasoning_standardization_portable,2026-04-29,2026-04-29,Granite 4.1 30B,ibm,8.85991944342523,30.0,0.4585152838427948,-0.3258149526329064,-0.09342155543289321,14.167926725766243,24.19355561402161,229,229,40,40,2026-04-27,2026-04-27,True,"[1.908128152984759,0.05587275435674828,-0.37663772285460373]","[1.7106103381154762,0.06355436550957749,-0.267768926190076]",,,8.85991944342523,0.0,observed non-reasoning,0,0,
reasoning_standardization_portable,2026-04-29,2026-04-29,Granite 4.1 3B,ibm,4.6989056360793,3.0,0.25327510917030566,0.4416977450342167,0.642127852164645,8.295049839417738,13.159794481378592,229,229,40,40,2026-04-27,2026-04-27,True,"[1.908128152984759,0.05587275435674828,-0.37663772285460373]","[1.7106103381154762,0.06355436550957749,-0.267768926190076]",,,4.6989056360793,0.0,observed non-reasoning,0,0,
reasoning_standardization_portable,2026-04-29,2026-04-29,Granite 4.1 8B,ibm,6.67009350576242,8.0,0.34497816593886466,0.1258647083957427,0.3414367142502499,10.689433636664283,17.560088536098846,229,229,40,40,2026-04-27,2026-04-27,True,"[1.908128152984759,0.05587275435674828,-0.37663772285460373]","[1.7106103381154762,0.06355436550957749,-0.267768926190076]",,,6.67009350576242,0.0,observed non-reasoning,0,0,
reasoning_standardization_portable,2026-04-29,2026-04-29,Nemotron 3 Nano Omni 30B A3B Reasoning,nvidia,14.9281922820391,30.0,0.6946902654867256,-0.007233880482730326,-0.15494304478262189,29.504439876170853,20.998013467908006,226,226,40,40,2026-04-27,2026-04-27,True,"[1.9230827643458428,0.058130426004576685,-0.39743579598483836]","[1.7198031802511062,0.06600955838786611,-0.2865156249213447]",,,8.403049447711302,6.525142834327799,equal-creator median of strictly earlier other-creator pairs,86,15,2026-04-24
reasoning_standardization_portable,2026-04-29,2026-04-30,Mistral Medium 3.5,mistral,29.947307563003,128.0,0.8995433789954338,0.2280008122734718,0.24860018214027457,216.37684394579955,226.88728162345512,219,219,40,40,2026-04-29,2026-04-29,True,"[1.932818706973546,0.05771845994977727,-0.39898309315374253]","[1.736070964202863,0.06593547690514792,-0.2907255208184701]",,,24.05440076555065,5.892906797452351,equal-creator median of strictly earlier other-creator pairs,90,15,2026-04-24
reasoning_standardization_portable,2026-05-11,2026-05-11,MiniCPM-V 4.6 1.3B,openbmb,4.19374442324631,1.3,0.23236514522821577,0.7177155351942813,0.9172733311139248,6.786703679902986,10.74525393740365,241,241,41,41,2026-04-30,2026-04-30,True,"[1.9281858942284278,0.05790003668553509,-0.39901773867861046]","[1.7299750916021228,0.06596862228078386,-0.29059538762677734]",,,4.19374442324631,0.0,observed non-reasoning,0,0,
reasoning_standardization_portable,2026-05-08,2026-05-19,Ring-2.6-1T,inclusionai,30.5727263188268,1000.0,0.9106382978723404,-0.6569556231048379,-0.6717632867056222,220.31515730549205,212.92993096699345,235,235,41,41,2026-05-11,2026-05-11,True,"[2.06303773036799,0.06362177658016695,-0.4972789204843556]","[1.862923033444509,0.07187997639577183,-0.38404965615036424]",,,24.363701502936724,6.209024815890075,equal-creator median of strictly earlier other-creator pairs,92,16,2026-04-30
reasoning_standardization_portable,2025-03-13,2026-05-20,Command A,cohere,7.67282450847718,111.0,0.4083333333333333,-0.5782943397281053,-0.46938034570176557,29.3108652606419,37.66540426352974,240,240,41,41,2026-05-19,2026-05-19,True,"[2.0211992099007663,0.06365063220725017,-0.47480254833848023]","[1.8208199626607833,0.07226536276898517,-0.36404621257669145]",,,7.67282450847718,0.0,observed non-reasoning,0,0,
reasoning_standardization_portable,2026-05-20,2026-05-20,Command A+,cohere,22.5095334451485,218.0,0.8458333333333333,-0.4899353346454265,-0.5706040604560987,70.55392172984499,58.593903725370666,240,240,41,41,2026-05-19,2026-05-19,True,"[2.0211992099007663,0.06365063220725017,-0.47480254833848023]","[1.8208199626607833,0.07226536276898517,-0.36404621257669145]",,,16.300508629258424,6.209024815890075,equal-creator median of strictly earlier other-creator pairs,93,16,2026-05-19
reasoning_standardization_portable,2026-05-25,2026-05-25,MiniCPM5-1B (Reasoning),openbmb,11.9575339145672,1.0,0.6065573770491803,1.2774618879426207,1.5345205018838255,18.943572653624138,34.23895505421568,244,244,41,41,2026-05-20,2026-05-20,True,"[1.9082837312221834,0.05828720938453001,-0.39111003175320525]","[1.701172127704007,0.06625994338435523,-0.27817042563687155]",,,11.737391276719,0.2201426378482001,direct same-checkpoint non-reasoning score,1,1,2026-05-25
reasoning_standardization_portable,2026-05-28,2026-05-28,LFM2.5-8B-A1B,liquidai,8.32036715830533,8.3,0.42677824267782427,0.060778701436830396,-0.09487802714273075,9.546777344470762,6.671140160007171,239,239,41,41,2026-05-25,2026-05-25,True,"[2.0159379289756827,0.06116500262070138,-0.4539902978991471]","[1.8168706983503167,0.06866221273045447,-0.34066847894878804]",,,2.4274603608529794,5.892906797452351,equal-creator median of strictly earlier other-creator pairs,94,17,2026-05-25
reasoning_standardization_portable,2026-05-29,2026-06-01,Step 3.7 Flash,stepfun,30.2677234652192,198.0,0.9061224489795918,0.02657805145890535,0.03296555670189916,210.4957064041828,213.61450885675947,245,245,41,41,2026-05-28,2026-05-28,True,"[2.021957822753115,0.062162059496468566,-0.46396691843696286]","[1.8227702227943638,0.07002816504809174,-0.35234973421012034]",,,24.374816667766847,5.892906797452351,equal-creator median of strictly earlier other-creator pairs,94,17,2026-05-25
reasoning_standardization_portable,2026-06-01,2026-06-03,MiniMax-M3,minimax,44.4372686326056,428.0,1.0,0.6079209168877604,0.7348341843675215,1735.26051965034,2324.2238499939085,242,242,41,41,2026-06-01,2026-06-01,True,"[2.012764879005039,0.06354481522015887,-0.4678123807948226]","[1.8063378657378608,0.0716877547867679,-0.3524263191266675]",,,38.54436183515325,5.892906797452351,equal-creator median of strictly earlier other-creator pairs,94,17,2026-05-25
reasoning_standardization_portable,2026-06-04,2026-06-04,Nemotron 3 Ultra 550B A55B (Reasoning),nvidia,37.7619546243905,550.0,0.9704641350210971,0.042545513343394514,0.08539893610215499,606.6080968115101,669.5170258168379,237,237,41,41,2026-06-01,2026-06-01,True,"[2.02015026876232,0.06196899999471539,-0.460890751024811]","[1.8232650788903644,0.06983146212948263,-0.3509002556120804]",,,31.552929808500423,6.209024815890075,equal-creator median of strictly earlier other-creator pairs,90,16,2026-06-03
reasoning_standardization_portable,2026-06-03,2026-06-07,Gemma 4 12B (Reasoning),google,21.8120350469213,12.0,0.8305084745762712,0.730219706446041,0.48558908604210527,64.47642547378612,36.708812198167216,236,236,41,41,2026-06-04,2026-06-04,True,"[2.0174131936449062,0.06178036978513556,-0.4549008412173786]","[1.820461651189448,0.06951231879366974,-0.34280529493398176]",,,13.1855379056532,8.626497141268098,direct same-checkpoint non-reasoning score,1,1,2026-06-03
reasoning_standardization_portable,2026-06-09,2026-06-09,North Mini Code,cohere,19.79516147409,30.0,0.7877551020408163,0.17039148768940993,0.1019958412427493,44.413269224131945,37.94172709649687,245,245,41,41,2026-06-07,2026-06-07,True,"[2.0205683220688218,0.06207212409464534,-0.4661763745144507]","[1.8169884195567108,0.06974964581320665,-0.3514399595764264]",,,13.90225467663765,5.892906797452351,equal-creator median of strictly earlier other-creator pairs,95,17,2026-06-03
reasoning_standardization_portable,2026-05-26,2026-06-11,HyperNova 60B 2605,multiversecomputing,17.8040703229111,58.7,0.7450199203187251,-0.2242174560813337,-0.3121612720663327,35.02842780700751,28.607297286666476,251,251,42,42,2026-06-09,2026-06-09,True,"[2.032885734874527,0.0621936908965157,-0.4696643901289352]","[1.8284660203762304,0.06998406778997587,-0.35482547268761194]",,,11.91116352545875,5.892906797452351,equal-creator median of strictly earlier other-creator pairs,94,17,2026-05-25
reasoning_standardization_portable,2026-06-12,2026-06-16,Kimi K2.7 Code,kimi,41.9493685067994,1040.0,0.9878542510121457,-0.0261403795003341,0.05838276757653693,979.2486010706941,1189.6415026547759,247,247,42,42,2026-06-12,2026-06-12,True,"[1.9895935848882955,0.06041335845846962,-0.44509482930966454]","[1.783639085791281,0.06681251045253161,-0.32443842699491937]",,,36.05931164976103,5.890056857038375,equal-creator median of strictly earlier other-creator pairs,93,16,2026-06-03
reasoning_standardization_portable,2026-06-16,2026-06-16,GLM-5.2 (max),zai,51.0858347714416,753.0,1.0,0.7035580550569995,0.1003908958482147,3804.9857203725724,948.8244601979247,244,244,42,42,2026-06-12,2026-06-12,True,"[2.001168171097458,0.06152585674227028,-0.4526306768125635]","[1.7877236508063863,0.06854490871152646,-0.3312876061325479]",,,34.0523679882006,17.033466783240996,direct same-checkpoint non-reasoning score,1,1,2026-06-16
reasoning_standardization_portable,2026-06-02,2026-06-24,Nex-N2-Pro,nex,40.9569739949604,397.0,0.9764705882352941,0.3393638612033758,0.441710635172611,867.2700881233569,1097.744176683046,255,255,43,43,2026-06-16,2026-06-16,True,"[2.0027326545494617,0.060077492822117995,-0.44636903913418713]","[1.7933096208794315,0.06771738863369478,-0.3299119291706816]",,,35.06406719750805,5.892906797452351,equal-creator median of strictly earlier other-creator pairs,94,17,2026-05-25
reasoning_standardization_portable,2026-06-10,2026-06-29,DiffusionGemma 26B A4B,google,13.45276586506,25.2,0.6198347107438017,-0.1027112780993551,-0.2186068426935448,19.89249523403376,15.233289584369949,242,242,43,43,2026-06-24,2026-06-24,True,"[2.0037799131608183,0.05693533088033779,-0.4277811275215169]","[1.8130149750888656,0.06310056143179234,-0.3161929130864417]",,,7.243741049169925,6.209024815890075,equal-creator median of strictly earlier other-creator pairs,84,16,2026-05-25
reasoning_standardization_portable,2026-07-06,2026-07-13,Hy3,tencent,41.2305746727135,299.0,0.9765625,0.3681597386354034,0.4266152200256612,697.9606315725089,798.5211220505056,256,256,43,43,2026-06-29,2026-06-29,True,"[2.0096704832990424,0.05751860654979057,-0.43800505314927773]","[1.8140896705137786,0.06347913077143129,-0.3239153191656322]",,,35.052703041016976,6.177871631696527,equal-creator median of strictly earlier other-creator pairs,96,16,2026-06-30
reasoning_standardization_portable,2026-06-29,2026-07-14,LongCat 2.0,longcat,33.4782132881577,1600.0,0.9182879377431906,-0.8296536165368953,-0.8317109109725833,236.84616994659004,235.72686025243132,257,257,43,43,2026-07-13,2026-07-13,True,"[2.0223077121952135,0.0563357221388798,-0.43940596771376644]","[1.826221420710595,0.06190818090552974,-0.3231952894760088]",,,27.04626005053585,6.431953237621849,equal-creator median of strictly earlier other-creator pairs,96,17,2026-06-16
reasoning_standardization_portable,2026-07-15,2026-07-15,Inkling (xhigh),thinking-machines,40.736927521956,975.0,0.9691119691119691,-0.16637692153182915,-0.12459964542528823,664.7030846225397,731.8211729371785,259,259,44,44,2026-07-14,2026-07-14,True,"[1.990786142380283,0.05778316040527176,-0.43062348773999976]","[1.7918611175772805,0.06354016425278737,-0.31324922113762455]",,,34.30497428433415,6.431953237621849,equal-creator median of strictly earlier other-creator pairs,100,17,2026-07-09
reasoning_standardization_portable,2026-07-16,2026-07-16,Kimi K3,kimi,57.1123394372091,2800.0,1.0,0.33856765088581664,0.4744954985556422,6105.562513251843,8349.36659290348,253,253,44,44,2026-07-15,2026-07-15,True,"[1.9678901132679638,0.058185924875099444,-0.42554981313193224]","[1.7713422223742337,0.0635035767150138,-0.30650738986674303]",,,50.934467805512575,6.177871631696527,equal-creator median of strictly earlier other-creator pairs,98,16,2026-07-09
reasoning_standardization_portable,2026-07-14,2026-07-20,Motif 3 (Beta),motif-technologies,44.0803810396244,314.0,0.9807692307692307,0.535632329055693,0.5817316924170464,1077.8590614132393,1198.564307381124,260,260,44,44,2026-07-16,2026-07-16,True,"[1.9759122795323665,0.057746135358137454,-0.4215443551713465]","[1.7793290919582816,0.06301340851597254,-0.30381537825978855]",,,37.64842780200255,6.431953237621849,equal-creator median of strictly earlier other-creator pairs,100,17,2026-07-09
reasoning_standardization_portable,2026-07-23,2026-07-23,G9v3-3B,ai9star,16.0567992128263,3.0,0.6793893129770993,0.9175097960610543,0.8230059745658713,24.810244877163626,19.958469251753616,262,262,45,45,2026-07-20,2026-07-20,True,"[1.984385737818557,0.05644813617465318,-0.4206788878662464]","[1.7922218575216498,0.06135868192077506,-0.30442068885682566]",,,9.62484597520445,6.431953237621849,equal-creator median of strictly earlier other-creator pairs,100,17,2026-07-09
reasoning_standardization_portable,2026-07-30,2026-07-30,Inkling Small,thinking-machines,40.1676200611155,266.0,0.9580152671755725,0.26556406670372024,0.30539564386995144,490.2817226192589,537.3747802166374,262,262,45,45,2026-07-23,2026-07-23,True,"[2.1304944889976856,0.058158658623612684,-0.4967354381562302]","[1.920971607380261,0.0634839545140759,-0.37262432059164374]",,,33.73566682349365,6.431953237621849,equal-creator median of strictly earlier other-creator pairs,100,17,2026-07-09
reasoning_standardization_creator_aware,2024-08-15,2024-08-15,Hermes 3 - Llama-3.1 70B,nous-research,5.08762806597889,70.6,0.7333333333333333,0.3102246178495667,0.3102246178495667,144.22127109589346,144.22127109589346,30,30,11,11,2024-07-24,2024-07-24,True,"[0.3917919528159748,-0.10208257880577282,1.410775385048218]","[0.3917919528159748,-0.10208257880577282,1.410775385048218]",,,5.08762806597889,0.0,observed non-reasoning,0,0,
reasoning_standardization_creator_aware,2024-08-22,2024-08-22,Jamba 1.5 Large,ai21-labs,5.13122240746243,398.0,0.7419354838709677,-0.510802176414598,-0.510802176414598,122.7667886501867,122.7667886501867,31,31,12,12,2024-08-15,2024-08-15,True,"[0.5449623537688211,-0.09854392528822513,1.2498802190877618]","[0.5449623537688211,-0.09854392528822513,1.2498802190877618]",,,5.13122240746243,0.0,observed non-reasoning,0,0,
reasoning_standardization_creator_aware,2024-08-22,2024-08-22,Jamba 1.5 Mini,ai21-labs,2.69582163473985,52.0,0.1935483870967742,0.6130715038183501,0.6130715038183501,213.341255939619,213.341255939619,31,31,12,12,2024-08-15,2024-08-15,True,"[0.5449623537688211,-0.09854392528822513,1.2498802190877618]","[0.5449623537688211,-0.09854392528822513,1.2498802190877618]",,,2.69582163473985,0.0,observed non-reasoning,0,0,
reasoning_standardization_creator_aware,2024-09-17,2024-09-17,Mistral Small (Sep '24),mistral,4.65980043543703,22.0,0.6333333333333333,0.8367326172213789,0.8367326172213789,151.062023569333,151.062023569333,30,30,12,12,2024-09-06,2024-09-06,True,"[0.5758914522825261,-0.07975446304420537,1.1541337382823293]","[0.5758914522825261,-0.07975446304420537,1.1541337382823293]",,,4.65980043543703,0.0,observed non-reasoning,0,0,
reasoning_standardization_creator_aware,2024-09-19,2024-09-19,Qwen2.5 Coder Instruct 7B ,alibaba,4.48054507534195,7.62,0.5806451612903226,1.289156374483647,1.289156374483647,148.2898226654146,148.2898226654146,31,31,12,12,2024-09-17,2024-09-17,True,"[0.5390492090790017,-0.0704596162566635,1.134639876295342]","[0.5390492090790017,-0.0704596162566635,1.134639876295342]",,,4.48054507534195,0.0,observed non-reasoning,0,0,
reasoning_standardization_creator_aware,2024-09-19,2024-09-19,Qwen2.5 Instruct 32B,alibaba,7.45157282652354,32.0,0.9354838709677419,0.4566238922671888,0.4566238922671888,91.57435545842534,91.57435545842534,31,31,12,12,2024-09-17,2024-09-17,True,"[0.5390492090790017,-0.0704596162566635,1.134639876295342]","[0.5390492090790017,-0.0704596162566635,1.134639876295342]",,,7.45157282652354,0.0,observed non-reasoning,0,0,
reasoning_standardization_creator_aware,2024-09-19,2024-09-19,Qwen2.5 Instruct 72B,alibaba,9.5709158806552,72.0,1.0,-0.044886724154515445,-0.044886724154515445,64.93005522845151,64.93005522845151,31,31,12,12,2024-09-17,2024-09-17,True,"[0.5390492090790017,-0.0704596162566635,1.134639876295342]","[0.5390492090790017,-0.0704596162566635,1.134639876295342]",,,9.5709158806552,0.0,observed non-reasoning,0,0,
reasoning_standardization_creator_aware,2024-09-25,2024-09-25,Molmo 7B-D,ai2,3.80960279974612,8.02,0.47368421052631576,1.269232355859208,1.269232355859208,149.07565429405264,149.07565429405264,38,38,13,13,2024-09-19,2024-09-19,True,"[0.6674876069682275,-0.06857856167792623,1.0196857918273337]","[0.6674876069682275,-0.06857856167792623,1.0196857918273337]",,,3.80960279974612,0.0,observed non-reasoning,0,0,
reasoning_standardization_creator_aware,2024-10-15,2024-10-15,Llama 3.1 Nemotron Instruct 70B,nvidia,7.63625144748529,70.0,0.9534883720930233,-0.051800203707371484,-0.051800203707371484,62.12949681757373,62.12949681757373,43,43,14,14,2024-09-25,2024-09-25,True,"[1.0268738829472255,-0.00023417113101120837,0.42969293297082356]","[1.0268738829472255,-0.00023417113101120837,0.42969293297082356]",,,7.63625144748529,0.0,observed non-reasoning,0,0,
reasoning_standardization_creator_aware,2024-11-11,2024-11-11,Qwen2.5 Coder Instruct 32B,alibaba,7.11287981828272,32.0,0.8918918918918919,0.35933084499597956,0.35933084499597956,73.1949002584893,73.1949002584893,37,37,14,14,2024-10-15,2024-10-15,True,"[0.9434885730663299,0.00010500481838967498,0.49429355743153297]","[0.9434885730663299,0.00010500481838967498,0.49429355743153297]",,,7.11287981828272,0.0,observed non-reasoning,0,0,
reasoning_standardization_creator_aware,2024-11-18,2024-11-18,Mistral Large 2 (Nov '24),mistral,9.14546960703761,123.0,0.975,-0.2853186678416906,-0.2853186678416906,63.76559898369966,63.76559898369966,40,40,14,14,2024-11-11,2024-11-11,True,"[1.0465481863905814,-0.006376740021845861,0.43402361858510174]","[1.0465481863905814,-0.006376740021845861,0.43402361858510174]",,,9.14546960703761,0.0,observed non-reasoning,0,0,
reasoning_standardization_creator_aware,2024-11-18,2024-11-18,Pixtral Large,mistral,8.14881208325536,124.0,0.95,-0.2824798156445516,-0.2824798156445516,64.70560012590576,64.70560012590576,40,40,14,14,2024-11-11,2024-11-11,True,"[1.0465481863905814,-0.006376740021845861,0.43402361858510174]","[1.0465481863905814,-0.006376740021845861,0.43402361858510174]",,,8.14881208325536,0.0,observed non-reasoning,0,0,
reasoning_standardization_creator_aware,2024-11-26,2024-11-26,OLMo 2 7B,ai2,3.85447092518844,7.3,0.43478260869565216,1.3198254639665974,1.3198254639665974,152.4573350648225,152.4573350648225,46,46,14,14,2024-11-18,2024-11-18,True,"[0.7534746761819019,-0.04504226987259407,0.842591161282923]","[0.7534746761819019,-0.04504226987259407,0.842591161282923]",,,3.85447092518844,0.0,observed non-reasoning,0,0,
reasoning_standardization_creator_aware,2024-12-06,2024-12-06,Llama 3.3 Instruct 70B,meta,9.40307621697656,70.0,0.9714285714285714,0.031109812486819877,0.031109812486819877,75.19827053806858,75.19827053806858,35,35,14,14,2024-11-26,2024-11-26,True,"[0.9481635135563317,-0.014439915096177031,0.5511513500907385]","[0.9481635135563317,-0.014439915096177031,0.5511513500907385]",,,9.40307621697656,0.0,observed non-reasoning,0,0,
reasoning_standardization_creator_aware,2024-12-10,2024-12-10,DeepSeek-V2.5 (Dec '24),deepseek,6.78969059811992,236.0,0.7727272727272727,-0.5756406836961774,-0.5756406836961774,62.70054550409894,62.70054550409894,44,44,14,14,2024-12-06,2024-12-06,True,"[1.1333645185824885,0.0028873912967508786,0.33192019419863045]","[1.1333645185824885,0.0028873912967508786,0.33192019419863045]",,,6.78969059811992,0.0,observed non-reasoning,0,0,
reasoning_standardization_creator_aware,2024-12-12,2024-12-12,Grok 2 (Dec '24),xai,8.04457344948274,270.0,0.8979591836734694,-0.6406019183464697,-0.6406019183464697,61.76775912156965,61.76775912156965,49,49,14,14,2024-12-10,2024-12-10,True,"[0.8711725202930396,-0.033857776245774567,0.612325799228523]","[0.8711725202930396,-0.033857776245774567,0.612325799228523]",,,8.04457344948274,0.0,observed non-reasoning,0,0,
reasoning_standardization_creator_aware,2024-12-12,2024-12-12,Phi-4,azure,4.87468332192759,14.0,0.5833333333333334,0.6487808969087814,0.6487808969087814,62.36040579449974,62.36040579449974,48,48,14,14,2024-12-10,2024-12-10,True,"[1.3323288490334861,0.058246091412805255,0.09177424235943255]","[1.3323288490334861,0.058246091412805255,0.09177424235943255]",,,4.87468332192759,0.0,observed non-reasoning,0,0,
reasoning_standardization_creator_aware,2024-12-26,2024-12-26,DeepSeek V3 (Dec '24),deepseek,14.160584979307,671.0,1.0,-0.8545103554691305,-0.8545103554691305,93.8020143435397,93.8020143435397,46,46,14,14,2024-12-12,2024-12-12,True,"[1.0877836236860217,0.0177470069614035,0.3189617621107815]","[1.0877836236860217,0.0177470069614035,0.3189617621107815]",,,14.160584979307,0.0,observed non-reasoning,0,0,
reasoning_standardization_creator_aware,2025-01-30,2025-01-30,Llama 3.1 Tulu3 405B,ai2,8.27692346969835,405.0,0.9019607843137255,-0.39720795764730576,-0.39720795764730576,162.27329905692238,162.27329905692238,51,51,14,14,2024-12-26,2024-12-26,True,"[0.6996667869285835,0.0015525951876752548,0.7197970057631272]","[0.6996667869285835,0.0015525951876752548,0.7197970057631272]",,,8.27692346969835,0.0,observed non-reasoning,0,0,
reasoning_standardization_creator_aware,2025-01-30,2025-01-30,Mistral Small 3,mistral,6.93169892735495,24.0,0.8043478260869565,0.5845789877769723,0.5845789877769723,92.2125919423936,92.2125919423936,46,46,14,14,2024-12-26,2024-12-26,True,"[0.9554518932379599,0.04581703076254708,0.3324488550762536]","[0.9554518932379599,0.04581703076254708,0.3324488550762536]",,,6.93169892735495,0.0,observed non-reasoning,0,0,
reasoning_standardization_creator_aware,2025-02-13,2025-02-13,DeepHermes 3 - Llama-3.1 8B Preview (Non-reasoning),nous-research,2.2852901184763,8.0,0.1111111111111111,0.9790652933399089,0.9790652933399089,76.23515371799097,76.23515371799097,54,54,14,14,2025-01-30,2025-01-30,True,"[0.8506486178768766,0.03988369860837842,0.44375555149874063]","[0.8506486178768766,0.03988369860837842,0.44375555149874063]",,,2.2852901184763,0.0,observed non-reasoning,0,0,
reasoning_standardization_creator_aware,2025-02-26,2025-02-26,Phi-4 Multimodal Instruct,azure,4.53347300367438,5.6,0.5283018867924528,1.0165270994551392,1.0165270994551392,58.1721514949493,58.1721514949493,53,53,14,14,2025-02-13,2025-02-13,True,"[1.2027830568230784,0.09062281928557742,0.07012427087186521]","[1.2027830568230784,0.09062281928557742,0.07012427087186521]",,,4.53347300367438,0.0,observed non-reasoning,0,0,
reasoning_standardization_creator_aware,2025-03-06,2025-03-06,Jamba 1.6 Large,ai21-labs,5.00355856093405,398.0,0.5636363636363636,-0.9561110380110673,-0.9561110380110673,44.03236721089578,44.03236721089578,55,55,14,14,2025-02-26,2025-02-26,True,"[1.148144032154115,0.09322443392124392,0.01340356660345283]","[1.148144032154115,0.09322443392124392,0.01340356660345283]",,,5.00355856093405,0.0,observed non-reasoning,0,0,
reasoning_standardization_creator_aware,2025-03-06,2025-03-06,Jamba 1.6 Mini,ai21-labs,2.55255646375268,52.0,0.14545454545454545,-0.30072459262169393,-0.30072459262169393,26.018290058987514,26.018290058987514,55,55,14,14,2025-02-26,2025-02-26,True,"[1.148144032154115,0.09322443392124392,0.01340356660345283]","[1.148144032154115,0.09322443392124392,0.01340356660345283]",,,2.55255646375268,0.0,observed non-reasoning,0,0,
reasoning_standardization_creator_aware,2025-03-12,2025-03-12,Gemma 3 12B Instruct,google,5.50602790343347,12.2,0.6271186440677966,0.7319737230535497,0.7319737230535497,65.81631361655646,65.81631361655646,59,59,15,15,2025-03-06,2025-03-06,True,"[1.0553644053652274,0.08031550789157059,0.14625947008051354]","[1.0553644053652274,0.08031550789157059,0.14625947008051354]",,,5.50602790343347,0.0,observed non-reasoning,0,0,
reasoning_standardization_creator_aware,2025-03-12,2025-03-12,Gemma 3 27B Instruct,google,7.41891747896191,27.4,0.8135593220338984,0.5342176887069676,0.5342176887069676,93.74934703107724,93.74934703107724,59,59,15,15,2025-03-06,2025-03-06,True,"[1.0553644053652274,0.08031550789157059,0.14625947008051354]","[1.0553644053652274,0.08031550789157059,0.14625947008051354]",,,7.41891747896191,0.0,observed non-reasoning,0,0,
reasoning_standardization_creator_aware,2025-03-12,2025-03-12,Gemma 3 4B Instruct,google,1.1203216280049,4.3,0.01694915254237288,0.8326248711744174,0.8326248711744174,29.247808246355678,29.247808246355678,59,59,15,15,2025-03-06,2025-03-06,True,"[1.0553644053652274,0.08031550789157059,0.14625947008051354]","[1.0553644053652274,0.08031550789157059,0.14625947008051354]",,,1.1203216280049,0.0,observed non-reasoning,0,0,
reasoning_standardization_creator_aware,2025-03-13,2025-03-13,DeepHermes 3 - Mistral 24B Preview (Non-reasoning),nous-research,5.30756351198045,24.0,0.6,0.24497765403875027,0.24497765403875027,42.18799596007126,42.18799596007126,60,60,15,15,2025-03-12,2025-03-12,True,"[1.258583252302579,0.08672759653223608,-0.042676221424741645]","[1.258583252302579,0.08672759653223608,-0.042676221424741645]",,,5.30756351198045,0.0,observed non-reasoning,0,0,
reasoning_standardization_creator_aware,2025-03-13,2025-03-13,Gemma 3 1B Instruct,google,1.0,1.0,0.0,1.4568300706957351,1.4568300706957351,28.63057503071954,28.63057503071954,59,59,15,15,2025-03-06,2025-03-06,True,"[1.0553644053652274,0.08031550789157059,0.14625947008051354]","[1.0553644053652274,0.08031550789157059,0.14625947008051354]",,,1.0,0.0,observed non-reasoning,0,0,
reasoning_standardization_creator_aware,2025-03-13,2025-03-13,OLMo 2 32B,ai2,5.01350341020708,32.2,0.559322033898305,0.07304707648762232,0.07304707648762232,38.09806761033477,38.09806761033477,59,59,15,15,2025-03-12,2025-03-12,True,"[1.3358510064762668,0.08221648282152845,-0.07611986490156168]","[1.3358510064762668,0.08221648282152845,-0.07611986490156168]",,,5.01350341020708,0.0,observed non-reasoning,0,0,
reasoning_standardization_creator_aware,2025-03-17,2025-03-17,Mistral Small 3.1,mistral,14.7448087533968,24.0,1.0,1.1572388187525395,1.1572388187525395,344.70696642939237,344.70696642939237,57,57,15,15,2025-03-13,2025-03-13,True,"[1.3071292062925772,0.1045257842381782,-0.1408849207209157]","[1.3071292062925772,0.1045257842381782,-0.1408849207209157]",,,14.7448087533968,0.0,observed non-reasoning,0,0,
reasoning_standardization_creator_aware,2025-03-18,2025-03-18,Llama 3.3 Nemotron Super 49B v1 (Reasoning),nvidia,12.2497049216913,49.0,0.9692307692307692,0.41802960212048235,0.10053771490148833,128.29971219287336,61.76376969901754,65,65,15,15,2025-03-17,2025-03-17,True,"[1.4020682372067768,0.08389191333153255,-0.14550878321530725]","[1.4020682372067768,0.08389191333153255,-0.14550878321530725]",,,8.4651698621046,3.7845350595867,direct same-checkpoint non-reasoning score,1,1,2025-03-18
reasoning_standardization_creator_aware,2025-03-25,2025-03-25,DeepSeek V3 0324,deepseek,15.4301213476181,671.0,1.0,-0.7790310477013089,-0.6935464140379177,111.6070097723803,135.88643534984743,60,60,15,15,2025-03-18,2025-03-18,True,"[1.5184846040364657,0.056942304140512746,-0.15678818164259248]","[1.4813040404884859,0.06416135696235396,-0.15172927343522766]",,,15.4301213476181,0.0,observed non-reasoning,0,0,
reasoning_standardization_creator_aware,2025-04-05,2025-04-05,Llama 4 Maverick,meta,14.2657978659374,402.0,0.9629629629629629,-0.37673882643127055,-0.28640865693506257,168.84461986531153,207.88224397602642,54,54,15,15,2025-03-25,2025-03-25,True,"[1.463178360246717,0.07873363331844603,-0.15889005079063853]","[1.4205657241948346,0.08747472560384219,-0.15524014079958476]",,,14.2657978659374,0.0,observed non-reasoning,0,0,
reasoning_standardization_creator_aware,2025-04-05,2025-04-05,Llama 4 Scout,meta,10.0416226283387,109.0,0.9259259259259259,-0.14252393551737974,-0.08911767160270756,78.50594802303645,88.778709207535,54,54,15,15,2025-03-25,2025-03-25,True,"[1.463178360246717,0.07873363331844603,-0.15889005079063853]","[1.4205657241948346,0.08747472560384219,-0.15524014079958476]",,,10.0416226283387,0.0,observed non-reasoning,0,0,
reasoning_standardization_creator_aware,2025-04-16,2025-04-16,Granite 3.3 8B (Non-reasoning),ibm,1.75490516541906,8.17,0.05714285714285714,0.2946731683146169,0.2764701967886951,16.10257107819512,15.441598401546749,70,70,16,16,2025-04-05,2025-04-05,True,"[1.4137475330829052,0.08428381596170312,-0.15499637687366605]","[1.3757914297951155,0.09236656325627172,-0.1525634113290462]",,,1.75490516541906,0.0,observed non-reasoning,0,0,
reasoning_standardization_creator_aware,2025-04-28,2025-04-28,Qwen3 0.6B (Reasoning),alibaba,1.27626272437658,0.752,0.06349206349206349,1.1964847773105456,1.1520408741359685,11.822317481650462,10.67231695349908,63,63,16,16,2025-04-16,2025-04-16,True,"[1.45065251262395,0.09347997159814445,-0.21417730126839646]","[1.4047684355236876,0.1017785533340572,-0.20600800958258425]",,,1.0,0.27626272437658006,direct same-checkpoint non-reasoning score,1,1,2025-04-28
reasoning_standardization_creator_aware,2025-04-28,2025-04-28,Qwen3 1.7B (Reasoning),alibaba,2.63183438497504,2.03,0.1746031746031746,0.8919253803209687,0.7751004097152489,15.827831501083752,12.094737516863276,63,63,16,16,2025-04-16,2025-04-16,True,"[1.45065251262395,0.09347997159814445,-0.21417730126839646]","[1.4047684355236876,0.1017785533340572,-0.20600800958258425]",,,1.53388195372068,1.0979524312543598,direct same-checkpoint non-reasoning score,1,1,2025-04-28
reasoning_standardization_creator_aware,2025-04-28,2025-04-28,Qwen3 14B (Reasoning),alibaba,10.3754010792707,14.8,0.9206349206349206,0.7530280974903194,0.47020210037687016,83.80883677104377,43.698226938658415,63,63,16,16,2025-04-16,2025-04-16,True,"[1.45065251262395,0.09347997159814445,-0.21417730126839646]","[1.4047684355236876,0.1017785533340572,-0.20600800958258425]",,,7.0150697862136,3.3603312930571008,direct same-checkpoint non-reasoning score,1,1,2025-04-28
reasoning_standardization_creator_aware,2025-04-28,2025-04-28,Qwen3 235B A22B (Reasoning),alibaba,13.4314470294423,235.0,0.9365079365079365,-0.16209896076179353,-0.33970882307798256,161.79641760641658,107.48776661546749,63,63,16,16,2025-04-16,2025-04-16,True,"[1.45065251262395,0.09347997159814445,-0.21417730126839646]","[1.4047684355236876,0.1017785533340572,-0.20600800958258425]",,,10.8557141127146,2.5757329167277003,direct same-checkpoint non-reasoning score,1,1,2025-04-28
reasoning_standardization_creator_aware,2025-04-28,2025-04-28,Qwen3 30B A3B (Reasoning),alibaba,9.31370877037778,30.5,0.8888888888888888,0.33974300665721247,0.13465820853810073,66.68725573275543,41.5870436170325,63,63,16,16,2025-04-16,2025-04-16,True,"[1.45065251262395,0.09347997159814445,-0.21417730126839646]","[1.4047684355236876,0.1017785533340572,-0.20600800958258425]",,,6.80377018347357,2.5099385869042097,direct same-checkpoint non-reasoning score,1,1,2025-04-28
reasoning_standardization_creator_aware,2025-04-28,2025-04-28,Qwen3 32B (Reasoning),alibaba,11.5463546671141,32.8,0.9206349206349206,0.5168766773079445,0.28942653260362894,107.83271029600388,63.870508873904264,63,63,16,16,2025-04-16,2025-04-16,True,"[1.45065251262395,0.09347997159814445,-0.21417730126839646]","[1.4047684355236876,0.1017785533340572,-0.20600800958258425]",,,8.63463063811974,2.9117240289943602,direct same-checkpoint non-reasoning score,1,1,2025-04-28
reasoning_standardization_creator_aware,2025-04-28,2025-04-28,Qwen3 4B (Reasoning),alibaba,8.35012726236618,4.02,0.8571428571428571,1.129741220918107,1.0114643719253,54.19600497918569,41.275317724389645,63,63,16,16,2025-04-16,2025-04-16,True,"[1.45065251262395,0.09347997159814445,-0.21417730126839646]","[1.4047684355236876,0.1017785533340572,-0.20600800958258425]",,,6.7716649631882,1.578462299177981,direct same-checkpoint non-reasoning score,1,1,2025-04-28
reasoning_standardization_creator_aware,2025-04-28,2025-04-28,Qwen3 8B (Reasoning),alibaba,8.28648432223442,8.19,0.8571428571428571,0.8147340320062193,0.5296343451447767,53.458643416608396,27.727980944209,63,63,16,16,2025-04-16,2025-04-16,True,"[1.45065251262395,0.09347997159814445,-0.21417730126839646]","[1.4047684355236876,0.1017785533340572,-0.20600800958258425]",,,5.07413466387747,3.21234965835695,direct same-checkpoint non-reasoning score,1,1,2025-04-28
reasoning_standardization_creator_aware,2025-05-20,2025-05-20,Gemma 3n E4B Instruct Preview (May '25),google,4.5503780804653,8.39,0.44,0.5134099248477303,0.528076546826696,27.36351509040821,28.303393387943935,75,75,16,16,2025-04-28,2025-04-28,True,"[1.452458130136314,0.07728700953091754,-0.15406469966042974]","[1.3750054454824097,0.09180745060481982,-0.1431299501796719]",,,4.5503780804653,0.0,observed non-reasoning,0,0,
reasoning_standardization_creator_aware,2025-05-20,2025-05-20,Llama 3.1 Nemotron Nano 4B v1.1 (Reasoning),nvidia,8.54464480335446,4.51,0.8441558441558441,1.0402209693678914,0.7082721963212778,49.4763338398498,23.038210292786736,77,77,16,16,2025-04-28,2025-04-28,True,"[1.5038312419189819,0.09854667379530907,-0.2735092988711752]","[1.4548145579126028,0.10607537412616917,-0.2609625783592735]",,,4.989177055888861,3.555467747465599,equal-creator median of strictly earlier other-creator pairs,10,3,2025-04-28
reasoning_standardization_creator_aware,2025-05-21,2025-05-21,Devstral Small (May '25),mistral,11.8246453987468,23.6,0.9305555555555556,0.5918039865913454,0.7878815355072037,92.1968301234059,144.80832780100377,72,72,16,16,2025-05-20,2025-05-20,True,"[1.5732719567432232,0.09800485952588608,-0.32181782410600024]","[1.4417401905403309,0.12063788739023984,-0.29666472714342024]",,,11.8246453987468,0.0,observed non-reasoning,0,0,
reasoning_standardization_creator_aware,2025-05-23,2025-05-23,Sarvam M (Reasoning),sarvam,3.02865938484657,23.6,0.25609756097560976,-0.26200844004770163,-0.6394532694044502,12.909325842950688,5.413258089438602,82,82,17,17,2025-05-21,2025-05-21,True,"[1.614379856057734,0.08890500712926157,-0.3233024296075819]","[1.517132304350387,0.1055584960171725,-0.3046111666909899]",,,-0.526808362619029,3.555467747465599,equal-creator median of strictly earlier other-creator pairs,15,5,2025-05-22
reasoning_standardization_creator_aware,2025-05-28,2025-05-28,DeepSeek R1 0528 (May '25),deepseek,20.0823831450007,685.0,1.0,-0.6054361109719011,-0.7247634580626352,169.9238973849484,129.1002589655373,75,75,17,17,2025-05-23,2025-05-23,True,"[1.65530518364378,0.06187004000230999,-0.27770172641658514]","[1.5669686435582009,0.0646905165521969,-0.21847450557230985]",,,16.526915397535102,3.555467747465599,equal-creator median of strictly earlier other-creator pairs,15,5,2025-05-22
reasoning_standardization_creator_aware,2025-05-29,2025-05-29,DeepSeek R1 0528 Qwen3 8B,deepseek,10.3678998244844,8.19,0.9066666666666666,0.7151747812277316,0.5686101170304223,42.50682656138094,30.33150911774342,75,75,17,17,2025-05-23,2025-05-23,True,"[1.65530518364378,0.06187004000230999,-0.27770172641658514]","[1.5669686435582009,0.0646905165521969,-0.21847450557230985]",,,6.812432077018801,3.555467747465599,equal-creator median of strictly earlier other-creator pairs,15,5,2025-05-22
reasoning_standardization_creator_aware,2025-06-10,2025-06-10,Magistral Small 1,mistral,10.6974514827872,23.6,0.9066666666666666,0.44188569303283765,0.2500633984326057,65.28263808080264,41.97352093629122,75,75,17,17,2025-05-29,2025-05-29,True,"[1.5640027027319001,0.08844488046476515,-0.2850425037740953]","[1.4158919717262173,0.09552996379529977,-0.1947959080462026]",,,7.141983735321601,3.555467747465599,equal-creator median of strictly earlier other-creator pairs,15,5,2025-05-22
reasoning_standardization_creator_aware,2025-06-17,2025-06-17,MiniMax M1 40k,minimax,14.4084774293438,456.0,0.9651162790697675,-0.6044588790045022,-0.7688971061329708,113.37204060594625,77.6368196656402,86,86,18,18,2025-06-10,2025-06-10,True,"[1.6045047106624624,0.08085820442930618,-0.29083432313187735]","[1.4799358702247278,0.08552797168981091,-0.21073218270301394]",,,10.8530096818782,3.555467747465599,equal-creator median of strictly earlier other-creator pairs,15,5,2025-05-22
reasoning_standardization_creator_aware,2025-06-17,2025-06-17,MiniMax M1 80k,minimax,17.6740343374815,456.0,0.9883720930232558,-0.340411810950771,-0.4896006473423027,208.2346665116657,147.694456610854,86,86,18,18,2025-06-10,2025-06-10,True,"[1.6045047106624624,0.08085820442930618,-0.29083432313187735]","[1.4799358702247278,0.08552797168981091,-0.21073218270301394]",,,14.118566590015902,3.555467747465599,equal-creator median of strictly earlier other-creator pairs,15,5,2025-05-22
reasoning_standardization_creator_aware,2025-06-20,2025-06-20,Mistral Small 3.2,mistral,10.557101536401,24.0,0.8831168831168831,0.49913333770748936,0.7000375722464551,75.74336222593453,120.29534276680758,77,77,18,18,2025-06-17,2025-06-17,True,"[1.4922525951317087,0.09972584089285841,-0.26987306765349545]","[1.29097999218956,0.10957513447904212,-0.14898916349457303]",,,10.557101536401,0.0,observed non-reasoning,0,0,
reasoning_standardization_creator_aware,2025-06-26,2025-06-26,Gemma 3n E2B Instruct,google,1.0,5.98,0.0,0.2906151132813951,0.3954071721451585,11.676597156398175,14.86306428321084,84,84,18,18,2025-06-20,2025-06-20,True,"[1.4751929865439577,0.08414930621681556,-0.198139465108132]","[1.305280469084005,0.09111258098026322,-0.0903197182559953]",,,1.0,0.0,observed non-reasoning,0,0,
reasoning_standardization_creator_aware,2025-06-26,2025-06-26,Gemma 3n E4B Instruct,google,1.19081093557055,8.39,0.011904761904761904,0.15961094428794909,0.26573167212396054,12.116380549063265,15.470118235544806,84,84,18,18,2025-06-20,2025-06-20,True,"[1.4751929865439577,0.08414930621681556,-0.198139465108132]","[1.305280469084005,0.09111258098026322,-0.0903197182559953]",,,1.19081093557055,0.0,observed non-reasoning,0,0,
reasoning_standardization_creator_aware,2025-06-30,2025-06-30,ERNIE 4.5 300B A47B,baidu,9.02285916292985,300.0,0.7802197802197802,-0.7885442106446368,-0.6306432682011387,48.8176696375235,70.22277483737214,91,91,19,19,2025-06-26,2025-06-26,True,"[1.5241875590630165,0.09222056244740534,-0.26770445938596393]","[1.356036222611827,0.09862190221677151,-0.16013657360767405]",,,9.02285916292985,0.0,observed non-reasoning,0,0,
reasoning_standardization_creator_aware,2025-07-07,2025-07-07,Jamba 1.7 Large,ai21-labs,5.29845041177405,398.0,0.48863636363636365,-1.2356626237925759,-1.1050400313460496,23.132386943159545,31.249497684129057,88,88,19,19,2025-06-30,2025-06-30,True,"[1.3952753291999627,0.10061667487577858,-0.22446854265472463]","[1.235676514538457,0.10808953419857004,-0.12475018689259054]",,,5.29845041177405,0.0,observed non-reasoning,0,0,
reasoning_standardization_creator_aware,2025-07-07,2025-07-07,Jamba 1.7 Mini,ai21-labs,2.73205930270251,52.0,0.17045454545454544,-0.6100046351792272,-0.4985603224580555,12.764350128271706,16.498445298457007,88,88,19,19,2025-06-30,2025-06-30,True,"[1.3952753291999627,0.10061667487577858,-0.22446854265472463]","[1.235676514538457,0.10808953419857004,-0.12475018689259054]",,,2.73205930270251,0.0,observed non-reasoning,0,0,
reasoning_standardization_creator_aware,2025-07-10,2025-07-10,Devstral Small (Jul '25),mistral,9.25715034718351,24.0,0.8170731707317073,0.48991277022984114,0.6693718398625053,74.1521951218321,112.09418444850638,82,82,19,19,2025-07-07,2025-07-07,True,"[1.3155345779462753,0.0995745438780836,-0.14561898416576596]","[1.1411464296878657,0.11425884998628068,-0.05919933172181702]",,,9.25715034718351,0.0,observed non-reasoning,0,0,
reasoning_standardization_creator_aware,2025-07-10,2025-07-10,LFM2 1.2B,liquidai,1.14955749711073,1.17,0.0425531914893617,1.0014329242742441,1.0673709781183398,11.738667086452878,13.663338878889203,94,94,20,20,2025-07-07,2025-07-07,True,"[1.3609591632911444,0.09279563911687344,-0.15784443327316267]","[1.2131704260283498,0.10314952097965517,-0.07780494876010877]",,,1.14955749711073,0.0,observed non-reasoning,0,0,
reasoning_standardization_creator_aware,2025-07-11,2025-07-11,Kimi K2,kimi,19.3982663833847,1040.0,0.9895833333333334,-0.13280613508396666,0.137803992959042,765.9972389521022,1428.3588574698279,96,96,21,21,2025-07-10,2025-07-10,True,"[1.4685148411593212,0.11219238275844552,-0.3013214904088763]","[1.307464104890651,0.12258665812522421,-0.21019520377832404]",,,19.3982663833847,0.0,observed non-reasoning,0,0,
reasoning_standardization_creator_aware,2025-07-15,2025-07-15,EXAONE 4.0 32B (Reasoning),lg,10.5938528588974,32.0,0.865979381443299,0.4076783025087254,-0.0023090144325055295,81.8141232761864,31.830317005904362,97,97,22,22,2025-07-11,2025-07-11,True,"[1.4523973768558447,0.11535543147308824,-0.3004151917694429]","[1.328124529951323,0.1188262655421559,-0.21266478354409235]",,,6.00771880500359,4.58613405389381,direct same-checkpoint non-reasoning score,1,1,2025-07-15
reasoning_standardization_creator_aware,2025-07-15,2025-07-15,Exaone 4.0 1.2B (Reasoning),lg,2.90389591958628,1.28,0.1958762886597938,0.91854001043706,1.0108631299873183,10.610845233232032,13.12420784641771,97,97,22,22,2025-07-11,2025-07-11,True,"[1.4523973768558447,0.11535543147308824,-0.3004151917694429]","[1.328124529951323,0.1188262655421559,-0.21266478354409235]",,,2.76964797532065,0.13424794426562991,direct same-checkpoint non-reasoning score,1,1,2025-07-15
reasoning_standardization_creator_aware,2025-07-21,2025-07-21,Qwen3 235B A22B 2507 Instruct,alibaba,18.1559405761184,235.0,0.9759036144578314,0.4273951898869526,0.5931306756738359,628.7283624322935,920.8704519433558,83,83,22,22,2025-07-15,2025-07-15,True,"[1.5002988941029693,0.11988084681989367,-0.3442384737080777]","[1.3609288345518185,0.12258132466255112,-0.2438825756996158]",,,18.1559405761184,0.0,observed non-reasoning,0,0,
reasoning_standardization_creator_aware,2025-07-22,2025-07-22,Qwen3 Coder 480B A35B Instruct,alibaba,17.9828421643159,480.0,0.9759036144578314,0.0955281570168367,0.26107095385240386,598.0939294112574,875.6129806976738,83,83,22,22,2025-07-15,2025-07-15,True,"[1.5002988941029693,0.11988084681989367,-0.3442384737080777]","[1.3609288345518185,0.12258132466255112,-0.2438825756996158]",,,17.9828421643159,0.0,observed non-reasoning,0,0,
reasoning_standardization_creator_aware,2025-07-25,2025-07-25,Llama Nemotron Super 49B v1.5 (Reasoning),nvidia,12.4221286368344,49.0,0.8877551020408163,0.4274284403049451,0.10370881235146157,131.10658955428988,62.21640204423768,98,98,22,22,2025-07-22,2025-07-22,True,"[1.4930834230789085,0.12138887597906554,-0.3447113740873188]","[1.3639146780392335,0.12182886733894684,-0.24503171653274508]",,,8.68361873207067,3.7385099047637294,direct same-checkpoint non-reasoning score,1,1,2025-07-25
reasoning_standardization_creator_aware,2025-07-25,2025-07-25,Qwen3 235B A22B 2507 (Reasoning),alibaba,19.608297149775,235.0,0.9879518072289156,0.597735031516534,0.4567874370907439,930.6853844790147,672.7524675501056,83,83,22,22,2025-07-15,2025-07-15,True,"[1.5002988941029693,0.11988084681989367,-0.3442384737080777]","[1.3609288345518185,0.12258132466255112,-0.2438825756996158]",,,17.065461397959048,2.542835751815955,median of >=2 strictly earlier same-creator pairs,8,1,2025-04-28
reasoning_standardization_creator_aware,2025-07-28,2025-07-28,GLM-4.5 (Reasoning),zai,19.4874215767973,355.0,0.9805825242718447,0.339473249369318,0.16015973767998037,775.7139514364136,513.3198878801011,103,103,23,23,2025-07-25,2025-07-25,True,"[1.5347652089030437,0.11775972853055662,-0.3655989444942494]","[1.385839165803265,0.1214478260250899,-0.26133198312749]",,,16.43826982715652,3.049151749640777,equal-creator median of strictly earlier other-creator pairs,20,6,2025-07-25
reasoning_standardization_creator_aware,2025-07-28,2025-07-28,GLM-4.5-Air,zai,16.5175026250852,106.0,0.941747572815534,0.5146588876482694,0.3243920253141561,346.7087106338155,223.71643525897673,103,103,23,23,2025-07-25,2025-07-25,True,"[1.5347652089030437,0.11775972853055662,-0.3655989444942494]","[1.385839165803265,0.1214478260250899,-0.26133198312749]",,,13.468350875444422,3.049151749640777,equal-creator median of strictly earlier other-creator pairs,20,6,2025-07-25
reasoning_standardization_creator_aware,2025-07-29,2025-07-29,Qwen3 30B A3B 2507 Instruct,alibaba,9.06268625325331,30.5,0.7558139534883721,0.1742294122454231,0.3333057430453912,45.55428678944068,65.7060836725252,86,86,23,23,2025-07-28,2025-07-28,True,"[1.5517771670569127,0.11222221067665268,-0.35370289381730763]","[1.3926698740086039,0.11862856793861634,-0.252627798329287]",,,9.06268625325331,0.0,observed non-reasoning,0,0,
reasoning_standardization_creator_aware,2025-07-30,2025-07-30,Qwen3 30B A3B 2507 (Reasoning),alibaba,14.4377762633027,30.5,0.9186046511627907,0.7764655100129083,0.6686003525211648,182.29105120534547,142.200194974823,86,86,23,23,2025-07-28,2025-07-28,True,"[1.5517771670569127,0.11222221067665268,-0.35370289381730763]","[1.3926698740086039,0.11862856793861634,-0.252627798329287]",,,11.894940511486745,2.542835751815955,median of >=2 strictly earlier same-creator pairs,8,1,2025-04-28
reasoning_standardization_creator_aware,2025-07-31,2025-07-31,Qwen3 Coder 30B A3B Instruct,alibaba,13.6060200979137,30.5,0.8837209302325582,0.6821556086427707,0.870891616271487,146.70855785144673,226.5642879940324,86,86,23,23,2025-07-28,2025-07-28,True,"[1.5517771670569127,0.11222221067665268,-0.35370289381730763]","[1.3926698740086039,0.11862856793861634,-0.252627798329287]",,,13.6060200979137,0.0,observed non-reasoning,0,0,
reasoning_standardization_creator_aware,2025-08-05,2025-08-05,gpt-oss-120b (high),openai,23.8309678073278,117.0,1.0,1.186726104977934,1.0893697934955506,1798.506313557485,1437.327236376458,108,108,24,24,2025-07-31,2025-07-31,True,"[1.5811293418388697,0.11102407145075613,-0.3749032634857855]","[1.422173397342311,0.11770633819460892,-0.2741377554612413]",,,20.78181605768702,3.049151749640777,equal-creator median of strictly earlier other-creator pairs,20,6,2025-07-25
reasoning_standardization_creator_aware,2025-08-05,2025-08-05,gpt-oss-20b (high),openai,14.8851031229075,21.0,0.9166666666666666,0.939486352078301,0.7823513865202096,182.68615984938936,127.2244790570809,108,108,24,24,2025-07-31,2025-07-31,True,"[1.5811293418388697,0.11102407145075613,-0.3749032634857855]","[1.422173397342311,0.11770633819460892,-0.2741377554612413]",,,11.835951373266724,3.049151749640777,equal-creator median of strictly earlier other-creator pairs,20,6,2025-07-25
reasoning_standardization_creator_aware,2025-08-06,2025-08-06,Qwen3 4B 2507 (Reasoning),alibaba,11.9613767210176,4.02,0.8409090909090909,1.1702968730842134,0.8736813595513918,59.50081660862939,30.054355046745282,88,88,24,24,2025-08-05,2025-08-05,True,"[1.6956344945067405,0.08617500283199293,-0.3667461538277216]","[1.5584321174934421,0.09569455011540554,-0.2936634120326372]",,,7.12343132089494,4.837945400122661,direct same-checkpoint non-reasoning score,1,1,2025-08-06
reasoning_standardization_creator_aware,2025-08-06,2025-08-06,Qwen3 4B 2507 Instruct,alibaba,7.12343132089494,4.02,0.625,0.7533869145276156,0.8736813595513918,22.78310793385431,30.054355046745282,88,88,24,24,2025-08-05,2025-08-05,True,"[1.6956344945067405,0.08617500283199293,-0.3667461538277216]","[1.5584321174934421,0.09569455011540554,-0.2936634120326372]",,,7.12343132089494,0.0,observed non-reasoning,0,0,
reasoning_standardization_creator_aware,2025-08-11,2025-08-11,GLM-4.5V (Reasoning),zai,9.1467288377122,108.0,0.7181818181818181,-0.53238969795135,-0.6009388356942922,31.698160314549384,27.069792066035152,110,110,24,24,2025-08-06,2025-08-06,True,"[1.7158403362395445,0.0868145798887573,-0.38666510961577116]","[1.5837892005414265,0.09586637466561355,-0.31512844468300927]",,,6.99849110680714,2.14823773090506,direct same-checkpoint non-reasoning score,1,1,2025-08-11
reasoning_standardization_creator_aware,2025-08-14,2025-08-14,Gemma 3 270M,google,2.40584019270077,0.268,0.09433962264150944,1.5466243268537863,1.6293603083833204,9.435374031416728,11.415504311532,106,106,24,24,2025-08-11,2025-08-11,True,"[1.6840294741447983,0.0835556522957319,-0.3477867326695909]","[1.5484239452738695,0.09253913180538134,-0.2726244360142409]",,,2.40584019270077,0.0,observed non-reasoning,0,0,
reasoning_standardization_creator_aware,2025-08-18,2025-08-18,NVIDIA Nemotron Nano 9B V2 (Reasoning),nvidia,8.8402703566928,9.0,0.6818181818181818,0.5301425892863875,0.5235478824641601,30.50598825551497,30.04625798587543,110,110,24,24,2025-08-14,2025-08-14,True,"[1.7030116932178316,0.08831056860165716,-0.38020846991431645]","[1.5706270569636598,0.09661582099309818,-0.3066439838610911]",,,7.38105810507829,1.4592122516145096,direct same-checkpoint non-reasoning score,1,1,2025-08-18
reasoning_standardization_creator_aware,2025-08-20,2025-08-20,Seed-OSS-36B-Instruct,bytedance_seed,18.3353754400112,36.2,0.9565217391304348,0.7407908198181268,0.661067847128805,199.2963708504024,165.87327431776612,115,115,25,25,2025-08-18,2025-08-18,True,"[1.7279394732110158,0.08865849145559795,-0.40019053245546327]","[1.588435890237747,0.097654167625621,-0.32305991775575493]",,,15.178254029265487,3.157121410745715,equal-creator median of strictly earlier other-creator pairs,27,8,2025-08-18
reasoning_standardization_creator_aware,2025-08-21,2025-08-21,DeepSeek V3.1 (Non-reasoning),deepseek,21.0458273828992,685.0,0.9905660377358491,-0.4506713111040286,-0.20074045258338957,242.6717714431162,431.46951735336046,106,106,25,25,2025-08-20,2025-08-20,True,"[1.7466612389811202,0.07991887639799294,-0.3958205738499752]","[1.6183919275124323,0.08936823064244169,-0.3278034034071823]",,,21.0458273828992,0.0,observed non-reasoning,0,0,
reasoning_standardization_creator_aware,2025-08-27,2025-08-27,Hermes 4 - Llama-3.1 405B (Reasoning),nous-research,9.0,406.0,0.6578947368421053,-1.181583913954768,-1.0594684922271158,26.7265018882323,35.404424666306866,114,114,25,25,2025-08-21,2025-08-21,True,"[1.7593825826111678,0.08242820712502152,-0.4049391155607479]","[1.6282026396830502,0.0919681067226445,-0.3348933289928192]",,,8.8,0.1999999999999993,direct same-checkpoint non-reasoning score,1,1,2025-08-27
reasoning_standardization_creator_aware,2025-08-27,2025-08-27,Hermes 4 - Llama-3.1 70B (Reasoning),nous-research,9.96987899577156,70.6,0.7280701754385965,-0.34191719467971105,-0.4747081561046891,32.128282243216546,23.664457068927966,114,114,25,25,2025-08-21,2025-08-21,True,"[1.7593825826111678,0.08242820712502152,-0.4049391155607479]","[1.6282026396830502,0.0919681067226445,-0.3348933289928192]",,,6.89759053830903,3.0722884574625304,direct same-checkpoint non-reasoning score,1,1,2025-08-27
reasoning_standardization_creator_aware,2025-09-02,2025-09-02,Apertus 70B Instruct,swiss-ai-initiative,2.39788394873817,70.0,0.11764705882352941,-0.9385914856970135,-0.8648930441263095,8.06318370117487,9.554434684806969,119,119,26,26,2025-08-27,2025-08-27,True,"[1.7355858200081336,0.08162600573139396,-0.3839092006974348]","[1.6052295131035368,0.09150947609267296,-0.3163453180566009]",,,2.39788394873817,0.0,observed non-reasoning,0,0,
reasoning_standardization_creator_aware,2025-09-02,2025-09-02,Apertus 8B Instruct,swiss-ai-initiative,1.0,8.0,0.01680672268907563,-0.11068711588622548,-0.05080461889138299,6.200159630991478,7.1168099448188515,119,119,26,26,2025-08-27,2025-08-27,True,"[1.7355858200081336,0.08162600573139396,-0.3839092006974348]","[1.6052295131035368,0.09150947609267296,-0.3163453180566009]",,,1.0,0.0,observed non-reasoning,0,0,
reasoning_standardization_creator_aware,2025-09-05,2025-09-05,Kimi K2 0905,kimi,23.5369879030907,1040.0,0.9916666666666667,-0.5626149816458765,-0.277661027404867,284.72025086706395,548.7471932267539,120,120,26,26,2025-09-02,2025-09-02,True,"[1.706894613452941,0.06852818475089133,-0.3232064053714207]","[1.5902082423366746,0.07943006395761106,-0.2690377664670051]",,,23.5369879030907,0.0,observed non-reasoning,0,0,
reasoning_standardization_creator_aware,2025-09-09,2025-09-09,Ling-mini-2.0,inclusionai,3.75250984216971,16.3,0.29508196721311475,-0.1282615113044907,-0.05517835471349519,12.131823772476068,14.35520007019388,122,122,27,27,2025-09-05,2025-09-05,True,"[1.6769450147894063,0.07594539971360662,-0.32656949742678537]","[1.5669235315828534,0.0854659185064978,-0.2717526884111714]",,,3.75250984216971,0.0,observed non-reasoning,0,0,
reasoning_standardization_creator_aware,2025-09-11,2025-09-11,Qwen3 Next 80B A3B (Reasoning),alibaba,16.7202061501106,80.0,0.9191919191919192,0.18170035155937403,0.11982849406794505,121.55990123468945,105.41890020142402,99,99,27,27,2025-09-09,2025-09-09,True,"[1.6533839300175988,0.07429367947904014,-0.30095977441993754]","[1.5521887835746901,0.08412138297000858,-0.25378804935230653]",,,13.7235757002447,2.996630449865899,direct same-checkpoint non-reasoning score,1,1,2025-09-11
reasoning_standardization_creator_aware,2025-09-11,2025-09-11,Qwen3 Next 80B A3B Instruct,alibaba,13.7235757002447,80.0,0.8484848484848485,-0.04093035060009509,0.11982849406794505,72.8047368372085,105.41890020142402,99,99,27,27,2025-09-09,2025-09-09,True,"[1.6533839300175988,0.07429367947904014,-0.30095977441993754]","[1.5521887835746901,0.08412138297000858,-0.25378804935230653]",,,13.7235757002447,0.0,observed non-reasoning,0,0,
reasoning_standardization_creator_aware,2025-09-17,2025-09-17,Ling-flash-2.0,inclusionai,9.74106703126045,103.0,0.717741935483871,-0.4803072845959564,-0.3494767728048478,34.08238202650664,46.06387318375794,124,124,27,27,2025-09-11,2025-09-11,True,"[1.6767443501672503,0.07580895142657623,-0.325653390454379]","[1.5670998315730191,0.08531809437907636,-0.2711072389934535]",,,9.74106703126045,0.0,observed non-reasoning,0,0,
reasoning_standardization_creator_aware,2025-09-17,2025-09-17,Magistral Small 1.2,mistral,11.2923034993806,24.0,0.7678571428571429,0.2871185162089407,0.21250168695183658,46.48681135982463,39.148301886885136,112,112,27,27,2025-09-11,2025-09-11,True,"[1.6618997879075972,0.07555906765980636,-0.31278901489560235]","[1.558726177721606,0.0862551638731332,-0.26560427796552494]",,,8.740343763410225,2.551959735970375,equal-creator median of strictly earlier other-creator pairs,31,10,2025-09-11
reasoning_standardization_creator_aware,2025-09-19,2025-09-19,Ring-flash-2.0,inclusionai,8.16391673848438,103.0,0.592,-0.6041199721180401,-0.7050479688926292,25.62814972623243,20.313710358845515,125,125,27,27,2025-09-17,2025-09-17,True,"[1.6802757687465864,0.07586304991609577,-0.32802474328982884]","[1.5695514476771795,0.08544270056015699,-0.27292973165082796]",,,5.611957002514005,2.551959735970375,equal-creator median of strictly earlier other-creator pairs,31,10,2025-09-11
reasoning_standardization_creator_aware,2025-09-22,2025-09-22,DeepSeek V3.1 Terminus (Reasoning),deepseek,30.4351098355133,685.0,1.0,0.2012083417937176,-0.21591961461169218,1088.676662632363,416.6495881600559,117,117,27,27,2025-09-19,2025-09-19,True,"[1.6132361179556685,0.07204770028450684,-0.28233159702617827]","[1.5118578752669138,0.08126261123675368,-0.23184264447962685]",,,21.405783902167,9.0293259333463,direct same-checkpoint non-reasoning score,1,1,2025-09-22
reasoning_standardization_creator_aware,2025-09-22,2025-09-22,Granite 4.0 H Small,ibm,5.23694356715463,32.0,0.41732283464566927,-0.267124012267117,-0.18239824430340068,17.299197863769805,21.025761510263614,127,127,27,27,2025-09-19,2025-09-19,True,"[1.6367465511424846,0.07312943104609071,-0.2869489488969411]","[1.532738544935239,0.08250281743084084,-0.23568698188831305]",,,5.23694356715463,0.0,observed non-reasoning,0,0,
reasoning_standardization_creator_aware,2025-09-22,2025-09-22,Granite 4.0 Micro,ibm,2.37152412563194,3.0,0.11023622047244094,0.5513582178661653,0.6092253022501144,10.677743217993763,12.199627126908853,127,127,27,27,2025-09-19,2025-09-19,True,"[1.6367465511424846,0.07312943104609071,-0.2869489488969411]","[1.532738544935239,0.08250281743084084,-0.23568698188831305]",,,2.37152412563194,0.0,observed non-reasoning,0,0,
reasoning_standardization_creator_aware,2025-09-22,2025-09-22,Qwen3 Omni 30B A3B (Reasoning),alibaba,9.63183764378847,35.3,0.7450980392156863,0.020246851091884954,-0.23109276538314627,36.9846536890109,20.73394489673813,102,102,27,27,2025-09-19,2025-09-19,True,"[1.6299874712948057,0.0739716419842098,-0.28428885409843574]","[1.524661515994632,0.08331734688561268,-0.23276202720912315]",,,5.11420251423705,4.5176351295514205,direct same-checkpoint non-reasoning score,1,1,2025-09-22
reasoning_standardization_creator_aware,2025-09-22,2025-09-22,Qwen3 Omni 30B A3B Instruct,alibaba,5.11420251423705,35.3,0.46078431372549017,-0.3139300373265821,-0.23109276538314627,17.1334439457192,20.73394489673813,102,102,27,27,2025-09-19,2025-09-19,True,"[1.6299874712948057,0.0739716419842098,-0.28428885409843574]","[1.524661515994632,0.08331734688561268,-0.23276202720912315]",,,5.11420251423705,0.0,observed non-reasoning,0,0,
reasoning_standardization_creator_aware,2025-09-23,2025-09-23,LFM2 2.6B,liquidai,2.70961931827752,2.57,0.1590909090909091,0.7693765637171835,0.8089811680780344,15.11157347317557,16.554432273182545,132,132,27,27,2025-09-22,2025-09-22,True,"[1.576260621820847,0.06412904241152076,-0.20929126696252978]","[1.4835173324139705,0.07471977778783072,-0.17128068497842483]",,,2.70961931827752,0.0,observed non-reasoning,0,0,
reasoning_standardization_creator_aware,2025-09-23,2025-09-23,Qwen3 VL 235B A22B (Reasoning),alibaba,20.6044533859359,235.0,0.9619047619047619,-0.005974145622083871,-0.28875321262558584,231.78947758180686,120.86892224653698,105,105,27,27,2025-09-22,2025-09-22,True,"[1.6384428706205814,0.07306086615838328,-0.28557282664747197]","[1.5329371692190403,0.0838168677841551,-0.23844274214258826]",,,14.3119980357684,6.292455350167501,direct same-checkpoint non-reasoning score,1,1,2025-09-23
reasoning_standardization_creator_aware,2025-09-29,2025-09-29,DeepSeek V3.2 Exp (Reasoning),deepseek,25.4456286220356,685.0,1.0,-0.17958376678586196,-0.2393491646896191,453.00897330963204,394.76751406106695,123,123,27,27,2025-09-23,2025-09-23,True,"[1.6216094693572225,0.07047186243580561,-0.27656332836020603]","[1.526947963817201,0.07983722652748107,-0.23092703094652778]",,,21.3296698546181,4.115958767417499,direct same-checkpoint non-reasoning score,1,1,2025-09-29
reasoning_standardization_creator_aware,2025-09-30,2025-09-30,Apriel-v1.5-15B-Thinker,servicenow,21.2340217329647,15.0,0.9705882352941176,1.2099044577534568,1.1519165472595416,243.2180021795485,212.81772989981903,136,136,28,28,2025-09-29,2025-09-29,True,"[1.6459281236703134,0.07217757418857561,-0.2886139899985901]","[1.5427639726990032,0.0830180888708489,-0.2429659467852889]",,,17.495511828200968,3.7385099047637294,equal-creator median of strictly earlier other-creator pairs,38,11,2025-09-29
reasoning_standardization_creator_aware,2025-09-30,2025-09-30,GLM-4.6 (Reasoning),zai,28.6958810162247,357.0,0.9924812030075187,0.3515431457649645,0.2084177455119698,802.0683179880557,576.8806363580769,133,133,27,27,2025-09-29,2025-09-29,True,"[1.659146131885369,0.07181821343248654,-0.29708760487933467]","[1.5595998098425083,0.08266416590222336,-0.2541750287001178]",,,22.978120124402,5.717760891822699,direct same-checkpoint non-reasoning score,1,1,2025-09-30
reasoning_standardization_creator_aware,2025-10-03,2025-10-03,Qwen3 VL 30B A3B (Reasoning),alibaba,13.3359417846299,30.0,0.8256880733944955,0.24480728725441536,0.15783514038292235,52.71431191146142,43.14757527670751,109,109,28,28,2025-09-30,2025-09-30,True,"[1.7209145282584217,0.06042078054246297,-0.29218329804715537]","[1.6311320216630265,0.07223706903780071,-0.26134233062191936]",,,10.017485295516,3.318456489113901,direct same-checkpoint non-reasoning score,1,1,2025-10-03
reasoning_standardization_creator_aware,2025-10-03,2025-10-03,Qwen3 VL 30B A3B Instruct,alibaba,10.017485295516,30.0,0.7431192660550459,0.04430355598595237,0.15783514038292235,33.22192631943813,43.14757527670751,109,109,28,28,2025-09-30,2025-09-30,True,"[1.7209145282584217,0.06042078054246297,-0.29218329804715537]","[1.6311320216630265,0.07223706903780071,-0.26134233062191936]",,,10.017485295516,0.0,observed non-reasoning,0,0,
reasoning_standardization_creator_aware,2025-10-07,2025-10-07,LFM2 8B A1B,liquidai,1.78196778459044,8.34,0.06521739130434782,0.21696900241702777,0.2230946507320707,13.744693288704685,13.939933480439466,138,138,28,28,2025-10-03,2025-10-03,True,"[1.646788357542577,0.05372858491596144,-0.21856990775115365]","[1.5681007524945099,0.06532026049954817,-0.1953684824589862]",,,1.78196778459044,0.0,observed non-reasoning,0,0,
reasoning_standardization_creator_aware,2025-10-08,2025-10-08,Jamba Reasoning 3B,ai21-labs,4.12816114339835,3.0,0.2962962962962963,0.6420524562024748,0.40137706045398996,13.157510065416922,7.559591276230349,135,135,28,28,2025-10-07,2025-10-07,True,"[1.693049345072692,0.06257167533924196,-0.30064720754684837]","[1.5992541174212151,0.0742541301980066,-0.2656272042286611]",,,0.1951618320344699,3.9329993113638797,equal-creator median of strictly earlier other-creator pairs,40,11,2025-10-03
reasoning_standardization_creator_aware,2025-10-08,2025-10-08,Ling-1T,inclusionai,12.7539983059008,1000.0,0.7898550724637681,-1.338349919471332,-1.1894341774452422,45.88281771204757,64.64959708184652,138,138,28,28,2025-10-07,2025-10-07,True,"[1.739174044691975,0.06056057753497895,-0.3070533076020526]","[1.6481623422157519,0.07259399420402372,-0.27581981958085505]",,,12.7539983059008,0.0,observed non-reasoning,0,0,
reasoning_standardization_creator_aware,2025-10-13,2025-10-13,Ring-1T,inclusionai,16.1614798571483,1000.0,0.8705035971223022,-1.1434196568956638,-1.2381758723218401,71.8754113317611,57.78619884556166,139,139,28,28,2025-10-08,2025-10-08,True,"[1.7486718023722199,0.06171729454003362,-0.3197858196655341]","[1.6523574079239953,0.07369341969024883,-0.2846116541778102]",,,12.228480545784421,3.9329993113638797,equal-creator median of strictly earlier other-creator pairs,40,11,2025-10-03
reasoning_standardization_creator_aware,2025-10-14,2025-10-14,Qwen3 VL 4B (Reasoning),alibaba,7.90202507801192,4.44,0.6017699115044248,0.763629358564291,0.5780714579189541,25.763942942135696,16.80561569533391,113,113,28,28,2025-10-13,2025-10-13,True,"[1.6835915059647195,0.060659615218683356,-0.2700454426767225]","[1.5911944550779444,0.07268569635952522,-0.23810376686039747]",,,4.08931533044794,3.8127097475639795,direct same-checkpoint non-reasoning score,1,1,2025-10-14
reasoning_standardization_creator_aware,2025-10-14,2025-10-14,Qwen3 VL 4B Instruct,alibaba,4.08931533044794,4.44,0.336283185840708,0.5323518523365369,0.5780714579189541,15.126373593038107,16.80561569533391,113,113,28,28,2025-10-13,2025-10-13,True,"[1.6835915059647195,0.060659615218683356,-0.2700454426767225]","[1.5911944550779444,0.07268569635952522,-0.23810376686039747]",,,4.08931533044794,0.0,observed non-reasoning,0,0,
reasoning_standardization_creator_aware,2025-10-14,2025-10-14,Qwen3 VL 8B (Reasoning),alibaba,10.5801122882981,8.77,0.7610619469026548,0.6304644750109074,0.5975138058100249,37.45105603910057,34.71469861592465,113,113,28,28,2025-10-13,2025-10-13,True,"[1.6835915059647195,0.060659615218683356,-0.2700454426767225]","[1.5911944550779444,0.07268569635952522,-0.23810376686039747]",,,8.42385413137124,2.15625815692686,direct same-checkpoint non-reasoning score,1,1,2025-10-14
reasoning_standardization_creator_aware,2025-10-14,2025-10-14,Qwen3 VL 8B Instruct,alibaba,8.42385413137124,8.77,0.6371681415929203,0.499666684899577,0.5975138058100249,27.71189841130817,34.71469861592465,113,113,28,28,2025-10-13,2025-10-13,True,"[1.6835915059647195,0.060659615218683356,-0.2700454426767225]","[1.5911944550779444,0.07268569635952522,-0.23810376686039747]",,,8.42385413137124,0.0,observed non-reasoning,0,0,
reasoning_standardization_creator_aware,2025-10-21,2025-10-21,Qwen3 VL 32B (Reasoning),alibaba,17.9317412937176,33.4,0.9026548672566371,0.4904891793700843,0.20393687556139994,103.3321929389073,53.41747339419802,113,113,28,28,2025-10-13,2025-10-13,True,"[1.6835915059647195,0.060659615218683356,-0.2700454426767225]","[1.5911944550779444,0.07268569635952522,-0.23810376686039747]",,,11.0616934986541,6.870047795063501,direct same-checkpoint non-reasoning score,1,1,2025-10-21
reasoning_standardization_creator_aware,2025-10-21,2025-10-21,Qwen3 VL 32B Instruct,alibaba,11.0616934986541,33.4,0.7787610619469026,0.07375472358756885,0.20393687556139994,39.58231497836285,53.41747339419802,113,113,28,28,2025-10-13,2025-10-13,True,"[1.6835915059647195,0.060659615218683356,-0.2700454426767225]","[1.5911944550779444,0.07268569635952522,-0.23810376686039747]",,,11.0616934986541,0.0,observed non-reasoning,0,0,
reasoning_standardization_creator_aware,2025-10-26,2025-10-26,MiniMax-M2,minimax,28.3148278049522,230.0,0.9864864864864865,0.19947222875240822,0.26106773116894866,364.0827180881252,419.5614398825432,148,148,28,28,2025-10-21,2025-10-21,True,"[1.7042882166144921,0.05878159398696627,-0.2866196841217992]","[1.6177636300037797,0.07145769153257873,-0.26168698032514237]",,,24.38182849358832,3.9329993113638797,equal-creator median of strictly earlier other-creator pairs,44,11,2025-10-21
reasoning_standardization_creator_aware,2025-10-28,2025-10-28,Granite 4.0 1B,ibm,2.06682085198855,1.6,0.06756756756756757,0.8528289660861501,0.8720700646038371,11.401157592296913,11.917634095892874,148,148,28,28,2025-10-26,2025-10-26,True,"[1.6862632409117422,0.05796418390450942,-0.26538755941533987]","[1.598315099723649,0.06973265762849203,-0.23603084296878346]",,,2.06682085198855,0.0,observed non-reasoning,0,0,
reasoning_standardization_creator_aware,2025-10-28,2025-10-28,Granite 4.0 350M,ibm,1.0,0.35,0.02027027027027027,1.4510435043339696,1.4577297496868327,9.88807037464176,10.041481536204524,148,148,28,28,2025-10-26,2025-10-26,True,"[1.6862632409117422,0.05796418390450942,-0.26538755941533987]","[1.598315099723649,0.06973265762849203,-0.23603084296878346]",,,1.0,0.0,observed non-reasoning,0,0,
reasoning_standardization_creator_aware,2025-10-28,2025-10-28,Granite 4.0 H 1B,ibm,2.65758895076629,1.5,0.13513513513513514,0.9151010804088636,0.9412946177739842,12.336510691603376,13.103456667000003,148,148,28,28,2025-10-26,2025-10-26,True,"[1.6862632409117422,0.05796418390450942,-0.26538755941533987]","[1.598315099723649,0.06973265762849203,-0.23603084296878346]",,,2.65758895076629,0.0,observed non-reasoning,0,0,
reasoning_standardization_creator_aware,2025-10-28,2025-10-28,Granite 4.0 H 350M,ibm,1.0,0.34,0.02027027027027027,1.4636326316419899,1.4703188769948532,9.88807037464176,10.041481536204524,148,148,28,28,2025-10-26,2025-10-26,True,"[1.6862632409117422,0.05796418390450942,-0.26538755941533987]","[1.598315099723649,0.06973265762849203,-0.23603084296878346]",,,1.0,0.0,observed non-reasoning,0,0,
reasoning_standardization_creator_aware,2025-10-28,2025-10-28,NVIDIA Nemotron Nano 12B v2 VL (Reasoning),nvidia,8.95902880241623,13.2,0.6027397260273972,0.3340585866982029,0.12118342251108394,28.4860687367403,17.44847010579077,146,146,28,28,2025-10-26,2025-10-26,True,"[1.688238536462365,0.05919468272449242,-0.2706367474539174]","[1.601685009787531,0.07085268107695863,-0.242425999178856]",,,4.57814812742313,4.380880674993099,direct same-checkpoint non-reasoning score,1,1,2025-10-28
reasoning_standardization_creator_aware,2025-10-30,2025-10-30,Kimi Linear 48B A3B Instruct,kimi,8.52715848314644,49.1,0.6038961038961039,-0.3648834979994362,-0.2530562517300743,21.193271127026094,27.417335117837,154,154,28,28,2025-10-28,2025-10-28,True,"[1.7934753312711125,0.05853905818312864,-0.3417188354812275]","[1.6905486121061066,0.07028199250097708,-0.3011912529210059]",,,8.52715848314644,0.0,observed non-reasoning,0,0,
reasoning_standardization_creator_aware,2025-11-06,2025-11-06,Kimi K2 Thinking,kimi,32.7026871189548,1040.0,1.0,-0.282171694034671,-0.1685244992458519,543.077293868552,705.519204729632,154,154,28,28,2025-10-28,2025-10-28,True,"[1.7934753312711125,0.05853905818312864,-0.3417188354812275]","[1.6905486121061066,0.07028199250097708,-0.3011912529210059]",,,28.678208079564108,4.024479039390689,equal-creator median of strictly earlier other-creator pairs,46,12,2025-10-29
reasoning_standardization_creator_aware,2025-11-20,2025-11-20,Olmo 3 32B Think,ai2,6.40484835766603,32.2,0.45454545454545453,-0.3170258818785705,-0.5249361182849821,15.517794269488068,9.614346132741314,154,154,28,28,2025-11-06,2025-11-06,True,"[1.7816749302020707,0.06172141230657839,-0.34174135486375534]","[1.6854247378780465,0.07326026028701982,-0.30387533764305014]",,,2.3803693182753403,4.024479039390689,equal-creator median of strictly earlier other-creator pairs,48,12,2025-11-19
reasoning_standardization_creator_aware,2025-11-20,2025-11-20,Olmo 3 7B Instruct,ai2,2.80685761769941,7.0,0.18831168831168832,0.12365887986627278,0.16906635722176777,9.305868684232957,10.33152419846185,154,154,28,28,2025-11-06,2025-11-06,True,"[1.7816749302020707,0.06172141230657839,-0.34174135486375534]","[1.6854247378780465,0.07326026028701982,-0.30387533764305014]",,,2.80685761769941,0.0,observed non-reasoning,0,0,
reasoning_standardization_creator_aware,2025-11-20,2025-11-20,Olmo 3 7B Think,ai2,3.97391458412243,7.0,0.2857142857142857,0.19569128407613257,-0.04026912759371937,10.984728418580142,6.380120958248764,154,154,28,28,2025-11-06,2025-11-06,True,"[1.7816749302020707,0.06172141230657839,-0.34174135486375534]","[1.6854247378780465,0.07326026028701982,-0.30387533764305014]",,,-0.050564455268259145,4.024479039390689,equal-creator median of strictly earlier other-creator pairs,48,12,2025-11-19
reasoning_standardization_creator_aware,2025-11-25,2025-11-25,Apriel-v1.6-15B-Thinker,servicenow,20.5449792399318,15.0,0.94375,1.0106764901361012,0.9542920073171297,153.73322901028942,135.01538724205074,160,160,28,28,2025-11-20,2025-11-20,True,"[1.7206731352882647,0.06887241140290067,-0.3272721564129665]","[1.6065820942154667,0.08014667238786995,-0.27601102497400326]",,,16.520500200541107,4.024479039390689,equal-creator median of strictly earlier other-creator pairs,49,12,2025-11-24
reasoning_standardization_creator_aware,2025-11-27,2025-11-27,INTELLECT-3,prime-intellect,15.6118723003247,107.0,0.8580246913580247,-0.27209919665681914,-0.3704173979396881,57.18532333583097,45.60016139054146,162,162,29,29,2025-11-25,2025-11-25,True,"[1.7874991465559855,0.06282951418654847,-0.34807220564535]","[1.681227153456749,0.07420546128906737,-0.30366652141133577]",,,11.587393260934011,4.024479039390689,equal-creator median of strictly earlier other-creator pairs,50,12,2025-11-26
reasoning_standardization_creator_aware,2025-12-01,2025-12-01,DeepSeek V3.2 Speciale,deepseek,22.2410838975301,685.0,0.9666666666666667,-0.677029775728601,-0.7060120908718477,144.09894319622998,134.7964580240686,150,150,29,29,2025-11-27,2025-11-27,True,"[1.7366385045038055,0.061044677654739934,-0.3208978488738936]","[1.6279929179533879,0.07120546130305747,-0.27056702560907253]",,,18.1251251301126,4.115958767417499,median of >=2 strictly earlier same-creator pairs,3,1,2025-09-29
reasoning_standardization_creator_aware,2025-12-01,2025-12-02,DeepSeek V3.2 (Reasoning),deepseek,32.039941106813,685.0,0.9933333333333333,-0.07886169600310211,-0.24064242767382504,571.253502018209,393.593704961697,150,150,29,29,2025-11-27,2025-11-27,True,"[1.7366385045038055,0.061044677654739934,-0.3208978488738936]","[1.6279929179533879,0.07120546130305747,-0.27056702560907253]",,,24.6607146015067,7.3792265053062955,direct same-checkpoint non-reasoning score,1,1,2025-12-01
reasoning_standardization_creator_aware,2025-12-02,2025-12-02,Ministral 3 14B,mistral,11.0525122563915,14.0,0.7266666666666667,0.345145573319656,0.5053873370671269,30.99371312981586,44.82449162654569,150,150,29,29,2025-12-01,2025-12-01,True,"[1.7607821630598424,0.06361089300901891,-0.33323708081790016]","[1.6452045363521832,0.07512565806549736,-0.2823377086848369]",,,11.0525122563915,0.0,observed non-reasoning,0,0,
reasoning_standardization_creator_aware,2025-12-02,2025-12-02,Ministral 3 3B,mistral,6.80100025864863,3.0,0.5,0.7437098794632495,0.854996481421912,16.627659948276396,21.484128245024877,150,150,29,29,2025-12-01,2025-12-01,True,"[1.7607821630598424,0.06361089300901891,-0.33323708081790016]","[1.6452045363521832,0.07512565806549736,-0.2823377086848369]",,,6.80100025864863,0.0,observed non-reasoning,0,0,
reasoning_standardization_creator_aware,2025-12-02,2025-12-02,Ministral 3 8B,mistral,8.95728282101135,8.0,0.6133333333333333,0.45490420656263697,0.5910198956222872,22.803115844077407,31.19678806877975,150,150,29,29,2025-12-01,2025-12-01,True,"[1.7607821630598424,0.06361089300901891,-0.33323708081790016]","[1.6452045363521832,0.07512565806549736,-0.2823377086848369]",,,8.95728282101135,0.0,observed non-reasoning,0,0,
reasoning_standardization_creator_aware,2025-12-02,2025-12-02,Mistral Large 3,mistral,15.9300825619952,675.0,0.84,-1.0277635609794062,-0.8113577211164533,63.31989876571508,104.2187960224022,150,150,29,29,2025-12-01,2025-12-01,True,"[1.7607821630598424,0.06361089300901891,-0.33323708081790016]","[1.6452045363521832,0.07512565806549736,-0.2823377086848369]",,,15.9300825619952,0.0,observed non-reasoning,0,0,
reasoning_standardization_creator_aware,2025-12-04,2025-12-04,Motif-2-12.7B-Reasoning,motif-technologies,12.7862303747711,12.703860896,0.7751479289940828,0.48615398763518636,0.30877829286993563,38.91255229389527,25.865091706321603,169,169,30,30,2025-12-02,2025-12-02,True,"[1.7657614208764705,0.0641107338802226,-0.3404233680497529]","[1.6530714702112526,0.07560707395545625,-0.29177414740377317]",,,8.105026643823784,4.681203730947315,equal-creator median of strictly earlier other-creator pairs,52,12,2025-12-01
reasoning_standardization_creator_aware,2025-12-05,2025-12-05,K2-V2 (high),mbzuai,14.1865468448371,70.0,0.8058823529411765,-0.1975632547323527,-0.3485306706080855,44.41552350304069,31.373817749650904,170,170,31,31,2025-12-04,2025-12-04,True,"[1.806949300762343,0.0643816818052857,-0.3665375183317869]","[1.679567805892427,0.07639550668351605,-0.31063878347843193]",,,9.505343113889785,4.681203730947315,equal-creator median of strictly earlier other-creator pairs,52,12,2025-12-01
reasoning_standardization_creator_aware,2025-12-08,2025-12-08,GLM-4.6V (Reasoning),zai,16.7520987906239,108.0,0.8802395209580839,-0.22089047263743034,-0.4176494435641458,64.94313998791256,41.283291100872404,167,167,31,31,2025-12-05,2025-12-05,True,"[1.7968978370729474,0.06461419155734716,-0.36347413353506036]","[1.6582419215182025,0.07574657364504978,-0.29782891806067235]",,,10.9794158342048,5.7726829564191,direct same-checkpoint non-reasoning score,1,1,2025-12-08
reasoning_standardization_creator_aware,2025-12-09,2025-12-10,Devstral 2,mistral,19.1572180630673,125.0,0.8896103896103896,-0.11636859317149284,0.16441114192518613,95.61838845083156,182.52449474945269,154,154,31,31,2025-12-08,2025-12-08,True,"[1.7856923691918314,0.06398464097426429,-0.35092548361631254]","[1.6386238738365568,0.07560450174080732,-0.2810602648614884]",,,19.1572180630673,0.0,observed non-reasoning,0,0,
reasoning_standardization_creator_aware,2025-12-09,2025-12-10,Devstral Small 2,mistral,17.4365127569799,24.0,0.8571428571428571,0.49023146689244346,0.7510168459121354,74.20662991464567,135.27828462561536,154,154,31,31,2025-12-08,2025-12-08,True,"[1.7856923691918314,0.06398464097426429,-0.35092548361631254]","[1.6386238738365568,0.07560450174080732,-0.2810602648614884]",,,17.4365127569799,0.0,observed non-reasoning,0,0,
reasoning_standardization_creator_aware,2025-12-11,2025-12-11,Molmo2-8B,ai2,2.02725634867986,8.66,0.07784431137724551,-0.06873042883440694,0.006252536486015647,7.392434125435149,8.785579813683693,167,167,31,31,2025-12-10,2025-12-10,True,"[1.7967528001245774,0.06420980996049823,-0.3595198498967315]","[1.6628572932097356,0.07540659048462439,-0.29626204004465095]",,,2.02725634867986,0.0,observed non-reasoning,0,0,
reasoning_standardization_creator_aware,2025-12-12,2025-12-12,Olmo 3.1 32B Think,ai2,8.08969451731817,32.2,0.5029940119760479,-0.25078471751138376,-0.5189989787939724,18.07470235081756,9.746684156946658,167,167,31,31,2025-12-10,2025-12-10,True,"[1.7967528001245774,0.06420980996049823,-0.3595198498967315]","[1.6628572932097356,0.07540659048462439,-0.29626204004465095]",,,2.6359244420527936,5.453770075265377,equal-creator median of strictly earlier other-creator pairs,54,12,2025-12-11
reasoning_standardization_creator_aware,2025-12-15,2025-12-15,NVIDIA Nemotron 3 Nano 30B A3B (Reasoning),nvidia,14.1772902141795,31.6,0.7823529411764706,0.16104640288126681,-0.13587394959844623,45.78608239711072,23.110701755856677,170,170,31,31,2025-12-12,2025-12-12,True,"[1.7818387610379527,0.06377714192164181,-0.3470695291219572]","[1.6449205264209672,0.07434469305536574,-0.2811520588072949]",,,7.39064764386618,6.78664257031332,direct same-checkpoint non-reasoning score,1,1,2025-12-15
reasoning_standardization_creator_aware,2025-12-16,2025-12-16,MiMo-V2-Flash (Feb 2026),xiaomi,33.2191627306191,309.0,1.0,0.37914177247050285,0.39078641549145665,739.7760241521062,759.8797915467853,177,177,32,32,2025-12-15,2025-12-15,True,"[1.7919262494015515,0.06414964872044832,-0.35639729285027916]","[1.6457406012518627,0.07474980386336737,-0.2842366576782341]",,,27.765392655353722,5.453770075265377,equal-creator median of strictly earlier other-creator pairs,55,12,2025-12-15
reasoning_standardization_creator_aware,2025-12-17,2025-12-17,Solar Open 100B (Reasoning),upstage,15.1486437579736,102.0,0.8192090395480226,-0.3466870689800101,-0.263522761287321,45.91061419065794,55.60033528140529,177,177,32,32,2025-12-16,2025-12-16,True,"[2.0020749726304516,0.062265770122803286,-0.43363853142500347]","[1.8600428748859055,0.07245747035070013,-0.36334820109701393]",,,13.25475392868721,1.8938898292863908,median of >=2 strictly earlier same-creator pairs,2,1,2025-07-09
reasoning_standardization_creator_aware,2025-12-23,2025-12-23,MiniMax-M2.1,minimax,31.3574194809546,230.0,0.9829545454545454,0.28189201708008227,0.2600078185665611,440.1694054875887,418.53873232961524,176,176,32,32,2025-12-17,2025-12-17,True,"[1.8735381734282561,0.06047187717491554,-0.37840852261022434]","[1.7396091051306646,0.07107370534475184,-0.3152598866868343]",,,25.6121975568337,5.7452219241209,equal-creator median of strictly earlier other-creator pairs,58,13,2025-12-22
reasoning_standardization_creator_aware,2025-12-26,2025-12-26,HyperCLOVA X SEED Think (32B),naver,17.0238610537435,32.0,0.8555555555555555,0.2752423838203406,0.10295370581350549,60.3104212838103,40.56053587380199,180,180,33,33,2025-12-23,2025-12-23,True,"[1.8822382304011986,0.06039856354843351,-0.3786746538248899]","[1.7482327509535864,0.07070669671544165,-0.31418348709638483]",,,11.278639129622599,5.7452219241209,equal-creator median of strictly earlier other-creator pairs,58,13,2025-12-22
reasoning_standardization_creator_aware,2025-12-22,2025-12-27,GLM-4.7 (Reasoning),zai,33.70492387461,357.0,1.0,0.20213151467098234,0.11407093406709334,568.5906722324321,464.2363576912762,176,176,33,33,2025-12-26,2025-12-26,True,"[1.9071441452075908,0.05988466119675344,-0.39375441986310034]","[1.7655894279292264,0.07042951014827835,-0.3260047077712657]",,,26.5579223429147,7.147001531695302,direct same-checkpoint non-reasoning score,1,1,2025-12-22
reasoning_standardization_creator_aware,2026-01-04,2026-01-04,Falcon-H1R-7B,tii-uae,9.78848664324063,7.0,0.6318681318681318,0.47294261867357845,0.23627038259403943,20.798913976058817,12.060586354971479,182,182,34,34,2025-12-27,2025-12-27,True,"[1.9035180375239964,0.05944562976819985,-0.38796932497515746]","[1.7595098174114636,0.07030638550335068,-0.3198542183953307]",,,4.04326471911973,5.7452219241209,equal-creator median of strictly earlier other-creator pairs,59,13,2025-12-31
reasoning_standardization_creator_aware,2026-01-05,2026-01-05,LFM2.5-1.2B-Instruct,liquidai,2.70579873442983,1.17,0.14444444444444443,0.8415520117485348,0.9467966213378775,8.123400652260369,10.351004159009618,180,180,34,34,2026-01-04,2026-01-04,True,"[1.9229607898751064,0.0578985835883478,-0.3884549403354498]","[1.7635854149943653,0.06829498047452968,-0.3099297010743467]",,,2.70579873442983,0.0,observed non-reasoning,0,0,
reasoning_standardization_creator_aware,2026-01-05,2026-01-05,LFM2.5-VL-1.6B,liquidai,1.00833260126154,1.6,0.027777777777777776,0.6073370060391379,0.6949340840072105,6.478239334299193,7.925999975635214,180,180,34,34,2026-01-04,2026-01-04,True,"[1.9229607898751064,0.0578985835883478,-0.3884549403354498]","[1.7635854149943653,0.06829498047452968,-0.3099297010743467]",,,1.00833260126154,0.0,observed non-reasoning,0,0,
reasoning_standardization_creator_aware,2025-12-31,2026-01-08,K-EXAONE (Reasoning),lg,22.1029351957245,236.0,0.9344262295081968,-0.3352547305820246,-0.40208149514878366,109.05793557195447,93.50406844486227,183,183,34,34,2026-01-05,2026-01-05,True,"[1.9544139090494808,0.059282849485886434,-0.4093073613089466]","[1.795712636015476,0.07015496070504838,-0.3332377226909972]",,,16.736475392585,5.366459803139499,direct same-checkpoint non-reasoning score,1,1,2025-12-31
reasoning_standardization_creator_aware,2026-01-13,2026-01-13,Olmo 3.1 32B Instruct,ai2,6.46912768036033,32.2,0.4067796610169492,-0.4386922788053613,-0.2874603075332123,11.726369989508372,16.610991812240197,177,177,34,34,2026-01-08,2026-01-08,True,"[1.960509254181454,0.061692143657121896,-0.42539098885879484]","[1.7957503535907937,0.07283421241816923,-0.34498607803167064]",,,6.46912768036033,0.0,observed non-reasoning,0,0,
reasoning_standardization_creator_aware,2026-01-19,2026-01-19,GLM-4.7-Flash (Reasoning),zai,22.889582024901,31.2,0.9502762430939227,0.5837495745822916,0.37738421027741587,119.64764877327718,74.39415312575815,181,181,34,34,2026-01-13,2026-01-13,True,"[1.9507455353913496,0.06191384319175608,-0.4229632243057808]","[1.7855963707214364,0.07261132092364357,-0.34121070903604567]",,,15.5158094427037,7.373772582197299,direct same-checkpoint non-reasoning score,1,1,2026-01-19
reasoning_standardization_creator_aware,2026-01-20,2026-01-20,LFM2.5-1.2B-Thinking,liquidai,2.74557989090055,1.17,0.14754098360655737,0.8510899235486858,0.5646324051002121,8.30377905963012,4.293567222500649,183,183,34,34,2026-01-19,2026-01-19,True,"[1.907793949856845,0.057270960673713164,-0.3753263671394976]","[1.7485943395635017,0.0680376425964604,-0.29859636363469283]",,,-3.0020127454613474,5.747592636361897,equal-creator median of strictly earlier other-creator pairs,60,13,2026-01-19
reasoning_standardization_creator_aware,2026-01-20,2026-01-20,Step3 VL 10B,stepfun,9.47427987918561,10.2,0.6117021276595744,0.2427662920122169,0.013672134418385662,17.838833983722107,10.526216693201349,188,188,35,35,2026-01-19,2026-01-19,True,"[1.95333902580393,0.0611455406837685,-0.4197205769422594]","[1.7861642544160765,0.07227037769493667,-0.33846097389419766]",,,3.726687242823713,5.747592636361897,equal-creator median of strictly earlier other-creator pairs,60,13,2026-01-19
reasoning_standardization_creator_aware,2025-12-15,2026-01-27,K2 Think V2,mbzuai,17.2613662319887,70.0,0.8465608465608465,-0.1004389166967159,-0.22225299777784158,55.54681005626263,41.96092392593349,189,189,35,35,2026-01-20,2026-01-20,True,"[1.9968487146853853,0.06222083247715939,-0.44893123528043716]","[1.8101605848554911,0.07288916355431314,-0.3547431724865434]",,,11.807596156723323,5.453770075265377,equal-creator median of strictly earlier other-creator pairs,54,12,2025-12-11
reasoning_standardization_creator_aware,2026-01-27,2026-01-27,Kimi K2.5 (Reasoning),kimi,35.372583556797,1040.0,1.0,-0.25543876953879385,-0.19995008855344754,577.5566248183165,656.271056108263,186,186,35,35,2026-01-20,2026-01-20,True,"[1.9796592233901797,0.05981809299486385,-0.4342585335880638]","[1.7907568419699391,0.07004381544462054,-0.336235584249652]",,,29.3987116992674,5.973871857529598,direct same-checkpoint non-reasoning score,1,1,2026-01-27
reasoning_standardization_creator_aware,2026-01-28,2026-01-28,LongCat Flash Lite,longcat,17.2165235596296,68.5,0.8385416666666666,-0.1364641867417593,0.15847894185142652,50.029525600225455,98.66645242928159,192,192,36,36,2026-01-27,2026-01-27,True,"[1.9821792414504935,0.06256409889405656,-0.4423620286090749]","[1.7848427543786671,0.0728680978389492,-0.3399487338227878]",,,17.2165235596296,0.0,observed non-reasoning,0,0,
reasoning_standardization_creator_aware,2026-02-02,2026-02-02,Step 3.5 Flash,stepfun,25.5,196.0,0.953125,-0.06833684462936551,-0.1297319481765551,167.46313868336293,145.38651392846486,192,192,36,36,2026-01-29,2026-01-29,True,"[1.9535303227356184,0.06189151229883865,-0.4234842747601538]","[1.7940672449240944,0.0724146963138261,-0.3435549428306022]",,,19.7398622036095,5.760137796390499,equal-creator median of strictly earlier other-creator pairs,61,14,2026-01-27
reasoning_standardization_creator_aware,2026-02-03,2026-02-04,Qwen3 Coder Next,alibaba,21.1086120792868,79.7,0.89171974522293,0.04907301632603356,0.36393551942852653,89.23420066757245,184.24420663982187,157,157,36,36,2026-02-02,2026-02-02,True,"[1.966418034016539,0.06182049780631202,-0.42731066696987113]","[1.7955433306895574,0.0720011422375045,-0.3396901578340729]",,,21.1086120792868,0.0,observed non-reasoning,0,0,
reasoning_standardization_creator_aware,2026-02-10,2026-02-10,Tri-21B-Think,trillionlabs,12.364259098709,21.0,0.7025641025641025,0.07290202580603666,-0.11717835491213302,24.83826867577892,16.03396531625749,195,195,37,37,2026-02-04,2026-02-04,True,"[1.9623987907508238,0.062392062923372356,-0.43042561572921667]","[1.791762788668411,0.07257621005621381,-0.34275109634144296]",,,6.604121302318502,5.760137796390499,equal-creator median of strictly earlier other-creator pairs,62,14,2026-02-05
reasoning_standardization_creator_aware,2026-02-10,2026-02-10,Tri-21B-think Preview,trillionlabs,13.6193030590372,21.0,0.7333333333333333,0.15120680755043225,-0.026092020817571004,29.745830733184675,19.775490938050442,195,195,37,37,2026-02-04,2026-02-04,True,"[1.9623987907508238,0.062392062923372356,-0.43042561572921667]","[1.791762788668411,0.07257621005621381,-0.34275109634144296]",,,7.859165262646702,5.760137796390499,equal-creator median of strictly earlier other-creator pairs,62,14,2026-02-05
reasoning_standardization_creator_aware,2026-02-11,2026-02-11,GLM-5 (Reasoning),zai,39.5,744.0,1.0,0.2316742915416552,0.20631513625252307,1268.3736965774451,1196.4321420424458,190,190,37,37,2026-02-10,2026-02-10,True,"[1.9686574171189515,0.06334225569145126,-0.4392731293891179]","[1.784374301978079,0.07264268676630048,-0.3407544231654514]",,,32.4087764811754,7.091223518824599,direct same-checkpoint non-reasoning score,1,1,2026-02-11
reasoning_standardization_creator_aware,2026-02-12,2026-02-12,MiniMax-M2.5,minimax,33.6520929448647,228.703644928,0.9845360824742269,0.3500378716207502,0.3790627993815212,512.0483343822449,547.4391914410655,194,194,37,37,2026-02-11,2026-02-11,True,"[1.9592581332010612,0.062417567954939315,-0.43343074043828894]","[1.774771782971985,0.07240552200912642,-0.3375902999362682]",,,27.83469316837155,5.817399776493148,equal-creator median of strictly earlier other-creator pairs,63,14,2026-02-11
reasoning_standardization_creator_aware,2026-02-16,2026-02-17,Qwen3.5 397B A17B (Reasoning),alibaba,33.6817059499116,397.0,0.9813664596273292,0.0936792109889013,0.41473158281704947,492.57199636150557,1031.6255498177982,161,161,37,37,2026-02-12,2026-02-12,True,"[1.9748671717714616,0.06133143044365391,-0.4311819938345856]","[1.7923097471343588,0.07100026668894227,-0.33556125047183566]",,,31.9771578903825,1.7045480595291025,direct same-checkpoint non-reasoning score,1,1,2026-02-16
reasoning_standardization_creator_aware,2026-02-17,2026-02-17,Tiny Aya Global,cohere,1.0,3.35,0.025380710659898477,0.15386155960605574,0.2807777032224916,4.774263300302291,6.3947343872175955,197,197,37,37,2026-02-12,2026-02-12,True,"[1.9329833113461354,0.061884115261002536,-0.4205203649623251]","[1.7423027297518854,0.07162424626735886,-0.32214361865162394]",,,1.0,0.0,observed non-reasoning,0,0,
reasoning_standardization_creator_aware,2026-02-24,2026-02-24,Qwen3.5 27B (Reasoning),alibaba,33.7762211760604,27.8,0.9876543209876543,1.2495598085027293,1.3800293581682643,493.86085553756254,666.9206335854514,162,162,37,37,2026-02-17,2026-02-17,True,"[1.9696170087799498,0.06170036563259269,-0.43195341619354777]","[1.786857550810612,0.071640862076191,-0.33751439228443325]",,,29.3113482123438,4.464872963716605,direct same-checkpoint non-reasoning score,1,1,2026-02-24
reasoning_standardization_creator_aware,2026-02-24,2026-02-24,Qwen3.5 35B A3B (Reasoning),alibaba,29.2597061896232,36.0,0.9444444444444444,0.8586314776052588,0.886756433234225,259.9764315872508,277.3696471260667,162,162,37,37,2026-02-17,2026-02-17,True,"[1.9696170087799498,0.06170036563259269,-0.43195341619354777]","[1.786857550810612,0.071640862076191,-0.33751439228443325]",,,23.9929418023314,5.266764387291797,direct same-checkpoint non-reasoning score,1,1,2026-02-24
reasoning_standardization_creator_aware,2026-02-24,2026-02-25,Qwen3.5 122B A10B (Reasoning),alibaba,32.2791462784081,125.0,0.9629629629629629,0.504324522848226,0.6042216371036249,399.2404494748557,502.49489051971517,162,162,37,37,2026-02-17,2026-02-17,True,"[1.9696170087799498,0.06170036563259269,-0.43195341619354777]","[1.786857550810612,0.071640862076191,-0.33751439228443325]",,,27.5952535086828,4.6838927697253006,direct same-checkpoint non-reasoning score,1,1,2026-02-24
reasoning_standardization_creator_aware,2026-02-25,2026-02-25,LFM2 24B A2B,liquidai,4.94653434961859,23.8,0.29949238578680204,-0.40426458869354875,-0.25091704567171447,9.38236595411132,13.355492610579844,197,197,37,37,2026-02-24,2026-02-24,True,"[1.9256673775219972,0.05843199418686415,-0.39425131823116527]","[1.756134619579006,0.06790090348460724,-0.3066541450803747]",,,4.94653434961859,0.0,observed non-reasoning,0,0,
reasoning_standardization_creator_aware,2026-03-02,2026-03-02,Qwen3.5 4B (Reasoning),alibaba,20.0869829315102,4.66,0.8711656441717791,1.1780077965847382,1.2004996794267813,70.20914968869208,73.94104704375272,163,163,37,37,2026-02-25,2026-02-25,True,"[1.9573549457173727,0.06091217121029332,-0.4216498373137542]","[1.7793253365031512,0.07097327667350024,-0.33053840256707107]",,,16.0017918192586,4.0851911122516,direct same-checkpoint non-reasoning score,1,1,2026-03-02
reasoning_standardization_creator_aware,2026-03-02,2026-03-04,Qwen3.5 0.8B (Reasoning),alibaba,5.46015730791743,0.873,0.4110429447852761,1.0144277629217802,1.0270483687435348,9.02489185823803,9.291003259757257,163,163,37,37,2026-02-25,2026-02-25,True,"[1.9573549457173727,0.06091217121029332,-0.4216498373137542]","[1.7793253365031512,0.07097327667350024,-0.33053840256707107]",,,3.30936692514316,2.15079038277427,direct same-checkpoint non-reasoning score,1,1,2026-03-02
reasoning_standardization_creator_aware,2026-03-02,2026-03-04,Qwen3.5 2B (Reasoning),alibaba,7.63705250485793,2.27,0.50920245398773,0.7320155623771323,0.7760113829890825,12.247329990349613,13.553056230480731,163,163,37,37,2026-02-25,2026-02-25,True,"[1.9573549457173727,0.06091217121029332,-0.4216498373137542]","[1.7793253365031512,0.07097327667350024,-0.33053840256707107]",,,5.61973831305916,2.0173141917987705,direct same-checkpoint non-reasoning score,1,1,2026-03-02
reasoning_standardization_creator_aware,2026-03-02,2026-03-04,Qwen3.5 9B (Reasoning),alibaba,21.4379662021172,9.65,0.8895705521472392,0.9441577242124009,1.1909411924434825,84.85648489864097,149.785062781757,163,163,37,37,2026-02-25,2026-02-25,True,"[1.9573549457173727,0.06091217121029332,-0.4216498373137542]","[1.7793253365031512,0.07097327667350024,-0.33053840256707107]",,,20.3214868374395,1.1164793646776978,direct same-checkpoint non-reasoning score,1,1,2026-03-02
reasoning_standardization_creator_aware,2026-03-06,2026-03-06,Sarvam 105B (high),sarvam,11.9444215330365,106.0,0.6634615384615384,-0.7051288025229536,-0.9078829773369788,20.90148114793498,13.10457340692256,208,208,37,37,2026-03-04,2026-03-04,True,"[1.9645390784324335,0.06205319791176332,-0.43626957809065575]","[1.7833134081696354,0.07317646986936582,-0.34952457604378373]",,,6.069806290157552,5.874615242878948,equal-creator median of strictly earlier other-creator pairs,73,14,2026-03-05
reasoning_standardization_creator_aware,2026-03-06,2026-03-06,Sarvam 30B (high),sarvam,6.63721233353872,32.2,0.40384615384615385,-0.5170081117695811,-0.7787958178455099,9.791466895562095,5.3587075211595705,208,208,37,37,2026-03-04,2026-03-04,True,"[1.9645390784324335,0.06205319791176332,-0.43626957809065575]","[1.7833134081696354,0.07317646986936582,-0.34952457604378373]",,,0.7625970906597717,5.874615242878948,equal-creator median of strictly earlier other-creator pairs,73,14,2026-03-05
reasoning_standardization_creator_aware,2026-03-11,2026-03-11,NVIDIA Nemotron 3 Super 120B A12B (Reasoning),nvidia,25.4059430700317,120.6,0.9166666666666666,0.08208403945524045,0.17127166114074388,145.6905380705209,178.9035543441921,204,204,37,37,2026-03-06,2026-03-06,True,"[1.9274928082797347,0.060162767670416895,-0.4052404265968982]","[1.7424673403947977,0.06936800431713393,-0.31028451372547167]",,,21.621408010445002,3.7845350595867,median of >=2 strictly earlier same-creator pairs,5,1,2025-12-15
reasoning_standardization_creator_aware,2026-03-16,2026-03-18,Mistral Small 4 (Reasoning),mistral,19.5555163339516,119.0,0.8333333333333334,-0.27420262383246863,-0.4634666185244285,63.291346839949135,40.93363784374999,192,192,37,37,2026-03-11,2026-03-11,True,"[1.9336591287852893,0.060043016851955476,-0.40785843792468784]","[1.7442796800136742,0.0693018601232495,-0.3089056874093896]",,,12.3707177015898,7.184798632361801,direct same-checkpoint non-reasoning score,1,1,2026-03-16
reasoning_standardization_creator_aware,2026-03-18,2026-03-18,MiniMax-M2.7,minimax,38.1344947250387,228.703644928,0.9951690821256038,0.5688796229451505,0.6344199110557853,847.5253734651997,985.5825309992234,207,207,37,37,2026-03-11,2026-03-11,True,"[1.9177484476688553,0.060839257758706876,-0.4081544379997703]","[1.7290215730421956,0.07012026679493792,-0.3105612921357391]",,,32.2472878084143,5.8872069166243985,equal-creator median of strictly earlier other-creator pairs,77,15,2026-03-17
reasoning_standardization_creator_aware,2026-02-11,2026-03-20,Nanbeige4.1-3B,nanbeige,11.0933206880573,3.93,0.6431924882629108,0.7326695399272903,0.5509578860074652,21.2354804015119,13.97495558791619,213,213,38,38,2026-03-18,2026-03-18,True,"[1.9284232737538125,0.060392989005392576,-0.40839896384415564]","[1.7399571394153206,0.06937553208529534,-0.30986791792543106]",,,5.333182891666802,5.760137796390499,equal-creator median of strictly earlier other-creator pairs,62,14,2026-02-05
reasoning_standardization_creator_aware,2026-03-16,2026-03-24,NVIDIA Nemotron 3 Nano 4B,nvidia,8.7256520912148,3.97,0.5242718446601942,0.46305037709437935,0.4147886595135414,11.530307348017535,10.317611390326311,206,206,38,38,2026-03-20,2026-03-20,True,"[2.0282079473924552,0.06326709214711405,-0.4740176097032804]","[1.8090503760238237,0.07315115896242952,-0.36116658216445136]",,,4.9411170316280995,3.7845350595867,median of >=2 strictly earlier same-creator pairs,5,1,2025-12-15
reasoning_standardization_creator_aware,2026-03-19,2026-03-30,Nemotron Cascade 2 30B A3B,nvidia,17.5765685050907,31.6,0.8058252427184466,0.11823217712465994,0.1583804165790712,41.487690515445365,45.505878109388355,206,206,38,38,2026-03-20,2026-03-20,True,"[2.0282079473924552,0.06326709214711405,-0.4740176097032804]","[1.8090503760238237,0.07315115896242952,-0.36116658216445136]",,,13.792033445504002,3.7845350595867,median of >=2 strictly earlier same-creator pairs,5,1,2025-12-15
reasoning_standardization_creator_aware,2026-04-02,2026-04-02,Gemma 4 26B A4B (Reasoning),google,25.6946061195095,25.2,0.9278846153846154,0.6998566221577005,0.6951078232343884,126.25749338401438,124.88444956781075,208,208,38,38,2026-03-30,2026-03-30,True,"[2.049405708994868,0.06189195285403605,-0.4733904311169569]","[1.8397712025803743,0.07152876922540637,-0.36331840509317365]",,,20.0962469238736,5.598359195635901,direct same-checkpoint non-reasoning score,1,1,2026-04-02
reasoning_standardization_creator_aware,2026-04-02,2026-04-02,Gemma 4 31B (Reasoning),google,29.3542081371995,30.7,0.9423076923076923,0.8406187030054624,0.729003335327906,212.69490096559107,164.4908371210293,208,208,38,38,2026-03-30,2026-03-30,True,"[2.049405708994868,0.06189195285403605,-0.4733904311169569]","[1.8397712025803743,0.07152876922540637,-0.36331840509317365]",,,21.7687676184792,7.585440518720301,direct same-checkpoint non-reasoning score,1,1,2026-04-02
reasoning_standardization_creator_aware,2026-04-02,2026-04-03,Gemma 4 E2B (Reasoning),google,9.6638013311931,5.1,0.5625,0.4015091726705743,0.4101243641904019,12.855215126420775,13.112772916795082,208,208,38,38,2026-03-30,2026-03-30,True,"[2.049405708994868,0.06189195285403605,-0.4733904311169569]","[1.8397712025803743,0.07152876922540637,-0.36331840509317365]",,,6.41204916222767,3.2517521689654307,direct same-checkpoint non-reasoning score,1,1,2026-04-02
reasoning_standardization_creator_aware,2026-04-03,2026-04-03,Gemma 4 E4B (Reasoning),google,12.2105753460896,8.0,0.6538461538461539,0.36231810667197095,0.3922856099530616,18.425025333455363,19.74129311793193,208,208,38,38,2026-03-30,2026-03-30,True,"[2.049405708994868,0.06189195285403605,-0.4733904311169569]","[1.8397712025803743,0.07152876922540637,-0.36331840509317365]",,,8.91000586095088,3.3005694851387197,direct same-checkpoint non-reasoning score,1,1,2026-04-03
reasoning_standardization_creator_aware,2026-04-02,2026-04-06,Gemma 4 31B (Non-reasoning),google,21.7687676184792,30.7,0.8894230769230769,0.3711409760437314,0.729003335327906,72.15714668233844,164.4908371210293,208,208,38,38,2026-03-30,2026-03-30,True,"[2.049405708994868,0.06189195285403605,-0.4733904311169569]","[1.8397712025803743,0.07152876922540637,-0.36331840509317365]",,,21.7687676184792,0.0,observed non-reasoning,0,0,
reasoning_standardization_creator_aware,2026-04-07,2026-04-07,GLM-5.1 (Reasoning),zai,40.1570857627689,744.0,1.0,0.10952144792949525,0.2859286802581913,957.4021170437677,1437.148400294957,213,213,38,38,2026-04-06,2026-04-06,True,"[2.063658865250714,0.06269622015972573,-0.49034872917341127]","[1.8533184158224543,0.07181548808944706,-0.37874102080198135]",,,35.3713587229078,4.785727039861101,direct same-checkpoint non-reasoning score,1,1,2026-04-07
reasoning_standardization_creator_aware,2026-04-01,2026-04-08,Trinity Large Thinking,arcee,18.1600095755902,399.0,0.8153153153153153,-0.9915573676664964,-1.0950401853476917,40.683239561682456,32.05772583074213,222,222,39,39,2026-04-07,2026-04-07,True,"[2.0678287678711733,0.06207383126777835,-0.4883369741375197]","[1.8599529487817013,0.07102631770716274,-0.37748009113248754]",,,12.2728026589658,5.8872069166243985,equal-creator median of strictly earlier other-creator pairs,77,15,2026-03-17
reasoning_standardization_creator_aware,2026-04-16,2026-04-17,Qwen3.6 35B A3B (Reasoning),alibaba,31.649611240178,36.0,0.949438202247191,0.9485562955387539,0.8585891902868856,319.7855210723928,259.9511188757656,178,178,39,39,2026-04-09,2026-04-09,True,"[1.9392827827839385,0.060931343725754455,-0.41448038630884254]","[1.718334134386265,0.06867405603530365,-0.2928110882734288]",,,24.1629373266649,7.486673913513101,direct same-checkpoint non-reasoning score,1,1,2026-04-16
reasoning_standardization_creator_aware,2026-04-20,2026-04-20,Kimi K2.6,kimi,44.2196682298639,1040.0,1.0,0.16607384233764755,0.027503493438859383,1524.4289285672835,1107.9925308041245,220,220,39,39,2026-04-17,2026-04-17,True,"[1.9340131333494472,0.05888059214476822,-0.4105913776844666]","[1.7234644576524727,0.06609733445206216,-0.29235973873473065]",,,34.5792971792481,9.640371050615798,direct same-checkpoint non-reasoning score,1,1,2026-04-20
reasoning_standardization_creator_aware,2026-04-21,2026-04-21,Ling 2.6 Flash,inclusionai,14.0546139112372,107.0,0.6877828054298643,-0.6438699285650116,-0.3529709120940432,24.294829140257903,47.46930416375162,221,221,39,39,2026-04-20,2026-04-20,True,"[1.9501895030199692,0.060612295350268235,-0.42901976171495804]","[1.729440991741777,0.06791837087344597,-0.30516080425821723]",,,14.0546139112372,0.0,observed non-reasoning,0,0,
reasoning_standardization_creator_aware,2026-04-22,2026-04-22,MiMo-V2.5-Pro,xiaomi,42.2394366693508,1023.0,0.995575221238938,0.13571719323994902,0.26067321985234226,1398.275753579319,1864.441896573617,226,226,39,39,2026-04-21,2026-04-21,True,"[1.9319394907473662,0.06122571668915455,-0.41532781653337814]","[1.717080156243876,0.06965568590652814,-0.2988337773408183]",,,36.4792988729603,5.760137796390499,equal-creator median of strictly earlier other-creator pairs,85,14,2026-04-20
reasoning_standardization_creator_aware,2026-04-22,2026-04-22,MiMo-V2.5-Pro (Non-reasoning),xiaomi,27.8570839655091,1023.0,0.915929203539823,-0.7448526587289592,-0.3399130735596625,184.08693842961557,467.6948203108227,226,226,39,39,2026-04-21,2026-04-21,True,"[1.9319394907473662,0.06122571668915455,-0.41532781653337814]","[1.717080156243876,0.06965568590652814,-0.2988337773408183]",,,27.8570839655091,0.0,observed non-reasoning,0,0,
reasoning_standardization_creator_aware,2026-04-22,2026-04-23,Qwen3.6 27B (Reasoning),alibaba,37.0516798775037,27.8,0.9725274725274725,1.392305286948361,1.3962036976922287,686.0410182602936,692.2269344307005,182,182,39,39,2026-04-22,2026-04-22,True,"[1.914971422177638,0.06075356164229984,-0.402362927431344]","[1.7115511734619056,0.06840163124598081,-0.2889600267463558]",,,30.4611236934534,6.590556184050303,direct same-checkpoint non-reasoning score,1,1,2026-04-22
reasoning_standardization_creator_aware,2026-04-23,2026-04-23,Hy3-preview (Reasoning),tencent,33.578853562193,295.0,0.9563318777292577,0.14265446609161492,0.05448374052013394,409.70992258651313,334.43040632159114,229,229,40,40,2026-04-22,2026-04-22,True,"[1.920568183123496,0.06080631193660397,-0.40815415935037]","[1.7185731598419711,0.06822755662686662,-0.2948653694218353]",,,26.1030575371457,7.475796025047298,direct same-checkpoint non-reasoning score,1,1,2026-04-23
reasoning_standardization_creator_aware,2026-04-23,2026-04-23,Ling-2.6-1T,inclusionai,26.0516751710776,1026.0,0.9013452914798207,-0.8787360546054757,-0.5104242988634353,135.64734760922988,316.75469581066386,223,223,39,39,2026-04-22,2026-04-22,True,"[1.9406170588350804,0.061702074624919306,-0.4280343458388461]","[1.726895247826457,0.068405664203838,-0.30485504461226864]",,,26.0516751710776,0.0,observed non-reasoning,0,0,
reasoning_standardization_creator_aware,2026-04-24,2026-04-24,"DeepSeek V4 Flash (Reasoning, Max Effort)",deepseek,40.2825017625236,284.0,0.9907834101382489,0.5204771008926001,0.21074218926412902,941.4460571957231,461.3818746658519,217,217,40,40,2026-04-23,2026-04-23,True,"[1.8827687387403733,0.05924638915021566,-0.3914024054792503]","[1.68576276066348,0.06660670642849292,-0.2810451324169058]",,,28.6543889065956,11.628112855928002,direct same-checkpoint non-reasoning score,1,1,2026-04-24
reasoning_standardization_creator_aware,2026-04-24,2026-04-24,"DeepSeek V4 Pro (Reasoning, Max Effort)",deepseek,44.2735554261611,1600.0,1.0,0.006130976758975226,-0.36940413235737113,1622.747539920984,683.4643246967173,217,217,40,40,2026-04-23,2026-04-23,True,"[1.8827687387403733,0.05924638915021566,-0.3914024054792503]","[1.68576276066348,0.06660670642849292,-0.2810451324169058]",,,31.2165231140661,13.057032312095004,direct same-checkpoint non-reasoning score,1,1,2026-04-24
reasoning_standardization_creator_aware,2026-04-09,2026-04-27,EXAONE 4.5 33B,lg,20.221750309869,34.4,0.8181818181818182,0.265875792594398,0.27603851822176906,63.45038113481236,64.95266290146945,231,231,40,40,2026-04-24,2026-04-24,True,"[1.9233110582539226,0.05841935527490188,-0.39835450983475296]","[1.7270395320781098,0.06669833924715979,-0.29284613418309663]",,,15.635616255975192,4.58613405389381,median of >=2 strictly earlier same-creator pairs,3,1,2025-12-31
reasoning_standardization_creator_aware,2026-04-22,2026-04-27,MiMo-V2.5,xiaomi,37.2025847113282,310.0,0.974025974025974,0.31013393010195456,0.4121417218255927,633.1339820565571,800.7619263523607,231,231,40,40,2026-04-24,2026-04-24,True,"[1.930800264878889,0.0598991084082523,-0.4108551984094521]","[1.7172160141368764,0.0690950116860677,-0.2984424872970523]",,,31.4424469149377,5.760137796390499,equal-creator median of strictly earlier other-creator pairs,85,14,2026-04-20
reasoning_standardization_creator_aware,2026-04-29,2026-04-29,Granite 4.1 30B,ibm,8.85991944342523,30.0,0.4585152838427948,-0.3258149526329064,-0.10369693638972577,14.167926725766243,23.627856160192103,229,229,40,40,2026-04-27,2026-04-27,True,"[1.908128152984759,0.05587275435674828,-0.37663772285460373]","[1.7200259705178664,0.06378314089097815,-0.2743030936872039]",,,8.85991944342523,0.0,observed non-reasoning,0,0,
reasoning_standardization_creator_aware,2026-04-29,2026-04-29,Granite 4.1 3B,ibm,4.6989056360793,3.0,0.25327510917030566,0.4416977450342167,0.6309005336870233,8.295049839417738,12.823949183597549,229,229,40,40,2026-04-27,2026-04-27,True,"[1.908128152984759,0.05587275435674828,-0.37663772285460373]","[1.7200259705178664,0.06378314089097815,-0.2743030936872039]",,,4.6989056360793,0.0,observed non-reasoning,0,0,
reasoning_standardization_creator_aware,2026-04-29,2026-04-29,Granite 4.1 8B,ibm,6.67009350576242,8.0,0.34497816593886466,0.1258647083957427,0.3306603550293279,10.689433636664283,17.12972307315041,229,229,40,40,2026-04-27,2026-04-27,True,"[1.908128152984759,0.05587275435674828,-0.37663772285460373]","[1.7200259705178664,0.06378314089097815,-0.2743030936872039]",,,6.67009350576242,0.0,observed non-reasoning,0,0,
reasoning_standardization_creator_aware,2026-04-29,2026-04-29,Nemotron 3 Nano Omni 30B A3B Reasoning,nvidia,14.9281922820391,30.0,0.6946902654867256,-0.007233880482730326,0.018943698520268226,29.504439876170853,31.337543747076698,226,226,40,40,2026-04-27,2026-04-27,True,"[1.9230827643458428,0.058130426004576685,-0.39743579598483836]","[1.72587115052017,0.0662877207866165,-0.29138581014833537]",,,11.1436572224524,3.7845350595867,median of >=2 strictly earlier same-creator pairs,5,1,2025-12-15
reasoning_standardization_creator_aware,2026-04-29,2026-04-30,Mistral Medium 3.5,mistral,29.947307563003,128.0,0.8995433789954338,0.2280008122734718,0.24154533808837808,216.37684394579955,223.23141273937605,219,219,40,40,2026-04-29,2026-04-29,True,"[1.932818706973546,0.05771845994977727,-0.39898309315374253]","[1.7464025729167116,0.06619812032654628,-0.297857277653587]",,,24.05440076555065,5.892906797452351,equal-creator median of strictly earlier other-creator pairs,90,15,2026-04-24
reasoning_standardization_creator_aware,2026-05-11,2026-05-11,MiniCPM-V 4.6 1.3B,openbmb,4.19374442324631,1.3,0.23236514522821577,0.7177155351942813,0.9049092289265285,6.786703679902986,10.443656551256227,241,241,41,41,2026-04-30,2026-04-30,True,"[1.9281858942284278,0.05790003668553509,-0.39901773867861046]","[1.74015641520807,0.06623860942754284,-0.2976494444567378]",,,4.19374442324631,0.0,observed non-reasoning,0,0,
reasoning_standardization_creator_aware,2026-05-08,2026-05-19,Ring-2.6-1T,inclusionai,30.5727263188268,1000.0,0.9106382978723404,-0.6569556231048379,-0.6782972401706191,220.31515730549205,209.75038170317748,235,235,41,41,2026-05-11,2026-05-11,True,"[2.06303773036799,0.06362177658016695,-0.4972789204843556]","[1.8725763346865496,0.07218364990825947,-0.39109359513731956]",,,24.363701502936724,6.209024815890075,equal-creator median of strictly earlier other-creator pairs,92,16,2026-04-30
reasoning_standardization_creator_aware,2025-03-13,2026-05-20,Command A,cohere,7.67282450847718,111.0,0.4083333333333333,-0.5782943397281053,-0.4727421967567098,29.3108652606419,37.37496391521086,240,240,41,41,2026-05-19,2026-05-19,True,"[2.0211992099007663,0.06365063220725017,-0.47480254833848023]","[1.8306364281208605,0.07255746270429526,-0.371068643908407]",,,7.67282450847718,0.0,observed non-reasoning,0,0,
reasoning_standardization_creator_aware,2026-05-20,2026-05-20,Command A+,cohere,22.5095334451485,218.0,0.8458333333333333,-0.4899353346454265,-0.5797707833790549,70.55392172984499,57.370113650840835,240,240,41,41,2026-05-19,2026-05-19,True,"[2.0211992099007663,0.06365063220725017,-0.47480254833848023]","[1.8306364281208605,0.07255746270429526,-0.371068643908407]",,,16.300508629258424,6.209024815890075,equal-creator median of strictly earlier other-creator pairs,93,16,2026-05-19
reasoning_standardization_creator_aware,2026-05-25,2026-05-25,MiniCPM5-1B (Reasoning),openbmb,11.9575339145672,1.0,0.6065573770491803,1.2774618879426207,1.5240407215491945,18.943572653624138,33.42263772370851,244,244,41,41,2026-05-20,2026-05-20,True,"[1.9082837312221834,0.05828720938453001,-0.39111003175320525]","[1.7112492379033175,0.06652578220771789,-0.2851446813994614]",,,11.737391276719,0.2201426378482001,direct same-checkpoint non-reasoning score,1,1,2026-05-25
reasoning_standardization_creator_aware,2026-05-28,2026-05-28,LFM2.5-8B-A1B,liquidai,8.32036715830533,8.3,0.42677824267782427,0.060778701436830396,-0.10848117536576418,9.546777344470762,6.465422600547496,239,239,41,41,2026-05-25,2026-05-25,True,"[2.0159379289756827,0.06116500262070138,-0.4539902978991471]","[1.826482995993702,0.06898430750771145,-0.3477199837451107]",,,2.4274603608529794,5.892906797452351,equal-creator median of strictly earlier other-creator pairs,94,17,2026-05-25
reasoning_standardization_creator_aware,2026-05-29,2026-06-01,Step 3.7 Flash,stepfun,30.2677234652192,198.0,0.9061224489795918,0.02657805145890535,0.026198946160347347,210.4957064041828,210.31204020195128,245,245,41,41,2026-05-28,2026-05-28,True,"[2.021957822753115,0.062162059496468566,-0.46396691843696286]","[1.8325306578541782,0.07034092172756234,-0.35944052633772167]",,,24.374816667766847,5.892906797452351,equal-creator median of strictly earlier other-creator pairs,94,17,2026-05-25
reasoning_standardization_creator_aware,2026-06-01,2026-06-03,MiniMax-M3,minimax,44.4372686326056,428.0,1.0,0.6079209168877604,0.7322714616970547,1735.26051965034,2310.5492534536384,242,242,41,41,2026-06-01,2026-06-01,True,"[2.012764879005039,0.06354481522015887,-0.4678123807948226]","[1.81583229228835,0.07199075920716945,-0.35937874047180446]",,,38.54436183515325,5.892906797452351,equal-creator median of strictly earlier other-creator pairs,94,17,2026-05-25
reasoning_standardization_creator_aware,2026-06-04,2026-06-04,Nemotron 3 Ultra 550B A55B (Reasoning),nvidia,37.7619546243905,550.0,0.9704641350210971,0.042545513343394514,0.2543540253193819,606.6080968115101,987.9084833505946,237,237,41,41,2026-06-01,2026-06-01,True,"[2.02015026876232,0.06196899999471539,-0.460890751024811]","[1.8283100577580875,0.07012457236146315,-0.3553868941546977]",,,33.977419564803796,3.7845350595867,median of >=2 strictly earlier same-creator pairs,5,1,2025-12-15
reasoning_standardization_creator_aware,2026-06-03,2026-06-07,Gemma 4 12B (Reasoning),google,21.8120350469213,12.0,0.8305084745762712,0.730219706446041,0.4749517135113095,64.47642547378612,35.820608536052895,236,236,41,41,2026-06-04,2026-06-04,True,"[2.0174131936449062,0.06178036978513556,-0.4549008412173786]","[1.8305055449513137,0.06963091260767185,-0.34931048502454687]",,,13.1855379056532,8.626497141268098,direct same-checkpoint non-reasoning score,1,1,2026-06-03
reasoning_standardization_creator_aware,2026-06-09,2026-06-09,North Mini Code,cohere,19.79516147409,30.0,0.7877551020408163,0.17039148768940993,0.09130238240162991,44.413269224131945,37.01891085762223,245,245,41,41,2026-06-07,2026-06-07,True,"[2.0205683220688218,0.06207212409464534,-0.4661763745144507]","[1.8274497733362935,0.06990686435148885,-0.3582328833778752]",,,13.90225467663765,5.892906797452351,equal-creator median of strictly earlier other-creator pairs,95,17,2026-06-03
reasoning_standardization_creator_aware,2026-05-26,2026-06-11,HyperNova 60B 2605,multiversecomputing,17.8040703229111,58.7,0.7450199203187251,-0.2242174560813337,-0.3225125474489303,35.02842780700751,27.93351277637713,251,251,42,42,2026-06-09,2026-06-09,True,"[2.032885734874527,0.0621936908965157,-0.4696643901289352]","[1.8382873822303956,0.07012622169766314,-0.3612610115965785]",,,11.91116352545875,5.892906797452351,equal-creator median of strictly earlier other-creator pairs,94,17,2026-05-25
reasoning_standardization_creator_aware,2026-06-12,2026-06-16,Kimi K2.7 Code,kimi,41.9493685067994,1040.0,0.9878542510121457,-0.0261403795003341,-0.07699927200757317,979.2486010706941,871.0319134906174,247,247,42,42,2026-06-12,2026-06-12,True,"[1.9895935848882955,0.06041335845846962,-0.44509482930966454]","[1.7917142541146645,0.06690572831704786,-0.32982600294150927]",,,34.1422470527267,7.807121454072698,median of >=2 strictly earlier same-creator pairs,2,1,2026-04-20
reasoning_standardization_creator_aware,2026-06-16,2026-06-16,GLM-5.2 (max),zai,51.0858347714416,753.0,1.0,0.7035580550569995,0.09274433060721643,3804.9857203725724,932.2648432692156,244,244,42,42,2026-06-12,2026-06-12,True,"[2.001168171097458,0.06152585674227028,-0.4526306768125635]","[1.7959349420761836,0.06863504923672215,-0.3367655905677978]",,,34.0523679882006,17.033466783240996,direct same-checkpoint non-reasoning score,1,1,2026-06-16
reasoning_standardization_creator_aware,2026-06-02,2026-06-24,Nex-N2-Pro,nex,40.9569739949604,397.0,0.9764705882352941,0.3393638612033758,0.4410984395686244,867.2700881233569,1096.1978509774515,255,255,43,43,2026-06-16,2026-06-16,True,"[2.0027326545494617,0.060077492822117995,-0.44636903913418713]","[1.8001002990456016,0.0680623308979472,-0.3356183611833266]",,,35.06406719750805,5.892906797452351,equal-creator median of strictly earlier other-creator pairs,94,17,2026-05-25
reasoning_standardization_creator_aware,2026-06-10,2026-06-29,DiffusionGemma 26B A4B,google,13.45276586506,25.2,0.6198347107438017,-0.1027112780993551,-0.20811643800739899,19.89249523403376,15.60573050324858,242,242,43,43,2026-06-24,2026-06-24,True,"[2.0037799131608183,0.05693533088033779,-0.4277811275215169]","[1.819379175534674,0.0634348006076405,-0.3216336817596301]",,,7.565558948435601,5.8872069166243985,median of >=2 strictly earlier same-creator pairs,11,1,2026-06-03
reasoning_standardization_creator_aware,2026-07-06,2026-07-13,Hy3,tencent,41.2305746727135,299.0,0.9765625,0.3681597386354034,0.42574314002812796,697.9606315725089,796.9192698011128,256,256,43,43,2026-06-29,2026-06-29,True,"[2.0096704832990424,0.05751860654979057,-0.43800505314927773]","[1.8207186989333055,0.06382157319132434,-0.3294723161062306]",,,35.052703041016976,6.177871631696527,equal-creator median of strictly earlier other-creator pairs,96,16,2026-06-30
reasoning_standardization_creator_aware,2026-06-29,2026-07-14,LongCat 2.0,longcat,33.4782132881577,1600.0,0.9182879377431906,-0.8296536165368953,-0.8350888844855575,236.84616994659004,233.90047198641318,257,257,43,43,2026-07-13,2026-07-13,True,"[2.0223077121952135,0.0563357221388798,-0.43940596771376644]","[1.8327237925580087,0.06225173484414196,-0.32868755931948446]",,,27.04626005053585,6.431953237621849,equal-creator median of strictly earlier other-creator pairs,96,17,2026-06-16
reasoning_standardization_creator_aware,2026-07-15,2026-07-15,Inkling (xhigh),thinking-machines,40.736927521956,975.0,0.9691119691119691,-0.16637692153182915,-0.12567340503226543,664.7030846225397,730.014036459834,259,259,44,44,2026-07-14,2026-07-14,True,"[1.990786142380283,0.05778316040527176,-0.43062348773999976]","[1.7982421548596843,0.06388525679722841,-0.3187076540008868]",,,34.30497428433415,6.431953237621849,equal-creator median of strictly earlier other-creator pairs,100,17,2026-07-09
reasoning_standardization_creator_aware,2026-07-16,2026-07-16,Kimi K3,kimi,57.1123394372091,2800.0,1.0,0.33856765088581664,0.3706887507048986,6105.562513251843,6574.258583204268,253,253,44,44,2026-07-15,2026-07-15,True,"[1.9678901132679638,0.058185924875099444,-0.42554981313193224]","[1.7782679346051815,0.06373909949110305,-0.3118452898587392]",,,49.3052179831364,7.807121454072698,median of >=2 strictly earlier same-creator pairs,2,1,2026-04-20
reasoning_standardization_creator_aware,2026-07-14,2026-07-20,Motif 3 (Beta),motif-technologies,44.0803810396244,314.0,0.9807692307692307,0.535632329055693,0.5856549334067878,1077.8590614132393,1209.440705908338,260,260,44,44,2026-07-16,2026-07-16,True,"[1.9759122795323665,0.057746135358137454,-0.4215443551713465]","[1.7861332336595623,0.06353664828807183,-0.3102086846701657]",,,37.64842780200255,6.431953237621849,equal-creator median of strictly earlier other-creator pairs,100,17,2026-07-09
reasoning_standardization_creator_aware,2026-07-23,2026-07-23,G9v3-3B,ai9star,16.0567992128263,3.0,0.6793893129770993,0.9175097960610543,0.8125000301939271,24.810244877163626,19.481450301716325,262,262,45,45,2026-07-20,2026-07-20,True,"[1.984385737818557,0.05644813617465318,-0.4206788878662464]","[1.7989101860679648,0.06185358373209731,-0.3105946866434404]",,,9.62484597520445,6.431953237621849,equal-creator median of strictly earlier other-creator pairs,100,17,2026-07-09
reasoning_standardization_creator_aware,2026-07-30,2026-07-30,Inkling Small,thinking-machines,40.1676200611155,266.0,0.9580152671755725,0.26556406670372024,0.30782124044571013,490.2817226192589,540.3844919599821,262,262,45,45,2026-07-23,2026-07-23,True,"[2.1304944889976856,0.058158658623612684,-0.4967354381562302]","[1.9265237515532259,0.06400436430469197,-0.3784087280419446]",,,33.73566682349365,6.431953237621849,equal-creator median of strictly earlier other-creator pairs,100,17,2026-07-09
