collapse_policy,form,model,base_key,variants,release_date,family,vendor,moe,accuracy,actual_b,predicted_b,log10_error,multiplicative_error,train_rows,train_families,train_vendors,train_max_date,test_vendor_excluded,coefficients_json
mean,forward_inverse,smollm2-1.7b,smollm2-1.7b,smollm2-1.7b,2024-11-01,smollm2,huggingface,0,0.30071552575588434,1.7,2.1429410485836744,0.10056130256744586,1.2605535579903966,21,11,8,2024-10-16,True,"{""intercept"": 0.2522989984661501, ""slope"": 0.14626897837957337}"
mean,inverse_accuracy,smollm2-1.7b,smollm2-1.7b,smollm2-1.7b,2024-11-01,smollm2,huggingface,0,0.30071552575588434,1.7,2.7250141389973317,0.2049198386188242,1.602949493527842,21,11,8,2024-10-16,True,"{""coefficient_0"": -1.3647778247085705, ""coefficient_1"": 5.986210988544025}"
mean,inverse_accuracy_date,smollm2-1.7b,smollm2-1.7b,smollm2-1.7b,2024-11-01,smollm2,huggingface,0,0.30071552575588434,1.7,2.6919563015599044,0.19961908434252304,1.5835037067999438,21,11,8,2024-10-16,True,"{""coefficient_0"": -1.3499868487204099, ""coefficient_1"": 5.974833583044112, ""coefficient_2"": -0.01996344863770618}"
mean,inverse_accuracy_moe,smollm2-1.7b,smollm2-1.7b,smollm2-1.7b,2024-11-01,smollm2,huggingface,0,0.30071552575588434,1.7,2.7622753547254386,0.21081804724423245,1.6248678557208462,21,11,8,2024-10-16,True,"{""coefficient_0"": -1.3072647006348173, ""coefficient_1"": 5.814570647332494, ""coefficient_2"": 0.10613601394784504}"
mean,inverse_accuracy_date_moe,smollm2-1.7b,smollm2-1.7b,smollm2-1.7b,2024-11-01,smollm2,huggingface,0,0.30071552575588434,1.7,2.771115343963032,0.21220568170605777,1.6300678493900187,21,11,8,2024-10-16,True,"{""coefficient_0"": -1.3104436239950654, ""coefficient_1"": 5.8158222473694785, ""coefficient_2"": 0.005017914983832617, ""coefficient_3"": 0.10713044598435352}"
mean,forward_inverse,smollm2-135m,smollm2-135m,smollm2-135m,2024-11-01,smollm,huggingface,0,0.12495115228360168,0.135,0.13469717161641592,-0.0009752920317064318,1.0022482163504254,21,11,8,2024-10-16,True,"{""intercept"": 0.2522989984661501, ""slope"": 0.14626897837957337}"
mean,inverse_accuracy,smollm2-135m,smollm2-135m,smollm2-135m,2024-11-01,smollm,huggingface,0,0.12495115228360168,0.135,0.24166075953109475,0.25287236762775767,1.7900797002303315,21,11,8,2024-10-16,True,"{""coefficient_0"": -1.3647778247085705, ""coefficient_1"": 5.986210988544025}"
mean,inverse_accuracy_date,smollm2-135m,smollm2-135m,smollm2-135m,2024-11-01,smollm,huggingface,0,0.12495115228360168,0.135,0.23983089292521922,0.24957135590088875,1.7765251327794016,21,11,8,2024-10-16,True,"{""coefficient_0"": -1.3499868487204099, ""coefficient_1"": 5.974833583044112, ""coefficient_2"": -0.01996344863770618}"
mean,inverse_accuracy_moe,smollm2-135m,smollm2-135m,smollm2-135m,2024-11-01,smollm,huggingface,0,0.12495115228360168,0.135,0.2625866253052859,0.28893883328877945,1.9450861133724882,21,11,8,2024-10-16,True,"{""coefficient_0"": -1.3072647006348173, ""coefficient_1"": 5.814570647332494, ""coefficient_2"": 0.10613601394784504}"
mean,inverse_accuracy_date_moe,smollm2-135m,smollm2-135m,smollm2-135m,2024-11-01,smollm,huggingface,0,0.12495115228360168,0.135,0.26329356781561997,0.2901064810542664,1.9503227245601478,21,11,8,2024-10-16,True,"{""coefficient_0"": -1.3104436239950654, ""coefficient_1"": 5.8158222473694785, ""coefficient_2"": 0.005017914983832617, ""coefficient_3"": 0.10713044598435352}"
mean,forward_inverse,smollm2-360m,smollm2-360m,smollm2-360m,2024-11-01,smollm,huggingface,0,0.2839794144903725,0.362,1.6466076282549738,0.6578815525072137,4.548639857057938,21,11,8,2024-10-16,True,"{""intercept"": 0.2522989984661501, ""slope"": 0.14626897837957337}"
mean,inverse_accuracy,smollm2-360m,smollm2-360m,smollm2-360m,2024-11-01,smollm,huggingface,0,0.2839794144903725,0.362,2.1636293636780346,0.7764742963008301,5.97687669524319,21,11,8,2024-10-16,True,"{""coefficient_0"": -1.3647778247085705, ""coefficient_1"": 5.986210988544025}"
mean,inverse_accuracy_date,smollm2-360m,smollm2-360m,smollm2-360m,2024-11-01,smollm,huggingface,0,0.2839794144903725,0.362,2.1383191535872306,0.7713639555488883,5.906958987810029,21,11,8,2024-10-16,True,"{""coefficient_0"": -1.3499868487204099, ""coefficient_1"": 5.974833583044112, ""coefficient_2"": -0.01996344863770618}"
mean,inverse_accuracy_moe,smollm2-360m,smollm2-360m,smollm2-360m,2024-11-01,smollm,huggingface,0,0.2839794144903725,0.362,2.207769184671987,0.785245096774405,6.098809902408803,21,11,8,2024-10-16,True,"{""coefficient_0"": -1.3072647006348173, ""coefficient_1"": 5.814570647332494, ""coefficient_2"": 0.10613601394784504}"
mean,inverse_accuracy_date_moe,smollm2-360m,smollm2-360m,smollm2-360m,2024-11-01,smollm,huggingface,0,0.2839794144903725,0.362,2.214727788559554,0.7866117843187513,6.118032565081641,21,11,8,2024-10-16,True,"{""coefficient_0"": -1.3104436239950654, ""coefficient_1"": 5.8158222473694785, ""coefficient_2"": 0.005017914983832617, ""coefficient_3"": 0.10713044598435352}"
mean,forward_inverse,phi-4,phi-4,phi-4,2024-12-12,phi,microsoft,0,0.4319771468017171,14.7,15.013188529649097,0.009155603582536198,1.021305342153,25,12,8,2024-12-06,True,"{""intercept"": 0.2683539090263608, ""slope"": 0.1390794742865229}"
mean,inverse_accuracy,phi-4,phi-4,phi-4,2024-12-12,phi,microsoft,0,0.4319771468017171,14.7,14.672154874223116,-0.0008234321347782014,1.001897821145945,25,12,8,2024-12-06,True,"{""coefficient_0"": -1.637484970288523, ""coefficient_1"": 6.491035217168518}"
mean,inverse_accuracy_date,phi-4,phi-4,phi-4,2024-12-12,phi,microsoft,0,0.4319771468017171,14.7,13.437882646526287,-0.03898649068597715,1.0939223378171092,25,12,8,2024-12-06,True,"{""coefficient_0"": -1.5539292146228723, ""coefficient_1"": 6.432082728320145, ""coefficient_2"": -0.10160778516307833}"
mean,inverse_accuracy_moe,phi-4,phi-4,phi-4,2024-12-12,phi,microsoft,0,0.4319771468017171,14.7,14.365548851240144,-0.009995111415582958,1.0232814737691682,25,12,8,2024-12-06,True,"{""coefficient_0"": -1.6143664462772742, ""coefficient_1"": 6.416285421881605, ""coefficient_2"": 0.06753907850509756}"
mean,inverse_accuracy_date_moe,phi-4,phi-4,phi-4,2024-12-12,phi,microsoft,0,0.4319771468017171,14.7,13.40639341429974,-0.040005375012524214,1.0964917667059098,25,12,8,2024-12-06,True,"{""coefficient_0"": -1.549775038350879, ""coefficient_1"": 6.392149728530968, ""coefficient_2"": -0.08885878383027351, ""coefficient_3"": 0.0427642593769076}"
mean,forward_inverse,command-r7b,command-r7b,command-r7b,2024-12-13,command,cohere,0,0.3644565644610499,7.0,4.985198824035978,-0.1474155561108621,1.4041566338838327,26,12,8,2024-12-12,True,"{""intercept"": 0.2634401545262125, ""slope"": 0.14478851378018076}"
mean,inverse_accuracy,command-r7b,command-r7b,command-r7b,2024-12-13,command,cohere,0,0.3644565644610499,7.0,5.31355519526312,-0.11971284378419178,1.3173853931620576,26,12,8,2024-12-12,True,"{""coefficient_0"": -1.576870874363406, ""coefficient_1"": 6.316955969768291}"
mean,inverse_accuracy_date,command-r7b,command-r7b,command-r7b,2024-12-13,command,cohere,0,0.3644565644610499,7.0,5.091751703170485,-0.13823082267838238,1.374772457117519,26,12,8,2024-12-12,True,"{""coefficient_0"": -1.533993718238491, ""coefficient_1"": 6.293132574942229, ""coefficient_2"": -0.05548488791599921}"
mean,inverse_accuracy_moe,command-r7b,command-r7b,command-r7b,2024-12-13,command,cohere,0,0.3644565644610499,7.0,5.218896312864982,-0.12751937147799686,1.3412797611526521,26,12,8,2024-12-12,True,"{""coefficient_0"": -1.534268890035843, ""coefficient_1"": 6.178644530390292, ""coefficient_2"": 0.12397156313231288}"
mean,inverse_accuracy_date_moe,command-r7b,command-r7b,command-r7b,2024-12-13,command,cohere,0,0.3644565644610499,7.0,5.156662439375535,-0.13272933705716927,1.357467176162047,26,12,8,2024-12-12,True,"{""coefficient_0"": -1.5233032618244209, ""coefficient_1"": 6.1776826586718725, ""coefficient_2"": -0.01665732975011037, ""coefficient_3"": 0.11842311543170565}"
mean,forward_inverse,deepseek-v3,deepseek-v3,deepseek-v3,2024-12-26,deepseek,deepseek,1,0.6880125844183548,671.0,1034.9639351801675,0.18820269626632458,1.542420171654497,28,13,9,2024-12-13,True,"{""intercept"": 0.2637648675031479, ""slope"": 0.14071583421124265}"
mean,inverse_accuracy,deepseek-v3,deepseek-v3,deepseek-v3,2024-12-26,deepseek,deepseek,1,0.6880125844183548,671.0,653.476081437758,-0.011492824028557447,1.0268164651469514,28,13,9,2024-12-13,True,"{""coefficient_0"": -1.5768931354280562, ""coefficient_1"": 6.383782696767949}"
mean,inverse_accuracy_date,deepseek-v3,deepseek-v3,deepseek-v3,2024-12-26,deepseek,deepseek,1,0.6880125844183548,671.0,564.7083681554406,-0.07489829677281712,1.1882239361739044,28,13,9,2024-12-13,True,"{""coefficient_0"": -1.4803661352420512, ""coefficient_1"": 6.323328815209331, ""coefficient_2"": -0.12006522516492986}"
mean,inverse_accuracy_moe,deepseek-v3,deepseek-v3,deepseek-v3,2024-12-26,deepseek,deepseek,1,0.6880125844183548,671.0,716.863788343507,0.028714122820205468,1.0683513984254949,28,13,9,2024-12-13,True,"{""coefficient_0"": -1.5532578195050042, ""coefficient_1"": 6.3086010758392455, ""coefficient_2"": 0.06829753224162874}"
mean,inverse_accuracy_date_moe,deepseek-v3,deepseek-v3,deepseek-v3,2024-12-26,deepseek,deepseek,1,0.6880125844183548,671.0,598.17104715808,-0.049897131807666195,1.1217527213794976,28,13,9,2024-12-13,True,"{""coefficient_0"": -1.4763880223679955, ""coefficient_1"": 6.290920684063494, ""coefficient_2"": -0.11044685022022893, ""coefficient_3"": 0.03384013100813004}"
mean,forward_inverse,deepseek-r1,deepseek-r1,deepseek-r1-think,2025-01-20,deepseek,deepseek,1,0.7026019969505517,671.0,1314.0296952075157,0.29188265960502946,1.958315492112542,28,13,9,2024-12-13,True,"{""intercept"": 0.2637648675031479, ""slope"": 0.14071583421124265}"
mean,inverse_accuracy,deepseek-r1,deepseek-r1,deepseek-r1-think,2025-01-20,deepseek,deepseek,1,0.7026019969505517,671.0,809.7768098622786,0.08164281525049111,1.206820879079402,28,13,9,2024-12-13,True,"{""coefficient_0"": -1.5768931354280562, ""coefficient_1"": 6.383782696767949}"
mean,inverse_accuracy_date,deepseek-r1,deepseek-r1,deepseek-r1-think,2025-01-20,deepseek,deepseek,1,0.7026019969505517,671.0,685.2670647255436,0.009137339108375553,1.0212623915432841,28,13,9,2024-12-13,True,"{""coefficient_0"": -1.4803661352420512, ""coefficient_1"": 6.323328815209331, ""coefficient_2"": -0.12006522516492986}"
mean,inverse_accuracy_moe,deepseek-r1,deepseek-r1,deepseek-r1-think,2025-01-20,deepseek,deepseek,1,0.7026019969505517,671.0,886.0850854402388,0.12075290641668524,1.3205440915651847,28,13,9,2024-12-13,True,"{""coefficient_0"": -1.5532578195050042, ""coefficient_1"": 6.3086010758392455, ""coefficient_2"": 0.06829753224162874}"
mean,inverse_accuracy_date_moe,deepseek-r1,deepseek-r1,deepseek-r1-think,2025-01-20,deepseek,deepseek,1,0.7026019969505517,671.0,726.183790408892,0.03432403036417364,1.0822411183441014,28,13,9,2024-12-13,True,"{""coefficient_0"": -1.4763880223679955, ""coefficient_1"": 6.290920684063494, ""coefficient_2"": -0.11044685022022893, ""coefficient_3"": 0.03384013100813004}"
mean,forward_inverse,deepseek-r1-distill-llama-70b,deepseek-r1-distill-llama-70b,deepseek-r1-distill-llama-70b-think,2025-01-20,deepseek-distill,deepseek,0,0.5715341831733621,70.0,153.8753442277602,0.34207099746727376,2.1982192032537164,28,13,9,2024-12-13,True,"{""intercept"": 0.2637648675031479, ""slope"": 0.14071583421124265}"
mean,inverse_accuracy,deepseek-r1-distill-llama-70b,deepseek-r1-distill-llama-70b,deepseek-r1-distill-llama-70b-think,2025-01-20,deepseek-distill,deepseek,0,0.5715341831733621,70.0,117.93885135470124,0.22655885371119933,1.6848407336385889,28,13,9,2024-12-13,True,"{""coefficient_0"": -1.5768931354280562, ""coefficient_1"": 6.383782696767949}"
mean,inverse_accuracy_date,deepseek-r1-distill-llama-70b,deepseek-r1-distill-llama-70b,deepseek-r1-distill-llama-70b-think,2025-01-20,deepseek-distill,deepseek,0,0.5715341831733621,70.0,101.64241510236297,0.16197693565931726,1.452034501462328,28,13,9,2024-12-13,True,"{""coefficient_0"": -1.4803661352420512, ""coefficient_1"": 6.323328815209331, ""coefficient_2"": -0.12006522516492986}"
mean,inverse_accuracy_moe,deepseek-r1-distill-llama-70b,deepseek-r1-distill-llama-70b,deepseek-r1-distill-llama-70b-think,2025-01-20,deepseek-distill,deepseek,0,0.5715341831733621,70.0,112.80369959809188,0.20722530332711564,1.6114814228298837,28,13,9,2024-12-13,True,"{""coefficient_0"": -1.5532578195050042, ""coefficient_1"": 6.3086010758392455, ""coefficient_2"": 0.06829753224162874}"
mean,inverse_accuracy_date_moe,deepseek-r1-distill-llama-70b,deepseek-r1-distill-llama-70b,deepseek-r1-distill-llama-70b-think,2025-01-20,deepseek-distill,deepseek,0,0.5715341831733621,70.0,100.61649831750974,0.1575711588048745,1.4373785473929959,28,13,9,2024-12-13,True,"{""coefficient_0"": -1.4763880223679955, ""coefficient_1"": 6.290920684063494, ""coefficient_2"": -0.11044685022022893, ""coefficient_3"": 0.03384013100813004}"
mean,forward_inverse,deepseek-r1-distill-qwen-32b,deepseek-r1-distill-qwen-32b,deepseek-r1-distill-qwen-32b-think,2025-01-20,deepseek-distill,deepseek,0,0.43466081494747727,32.0,16.386100035497293,-0.29067437646418104,1.952874688344282,28,13,9,2024-12-13,True,"{""intercept"": 0.2637648675031479, ""slope"": 0.14071583421124265}"
mean,inverse_accuracy,deepseek-r1-distill-qwen-32b,deepseek-r1-distill-qwen-32b,deepseek-r1-distill-qwen-32b-think,2025-01-20,deepseek-distill,deepseek,0,0.43466081494747727,32.0,15.772010371796553,-0.30726292432320124,2.0289106617138852,28,13,9,2024-12-13,True,"{""coefficient_0"": -1.5768931354280562, ""coefficient_1"": 6.383782696767949}"
mean,inverse_accuracy_date,deepseek-r1-distill-qwen-32b,deepseek-r1-distill-qwen-32b,deepseek-r1-distill-qwen-32b-think,2025-01-20,deepseek-distill,deepseek,0,0.43466081494747727,32.0,13.85414288202372,-0.36357031598382705,2.309778401486044,28,13,9,2024-12-13,True,"{""coefficient_0"": -1.4803661352420512, ""coefficient_1"": 6.323328815209331, ""coefficient_2"": -0.12006522516492986}"
mean,inverse_accuracy_moe,deepseek-r1-distill-qwen-32b,deepseek-r1-distill-qwen-32b,deepseek-r1-distill-qwen-32b-think,2025-01-20,deepseek-distill,deepseek,0,0.43466081494747727,32.0,15.446989996526876,-0.3163061130220919,2.0716010049333193,28,13,9,2024-12-13,True,"{""coefficient_0"": -1.5532578195050042, ""coefficient_1"": 6.3086010758392455, ""coefficient_2"": 0.06829753224162874}"
mean,inverse_accuracy_date_moe,deepseek-r1-distill-qwen-32b,deepseek-r1-distill-qwen-32b,deepseek-r1-distill-qwen-32b-think,2025-01-20,deepseek-distill,deepseek,0,0.43466081494747727,32.0,13.855100984956639,-0.3635402827704326,2.309618676525305,28,13,9,2024-12-13,True,"{""coefficient_0"": -1.4763880223679955, ""coefficient_1"": 6.290920684063494, ""coefficient_2"": -0.11044685022022893, ""coefficient_3"": 0.03384013100813004}"
mean,forward_inverse,mistral-small-24b,mistral-small-24b,mistral-small-24b,2025-01-30,mistral,mistral,0,0.4887937940146064,24.0,41.545455567030906,0.2383122838790448,1.731060648626288,25,13,9,2025-01-20,True,"{""intercept"": 0.25397456823353076, ""slope"": 0.14508236801524563}"
mean,inverse_accuracy,mistral-small-24b,mistral-small-24b,mistral-small-24b,2025-01-30,mistral,mistral,0,0.4887937940146064,24.0,38.42019049833138,0.20434827217609453,1.6008412707638078,25,13,9,2025-01-20,True,"{""coefficient_0"": -1.5301530483977683, ""coefficient_1"": 6.372242447481634}"
mean,inverse_accuracy_date,mistral-small-24b,mistral-small-24b,mistral-small-24b,2025-01-30,mistral,mistral,0,0.4887937940146064,24.0,30.422841070480878,0.10298852696717531,1.2676183779367034,25,13,9,2025-01-20,True,"{""coefficient_0"": -1.3535295398357714, ""coefficient_1"": 6.443365137983652, ""coefficient_2"": -0.2891925439850074}"
mean,inverse_accuracy_moe,mistral-small-24b,mistral-small-24b,mistral-small-24b,2025-01-30,mistral,mistral,0,0.4887937940146064,24.0,35.419867372541965,0.16903568895721532,1.4758278071892488,25,13,9,2025-01-20,True,"{""coefficient_0"": -1.4567429927078255, ""coefficient_1"": 6.149811966079954, ""coefficient_2"": 0.17329534913640954}"
mean,inverse_accuracy_date_moe,mistral-small-24b,mistral-small-24b,mistral-small-24b,2025-01-30,mistral,mistral,0,0.4887937940146064,24.0,25.768468276058623,0.030877362364092775,1.0736861781691096,25,13,9,2025-01-20,True,"{""coefficient_0"": -1.210968962366405, ""coefficient_1"": 6.1421082045805155, ""coefficient_2"": -0.3515339897125155, ""coefficient_3"": 0.24665407441943346}"
mean,forward_inverse,qwq-32b,qwq-32b,qwq-32b-think,2025-03-06,qwen2.5,alibaba,0,0.4746275580579264,32.0,27.627305337033008,-0.06381145078043082,1.1582743814361662,30,13,9,2025-01-30,True,"{""intercept"": 0.26868622068097103, ""slope"": 0.14288200408305193}"
mean,inverse_accuracy,qwq-32b,qwq-32b,qwq-32b-think,2025-03-06,qwen2.5,alibaba,0,0.4746275580579264,32.0,26.58531266680183,-0.08050820595226638,1.2036721328449793,30,13,9,2025-01-30,True,"{""coefficient_0"": -1.6130007729720786, ""coefficient_1"": 6.4000551459108195}"
mean,inverse_accuracy_date,qwq-32b,qwq-32b,qwq-32b-think,2025-03-06,qwen2.5,alibaba,0,0.4746275580579264,32.0,23.11585258418532,-0.14124006212579432,1.3843313753390505,30,13,9,2025-01-30,True,"{""coefficient_0"": -1.5447789600440451, ""coefficient_1"": 6.422237453018775, ""coefficient_2"": -0.11847860866485814}"
mean,inverse_accuracy_moe,qwq-32b,qwq-32b,qwq-32b-think,2025-03-06,qwen2.5,alibaba,0,0.4746275580579264,32.0,25.60973859096662,-0.09674483284952906,1.2495246636874082,30,13,9,2025-01-30,True,"{""coefficient_0"": -1.5690732900441422, ""coefficient_1"": 6.273294470505924, ""coefficient_2"": 0.07620983662927044}"
mean,inverse_accuracy_date_moe,qwq-32b,qwq-32b,qwq-32b-think,2025-03-06,qwen2.5,alibaba,0,0.4746275580579264,32.0,22.750173170646526,-0.14816527153468773,1.4065826998314057,30,13,9,2025-01-30,True,"{""coefficient_0"": -1.5187747913833194, ""coefficient_1"": 6.330627968422643, ""coefficient_2"": -0.10951638625746633, ""coefficient_3"": 0.05406776601481978}"
mean,forward_inverse,gemma-3-12b,gemma-3-12b,gemma-3-12b,2025-03-12,gemma3,google,0,0.40045024447896466,12.0,8.909777921392644,-0.12931436678243402,1.3468349161865911,32,14,9,2025-03-06,True,"{""intercept"": 0.26183657200097876, ""slope"": 0.14592957761114514}"
mean,inverse_accuracy,gemma-3-12b,gemma-3-12b,gemma-3-12b,2025-03-12,gemma3,google,0,0.40045024447896466,12.0,9.403524651866027,-0.10589057862420814,1.2761172479745382,32,14,9,2025-03-06,True,"{""coefficient_0"": -1.5444414297470803, ""coefficient_1"": 6.287253240278023}"
mean,inverse_accuracy_date,gemma-3-12b,gemma-3-12b,gemma-3-12b,2025-03-12,gemma3,google,0,0.40045024447896466,12.0,8.622352118197652,-0.14355549152098113,1.3917316105281474,32,14,9,2025-03-06,True,"{""coefficient_0"": -1.4982749669222657, ""coefficient_1"": 6.297759484913393, ""coefficient_2"": -0.07375252315214743}"
mean,inverse_accuracy_moe,gemma-3-12b,gemma-3-12b,gemma-3-12b,2025-03-12,gemma3,google,0,0.40045024447896466,12.0,9.252101509833222,-0.11294085704214885,1.2970026309424174,32,14,9,2025-03-06,True,"{""coefficient_0"": -1.5064364758631064, ""coefficient_1"": 6.1747418036561355, ""coefficient_2"": 0.07495521272779307}"
mean,inverse_accuracy_date_moe,gemma-3-12b,gemma-3-12b,gemma-3-12b,2025-03-12,gemma3,google,0,0.40045024447896466,12.0,8.624085002694242,-0.14346821759049888,1.3914519622952572,32,14,9,2025-03-06,True,"{""coefficient_0"": -1.4746400130704662, ""coefficient_1"": 6.2051730828409895, ""coefficient_2"": -0.0624192450521072, ""coefficient_3"": 0.06060558629693958}"
mean,forward_inverse,gemma-3-1b,gemma-3-1b,gemma-3-1b,2025-03-12,gemma3,google,0,0.20367796336627061,1.0,0.39944881050258435,-0.3985388677659434,2.50344968793825,32,14,9,2025-03-06,True,"{""intercept"": 0.26183657200097876, ""slope"": 0.14592957761114514}"
mean,inverse_accuracy,gemma-3-1b,gemma-3-1b,gemma-3-1b,2025-03-12,gemma3,google,0,0.20367796336627061,1.0,0.5446700627967067,-0.26386649459926703,1.8359738643708812,32,14,9,2025-03-06,True,"{""coefficient_0"": -1.5444414297470803, ""coefficient_1"": 6.287253240278023}"
mean,inverse_accuracy_date,gemma-3-1b,gemma-3-1b,gemma-3-1b,2025-03-12,gemma3,google,0,0.20367796336627061,1.0,0.4970513466749552,-0.30359874521886954,2.0118645823807535,32,14,9,2025-03-06,True,"{""coefficient_0"": -1.4982749669222657, ""coefficient_1"": 6.297759484913393, ""coefficient_2"": -0.07375252315214743}"
mean,inverse_accuracy_moe,gemma-3-1b,gemma-3-1b,gemma-3-1b,2025-03-12,gemma3,google,0,0.20367796336627061,1.0,0.5639263125115314,-0.2487776409818523,1.7732813273889425,32,14,9,2025-03-06,True,"{""coefficient_0"": -1.5064364758631064, ""coefficient_1"": 6.1747418036561355, ""coefficient_2"": 0.07495521272779307}"
mean,inverse_accuracy_date_moe,gemma-3-1b,gemma-3-1b,gemma-3-1b,2025-03-12,gemma3,google,0,0.20367796336627061,1.0,0.5184501043764921,-0.28529303375258364,1.9288259208716685,32,14,9,2025-03-06,True,"{""coefficient_0"": -1.4746400130704662, ""coefficient_1"": 6.2051730828409895, ""coefficient_2"": -0.0624192450521072, ""coefficient_3"": 0.06060558629693958}"
mean,forward_inverse,gemma-3-270m,gemma-3-270m,gemma-3-270m,2025-03-12,gemma,google,0,0.142950177332093,0.268,0.15322042654342058,-0.24281812701066952,1.749114044686806,32,14,9,2025-03-06,True,"{""intercept"": 0.26183657200097876, ""slope"": 0.14592957761114514}"
mean,inverse_accuracy,gemma-3-270m,gemma-3-270m,gemma-3-270m,2025-03-12,gemma,google,0,0.142950177332093,0.268,0.22611144003119696,-0.0738122581463494,1.1852562610853463,32,14,9,2025-03-06,True,"{""coefficient_0"": -1.5444414297470803, ""coefficient_1"": 6.287253240278023}"
mean,inverse_accuracy_date,gemma-3-270m,gemma-3-270m,gemma-3-270m,2025-03-12,gemma,google,0,0.142950177332093,0.268,0.2060403430463266,-0.11418252974219156,1.3007161414973099,32,14,9,2025-03-06,True,"{""coefficient_0"": -1.4982749669222657, ""coefficient_1"": 6.297759484913393, ""coefficient_2"": -0.07375252315214743}"
mean,inverse_accuracy_moe,gemma-3-270m,gemma-3-270m,gemma-3-270m,2025-03-12,gemma,google,0,0.142950177332093,0.268,0.237817582450047,-0.05189083407936279,1.1269141551226254,32,14,9,2025-03-06,True,"{""coefficient_0"": -1.5064364758631064, ""coefficient_1"": 6.1747418036561355, ""coefficient_2"": 0.07495521272779307}"
mean,inverse_accuracy_date_moe,gemma-3-270m,gemma-3-270m,gemma-3-270m,2025-03-12,gemma,google,0,0.142950177332093,0.268,0.21771108539153242,-0.09025425106117846,1.230989223713748,32,14,9,2025-03-06,True,"{""coefficient_0"": -1.4746400130704662, ""coefficient_1"": 6.2051730828409895, ""coefficient_2"": -0.0624192450521072, ""coefficient_3"": 0.06060558629693958}"
mean,forward_inverse,gemma-3-27b,gemma-3-27b,gemma-3-27b,2025-03-12,gemma3,google,0,0.46506642622408284,27.0,24.697730324606702,-0.03870671991915864,1.0932178643597674,32,14,9,2025-03-06,True,"{""intercept"": 0.26183657200097876, ""slope"": 0.14592957761114514}"
mean,inverse_accuracy,gemma-3-27b,gemma-3-27b,gemma-3-27b,2025-03-12,gemma3,google,0,0.46506642622408284,27.0,23.9634291540278,-0.05181479868418282,1.126716874553065,32,14,9,2025-03-06,True,"{""coefficient_0"": -1.5444414297470803, ""coefficient_1"": 6.287253240278023}"
mean,inverse_accuracy_date,gemma-3-27b,gemma-3-27b,gemma-3-27b,2025-03-12,gemma3,google,0,0.46506642622408284,27.0,22.007105528782798,-0.088800838168138,1.2268764724505485,32,14,9,2025-03-06,True,"{""coefficient_0"": -1.4982749669222657, ""coefficient_1"": 6.297759484913393, ""coefficient_2"": -0.07375252315214743}"
mean,inverse_accuracy_moe,gemma-3-27b,gemma-3-27b,gemma-3-27b,2025-03-12,gemma3,google,0,0.46506642622408284,27.0,23.18614927745825,-0.06613513653928726,1.1644883191643043,32,14,9,2025-03-06,True,"{""coefficient_0"": -1.5064364758631064, ""coefficient_1"": 6.1747418036561355, ""coefficient_2"": 0.07495521272779307}"
mean,inverse_accuracy_date_moe,gemma-3-27b,gemma-3-27b,gemma-3-27b,2025-03-12,gemma3,google,0,0.46506642622408284,27.0,21.710389752862785,-0.09469614402109294,1.243644186371169,32,14,9,2025-03-06,True,"{""coefficient_0"": -1.4746400130704662, ""coefficient_1"": 6.2051730828409895, ""coefficient_2"": -0.0624192450521072, ""coefficient_3"": 0.06060558629693958}"
mean,forward_inverse,gemma-3-4b,gemma-3-4b,gemma-3-4b,2025-03-12,gemma3,google,0,0.3301997089406739,4.0,2.940807698191818,-0.1335933647619576,1.3601705417390724,32,14,9,2025-03-06,True,"{""intercept"": 0.26183657200097876, ""slope"": 0.14592957761114514}"
mean,inverse_accuracy,gemma-3-4b,gemma-3-4b,gemma-3-4b,2025-03-12,gemma3,google,0,0.3301997089406739,4.0,3.4010088358035695,-0.07045223109893073,1.1761216136490584,32,14,9,2025-03-06,True,"{""coefficient_0"": -1.5444414297470803, ""coefficient_1"": 6.287253240278023}"
mean,inverse_accuracy_date,gemma-3-4b,gemma-3-4b,gemma-3-4b,2025-03-12,gemma3,google,0,0.3301997089406739,4.0,3.113183915878946,-0.10885521330783454,1.284858237766746,32,14,9,2025-03-06,True,"{""coefficient_0"": -1.4982749669222657, ""coefficient_1"": 6.297759484913393, ""coefficient_2"": -0.07375252315214743}"
mean,inverse_accuracy_moe,gemma-3-4b,gemma-3-4b,gemma-3-4b,2025-03-12,gemma3,google,0,0.3301997089406739,4.0,3.407700911954893,-0.06959852084000107,1.1738119346000124,32,14,9,2025-03-06,True,"{""coefficient_0"": -1.5064364758631064, ""coefficient_1"": 6.1747418036561355, ""coefficient_2"": 0.07495521272779307}"
mean,inverse_accuracy_date_moe,gemma-3-4b,gemma-3-4b,gemma-3-4b,2025-03-12,gemma3,google,0,0.3301997089406739,4.0,3.1607947569716104,-0.10226369504820287,1.265504503630739,32,14,9,2025-03-06,True,"{""coefficient_0"": -1.4746400130704662, ""coefficient_1"": 6.2051730828409895, ""coefficient_2"": -0.0624192450521072, ""coefficient_3"": 0.06060558629693958}"
mean,forward_inverse,command-a,command-a,command-a,2025-03-13,command,cohere,0,0.6124698891016755,111.0,229.46412708017402,0.31539182163625945,2.067244388109675,37,16,9,2025-03-12,True,"{""intercept"": 0.25274016423412493, ""slope"": 0.1523816959181625}"
mean,inverse_accuracy,command-a,command-a,command-a,2025-03-13,command,cohere,0,0.6124698891016755,111.0,191.86154160989054,0.23766495092291962,1.72848235684586,37,16,9,2025-03-12,True,"{""coefficient_0"": -1.486887712684523, ""coefficient_1"": 6.155201601703992}"
mean,inverse_accuracy_date,command-a,command-a,command-a,2025-03-13,command,cohere,0,0.6124698891016755,111.0,201.5799565127288,0.2591243683882585,1.8160356442588175,37,16,9,2025-03-12,True,"{""coefficient_0"": -1.524263655207074, ""coefficient_1"": 6.164363736617182, ""coefficient_2"": 0.04448513332345455}"
mean,inverse_accuracy_moe,command-a,command-a,command-a,2025-03-13,command,cohere,0,0.6124698891016755,111.0,173.38434477109254,0.1936869027822241,1.5620211240638964,37,16,9,2025-03-12,True,"{""coefficient_0"": -1.4387869084096163, ""coefficient_1"": 6.004861390611074, ""coefficient_2"": 0.11311335369680003}"
mean,inverse_accuracy_date_moe,command-a,command-a,command-a,2025-03-13,command,cohere,0,0.6124698891016755,111.0,183.69791005858355,0.2187812365546007,1.654936126653905,37,16,9,2025-03-12,True,"{""coefficient_0"": -1.485911673178187, ""coefficient_1"": 5.999795358980509, ""coefficient_2"": 0.06295496672388613, ""coefficient_3"": 0.1266804694663821}"
mean,forward_inverse,nemotron-super-49b,nemotron-super-49b,nemotron-super-49b-think,2025-03-18,nemotron,nvidia,0,0.4607484617888332,49.0,24.021021482012156,-0.30960460841172366,2.0398799458504726,39,16,9,2025-03-13,True,"{""intercept"": 0.2523493319134615, ""slope"": 0.15094916502078537}"
mean,inverse_accuracy,nemotron-super-49b,nemotron-super-49b,nemotron-super-49b-think,2025-03-18,nemotron,nvidia,0,0.4607484617888332,49.0,23.015380247243463,-0.32817792556865233,2.129011099256928,39,16,9,2025-03-13,True,"{""coefficient_0"": -1.464131844305534, ""coefficient_1"": 6.133824056173746}"
mean,inverse_accuracy_date,nemotron-super-49b,nemotron-super-49b,nemotron-super-49b-think,2025-03-18,nemotron,nvidia,0,0.4607484617888332,49.0,22.003869911197615,-0.3476970113301363,2.2268810076478522,39,16,9,2025-03-13,True,"{""coefficient_0"": -1.429486356564576, ""coefficient_1"": 6.127889630762611, ""coefficient_2"": -0.04249980918280982}"
mean,inverse_accuracy_moe,nemotron-super-49b,nemotron-super-49b,nemotron-super-49b-think,2025-03-18,nemotron,nvidia,0,0.4607484617888332,49.0,22.14956270338805,-0.344830923617518,2.2122332912922404,39,16,9,2025-03-13,True,"{""coefficient_0"": -1.4252510942929837, ""coefficient_1"": 6.013294629236955, ""coefficient_2"": 0.09432501141879822}"
mean,inverse_accuracy_date_moe,nemotron-super-49b,nemotron-super-49b,nemotron-super-49b-think,2025-03-18,nemotron,nvidia,0,0.4607484617888332,49.0,21.527855632965533,-0.357195307666752,2.2761208006693643,39,16,9,2025-03-13,True,"{""coefficient_0"": -1.4039934017269233, ""coefficient_1"": 6.018063442764985, ""coefficient_2"": -0.029599546077451997, ""coefficient_3"": 0.08735846503577804}"
mean,forward_inverse,llama-4-maverick,llama-4-maverick,llama-4-maverick,2025-04-05,llama4,meta,1,0.642747310297538,402.0,431.0585511142825,0.030310211737003545,1.0722849530206038,34,15,9,2025-03-18,True,"{""intercept"": 0.2525564042586623, ""slope"": 0.1481061055218826}"
mean,inverse_accuracy,llama-4-maverick,llama-4-maverick,llama-4-maverick,2025-04-05,llama4,meta,1,0.642747310297538,402.0,332.8947904451614,-0.08191905425890056,1.207588738359131,34,15,9,2025-03-18,True,"{""coefficient_0"": -1.485787411276033, ""coefficient_1"": 6.235878930782599}"
mean,inverse_accuracy_date,llama-4-maverick,llama-4-maverick,llama-4-maverick,2025-04-05,llama4,meta,1,0.642747310297538,402.0,311.56764328091856,-0.11067370380859565,1.2902495129686646,34,15,9,2025-03-18,True,"{""coefficient_0"": -1.4346662734027946, ""coefficient_1"": 6.2327543314841085, ""coefficient_2"": -0.06182845571554983}"
mean,inverse_accuracy_moe,llama-4-maverick,llama-4-maverick,llama-4-maverick,2025-04-05,llama4,meta,1,0.642747310297538,402.0,344.93696953544,-0.06648630955846757,1.1654303119245584,34,15,9,2025-03-18,True,"{""coefficient_0"": -1.4729659997183806, ""coefficient_1"": 6.195952336681329, ""coefficient_2"": 0.028274044110713374}"
mean,inverse_accuracy_date_moe,llama-4-maverick,llama-4-maverick,llama-4-maverick,2025-04-05,llama4,meta,1,0.642747310297538,402.0,314.36772810540936,-0.10678809658576416,1.2787572134796445,34,15,9,2025-03-18,True,"{""coefficient_0"": -1.433128577296969, ""coefficient_1"": 6.22444866498817, ""coefficient_2"": -0.06043508462650272, ""coefficient_3"": 0.005931528536357443}"
mean,forward_inverse,llama-4-scout,llama-4-scout,llama-4-scout,2025-04-05,llama4,meta,1,0.4879248209742171,109.0,38.831825270938594,-0.4482386931152571,2.806975959525001,34,15,9,2025-03-18,True,"{""intercept"": 0.2525564042586623, ""slope"": 0.1481061055218826}"
mean,inverse_accuracy,llama-4-scout,llama-4-scout,llama-4-scout,2025-04-05,llama4,meta,1,0.4879248209742171,109.0,36.04563657217519,-0.480573798297665,3.023944376228348,34,15,9,2025-03-18,True,"{""coefficient_0"": -1.485787411276033, ""coefficient_1"": 6.235878930782599}"
mean,inverse_accuracy_date,llama-4-scout,llama-4-scout,llama-4-scout,2025-04-05,llama4,meta,1,0.4879248209742171,109.0,33.77394628532037,-0.5088446896058296,3.2273397689205243,34,15,9,2025-03-18,True,"{""coefficient_0"": -1.4346662734027946, ""coefficient_1"": 6.2327543314841085, ""coefficient_2"": -0.06182845571554983}"
mean,inverse_accuracy_moe,llama-4-scout,llama-4-scout,llama-4-scout,2025-04-05,llama4,meta,1,0.4879248209742171,109.0,37.884972734929335,-0.45895951890827136,2.877130221595852,34,15,9,2025-03-18,True,"{""coefficient_0"": -1.4729659997183806, ""coefficient_1"": 6.195952336681329, ""coefficient_2"": 0.028274044110713374}"
mean,inverse_accuracy_date_moe,llama-4-scout,llama-4-scout,llama-4-scout,2025-04-05,llama4,meta,1,0.4879248209742171,109.0,34.1785252389693,-0.5036731784206083,3.189137016237366,34,15,9,2025-03-18,True,"{""coefficient_0"": -1.433128577296969, ""coefficient_1"": 6.22444866498817, ""coefficient_2"": -0.06043508462650272, ""coefficient_3"": 0.005931528536357443}"
mean,forward_inverse,glm-4-32b,glm-4-32b,glm-4-32b,2025-04-15,glm,zhipu,0,0.5062689042941333,32.0,50.675789318969535,0.1996505436076117,1.5836184162177978,43,18,10,2025-04-05,True,"{""intercept"": 0.25248573582182865, ""slope"": 0.1488638495871452}"
mean,inverse_accuracy,glm-4-32b,glm-4-32b,glm-4-32b,2025-04-15,glm,zhipu,0,0.5062689042941333,32.0,46.45963401755986,0.16192580603410267,1.4518635630487453,43,18,10,2025-04-05,True,"{""coefficient_0"": -1.4718693893393529, ""coefficient_1"": 6.200154003275875}"
mean,inverse_accuracy_date,glm-4-32b,glm-4-32b,glm-4-32b,2025-04-15,glm,zhipu,0,0.5062689042941333,32.0,48.61772706618921,0.18164467290304342,1.5193039708184126,43,18,10,2025-04-05,True,"{""coefficient_0"": -1.502718658135785, ""coefficient_1"": 6.198274023851212, ""coefficient_2"": 0.040037547692779916}"
mean,inverse_accuracy_moe,glm-4-32b,glm-4-32b,glm-4-32b,2025-04-15,glm,zhipu,0,0.5062689042941333,32.0,41.87447845888402,0.11679943267808746,1.3085774518401254,43,18,10,2025-04-05,True,"{""coefficient_0"": -1.394699231900329, ""coefficient_1"": 5.958589629565127, ""coefficient_2"": 0.16900955072793947}"
mean,inverse_accuracy_date_moe,glm-4-32b,glm-4-32b,glm-4-32b,2025-04-15,glm,zhipu,0,0.5062689042941333,32.0,44.01399187133185,0.13844078058778986,1.37543724597912,43,18,10,2025-04-05,True,"{""coefficient_0"": -1.4284892618037284, ""coefficient_1"": 5.954024565499508, ""coefficient_2"": 0.04487331548373585, ""coefficient_3"": 0.17072929404960438}"
mean,forward_inverse,granite-3.3-2b,granite-3.3-2b,granite-3.3-2b,2025-04-15,granite,ibm,0,0.3004519352636091,2.0,2.0999803423847263,0.021185233720510288,1.0499901711923632,43,18,10,2025-04-05,True,"{""intercept"": 0.25248573582182865, ""slope"": 0.1488638495871452}"
mean,inverse_accuracy,granite-3.3-2b,granite-3.3-2b,granite-3.3-2b,2025-04-15,granite,ibm,0,0.3004519352636091,2.0,2.4602479572159486,0.08994888421331587,1.2301239786079743,43,18,10,2025-04-05,True,"{""coefficient_0"": -1.4718693893393529, ""coefficient_1"": 6.200154003275875}"
mean,inverse_accuracy_date,granite-3.3-2b,granite-3.3-2b,granite-3.3-2b,2025-04-15,granite,ibm,0,0.3004519352636091,2.0,2.576823535149939,0.11005468274928065,1.2884117675749696,43,18,10,2025-04-05,True,"{""coefficient_0"": -1.502718658135785, ""coefficient_1"": 6.198274023851212, ""coefficient_2"": 0.040037547692779916}"
mean,inverse_accuracy_moe,granite-3.3-2b,granite-3.3-2b,granite-3.3-2b,2025-04-15,granite,ibm,0,0.3004519352636091,2.0,2.486397461604627,0.09454055808020373,1.2431987308023136,43,18,10,2025-04-05,True,"{""coefficient_0"": -1.394699231900329, ""coefficient_1"": 5.958589629565127, ""coefficient_2"": 0.16900955072793947}"
mean,inverse_accuracy_date_moe,granite-3.3-2b,granite-3.3-2b,granite-3.3-2b,2025-04-15,granite,ibm,0,0.3004519352636091,2.0,2.6190963136777325,0.1171214736393223,1.3095481568388663,43,18,10,2025-04-05,True,"{""coefficient_0"": -1.4284892618037284, ""coefficient_1"": 5.954024565499508, ""coefficient_2"": 0.04487331548373585, ""coefficient_3"": 0.17072929404960438}"
mean,forward_inverse,qwen3-0.6b,qwen3-0.6b,qwen3-0.6b,2025-04-29,qwen,alibaba,0,0.10967071805841186,0.596,0.09939884715449186,-0.7778649123383569,5.996045397525182,41,18,11,2025-04-15,True,"{""intercept"": 0.2576037937714259, ""slope"": 0.1475467021580637}"
mean,inverse_accuracy,qwen3-0.6b,qwen3-0.6b,qwen3-0.6b,2025-04-29,qwen,alibaba,0,0.10967071805841186,0.596,0.1484920941603338,-0.6035429276623614,4.013681693763919,41,18,11,2025-04-15,True,"{""coefficient_0"": -1.5133511866225657, ""coefficient_1"": 6.246466977042797}"
mean,inverse_accuracy_date,qwen3-0.6b,qwen3-0.6b,qwen3-0.6b,2025-04-29,qwen,alibaba,0,0.10967071805841186,0.596,0.15283657792960315,-0.5910189546372914,3.8995900593542396,41,18,11,2025-04-15,True,"{""coefficient_0"": -1.5340467094737824, ""coefficient_1"": 6.247449694205722, ""coefficient_2"": 0.024987718887641924}"
mean,inverse_accuracy_moe,qwen3-0.6b,qwen3-0.6b,qwen3-0.6b,2025-04-29,qwen,alibaba,0,0.10967071805841186,0.596,0.17170431818596388,-0.5404650423850624,3.4710833501257894,41,18,11,2025-04-15,True,"{""coefficient_0"": -1.4180112445291277, ""coefficient_1"": 5.952294955674651, ""coefficient_2"": 0.19613870237433448}"
mean,inverse_accuracy_date_moe,qwen3-0.6b,qwen3-0.6b,qwen3-0.6b,2025-04-29,qwen,alibaba,0,0.10967071805841186,0.596,0.17827531492534374,-0.5241550474336042,3.343143722671793,41,18,11,2025-04-15,True,"{""coefficient_0"": -1.4434035480939036, ""coefficient_1"": 5.951237350836795, ""coefficient_2"": 0.03155811829142813, ""coefficient_3"": 0.19767137188925823}"
mean,forward_inverse,qwen3-14b,qwen3-14b,qwen3-14b-think,2025-04-29,qwen3,alibaba,0,0.4355244163813639,14.0,16.064222254473876,0.05973166845351119,1.1474444467481342,41,18,11,2025-04-15,True,"{""intercept"": 0.2576037937714259, ""slope"": 0.1475467021580637}"
mean,inverse_accuracy,qwen3-14b,qwen3-14b,qwen3-14b-think,2025-04-29,qwen3,alibaba,0,0.4355244163813639,14.0,16.111563896412502,0.061009662321222624,1.1508259926008932,41,18,11,2025-04-15,True,"{""coefficient_0"": -1.5133511866225657, ""coefficient_1"": 6.246466977042797}"
mean,inverse_accuracy_date,qwen3-14b,qwen3-14b,qwen3-14b-think,2025-04-29,qwen3,alibaba,0,0.4355244163813639,14.0,16.595177160528486,0.07385385736823769,1.1853697971806063,41,18,11,2025-04-15,True,"{""coefficient_0"": -1.5340467094737824, ""coefficient_1"": 6.247449694205722, ""coefficient_2"": 0.024987718887641924}"
mean,inverse_accuracy_moe,qwen3-14b,qwen3-14b,qwen3-14b-think,2025-04-29,qwen3,alibaba,0,0.4355244163813639,14.0,14.940273304820996,0.02823050649257297,1.0671623789157856,41,18,11,2025-04-15,True,"{""coefficient_0"": -1.4180112445291277, ""coefficient_1"": 5.952294955674651, ""coefficient_2"": 0.19613870237433448}"
mean,inverse_accuracy_date_moe,qwen3-14b,qwen3-14b,qwen3-14b-think,2025-04-29,qwen3,alibaba,0,0.4355244163813639,14.0,15.499722137608689,0.044195876996251826,1.1071230098291922,41,18,11,2025-04-15,True,"{""coefficient_0"": -1.4434035480939036, ""coefficient_1"": 5.951237350836795, ""coefficient_2"": 0.03155811829142813, ""coefficient_3"": 0.19767137188925823}"
mean,forward_inverse,qwen3-235b-a22b,qwen3-235b-a22b,qwen3-235b-a22b-think,2025-04-29,qwen3,alibaba,1,0.547118545828504,235.0,91.66226828565566,-0.4088772621258445,2.563759378806202,41,18,11,2025-04-15,True,"{""intercept"": 0.2576037937714259, ""slope"": 0.1475467021580637}"
mean,inverse_accuracy,qwen3-235b-a22b,qwen3-235b-a22b,qwen3-235b-a22b-think,2025-04-29,qwen3,alibaba,1,0.547118545828504,235.0,80.2059786684097,-0.46686111984887524,2.9299561441865207,41,18,11,2025-04-15,True,"{""coefficient_0"": -1.5133511866225657, ""coefficient_1"": 6.246466977042797}"
mean,inverse_accuracy_date,qwen3-235b-a22b,qwen3-235b-a22b,qwen3-235b-a22b-think,2025-04-29,qwen3,alibaba,1,0.547118545828504,235.0,82.63434764912023,-0.4539072593355713,2.8438537567677153,41,18,11,2025-04-15,True,"{""coefficient_0"": -1.5340467094737824, ""coefficient_1"": 6.247449694205722, ""coefficient_2"": 0.024987718887641924}"
mean,inverse_accuracy_moe,qwen3-235b-a22b,qwen3-235b-a22b,qwen3-235b-a22b-think,2025-04-29,qwen3,alibaba,1,0.547118545828504,235.0,108.32742461982977,-0.3363294439354747,2.1693490898054852,41,18,11,2025-04-15,True,"{""coefficient_0"": -1.4180112445291277, ""coefficient_1"": 5.952294955674651, ""coefficient_2"": 0.19613870237433448}"
mean,inverse_accuracy_date_moe,qwen3-235b-a22b,qwen3-235b-a22b,qwen3-235b-a22b-think,2025-04-29,qwen3,alibaba,1,0.547118545828504,235.0,112.75048945954512,-0.31894942640805146,2.0842481582691312,41,18,11,2025-04-15,True,"{""coefficient_0"": -1.4434035480939036, ""coefficient_1"": 5.951237350836795, ""coefficient_2"": 0.03155811829142813, ""coefficient_3"": 0.19767137188925823}"
mean,forward_inverse,qwen3-30b-a3b,qwen3-30b-a3b,qwen3-30b-a3b-think,2025-04-29,qwen3,alibaba,1,0.44819830691502033,30.0,19.577498007628666,-0.18536406627762925,1.5323715006028884,41,18,11,2025-04-15,True,"{""intercept"": 0.2576037937714259, ""slope"": 0.1475467021580637}"
mean,inverse_accuracy,qwen3-30b-a3b,qwen3-30b-a3b,qwen3-30b-a3b-think,2025-04-29,qwen3,alibaba,1,0.44819830691502033,30.0,19.333244204329663,-0.19081651803106148,1.551731291599861,41,18,11,2025-04-15,True,"{""coefficient_0"": -1.5133511866225657, ""coefficient_1"": 6.246466977042797}"
mean,inverse_accuracy_date,qwen3-30b-a3b,qwen3-30b-a3b,qwen3-30b-a3b-think,2025-04-29,qwen3,alibaba,1,0.44819830691502033,30.0,19.914132232964448,-0.17795986813429843,1.5064678515260692,41,18,11,2025-04-15,True,"{""coefficient_0"": -1.5340467094737824, ""coefficient_1"": 6.247449694205722, ""coefficient_2"": 0.024987718887641924}"
mean,inverse_accuracy_moe,qwen3-30b-a3b,qwen3-30b-a3b,qwen3-30b-a3b-think,2025-04-29,qwen3,alibaba,1,0.44819830691502033,30.0,27.921322136043027,-0.031185275482261465,1.074447687463684,41,18,11,2025-04-15,True,"{""coefficient_0"": -1.4180112445291277, ""coefficient_1"": 5.952294955674651, ""coefficient_2"": 0.19613870237433448}"
mean,inverse_accuracy_date_moe,qwen3-30b-a3b,qwen3-30b-a3b,qwen3-30b-a3b-think,2025-04-29,qwen3,alibaba,1,0.44819830691502033,30.0,29.068365700648126,-0.013700639431601491,1.0320497653341103,41,18,11,2025-04-15,True,"{""coefficient_0"": -1.4434035480939036, ""coefficient_1"": 5.951237350836795, ""coefficient_2"": 0.03155811829142813, ""coefficient_3"": 0.19767137188925823}"
mean,forward_inverse,qwen3-32b,qwen3-32b,qwen3-32b-think,2025-04-29,qwen3,alibaba,0,0.4656513675898899,32.0,25.706655083749393,-0.09510440782937102,1.2448138388968772,41,18,11,2025-04-15,True,"{""intercept"": 0.2576037937714259, ""slope"": 0.1475467021580637}"
mean,inverse_accuracy,qwen3-32b,qwen3-32b,qwen3-32b-think,2025-04-29,qwen3,alibaba,0,0.4656513675898899,32.0,24.849903343911997,-0.1098252744774082,1.2877313668843593,41,18,11,2025-04-15,True,"{""coefficient_0"": -1.5133511866225657, ""coefficient_1"": 6.246466977042797}"
mean,inverse_accuracy_date,qwen3-32b,qwen3-32b,qwen3-32b-think,2025-04-29,qwen3,alibaba,0,0.4656513675898899,32.0,25.597556199234894,-0.09695147315837427,1.2501193376013167,41,18,11,2025-04-15,True,"{""coefficient_0"": -1.5340467094737824, ""coefficient_1"": 6.247449694205722, ""coefficient_2"": 0.024987718887641924}"
mean,inverse_accuracy_moe,qwen3-32b,qwen3-32b,qwen3-32b-think,2025-04-29,qwen3,alibaba,0,0.4656513675898899,32.0,22.57787383517648,-0.1514669364407295,1.4173168046560605,41,18,11,2025-04-15,True,"{""coefficient_0"": -1.4180112445291277, ""coefficient_1"": 5.952294955674651, ""coefficient_2"": 0.19613870237433448}"
mean,inverse_accuracy_date_moe,qwen3-32b,qwen3-32b,qwen3-32b-think,2025-04-29,qwen3,alibaba,0,0.4656513675898899,32.0,23.42159947474036,-0.13553342834639892,1.3662602348960515,41,18,11,2025-04-15,True,"{""coefficient_0"": -1.4434035480939036, ""coefficient_1"": 5.951237350836795, ""coefficient_2"": 0.03155811829142813, ""coefficient_3"": 0.19767137188925823}"
mean,forward_inverse,qwen3-8b,qwen3-8b,qwen3-8b-think,2025-04-29,qwen3,alibaba,0,0.42206391862177306,8.0,13.020599404518103,0.2115409904877461,1.6275749255647631,41,18,11,2025-04-15,True,"{""intercept"": 0.2576037937714259, ""slope"": 0.1475467021580637}"
mean,inverse_accuracy,qwen3-8b,qwen3-8b,qwen3-8b-think,2025-04-29,qwen3,alibaba,0,0.42206391862177306,8.0,13.275691240595958,0.21996715625767438,1.659461405074495,41,18,11,2025-04-15,True,"{""coefficient_0"": -1.5133511866225657, ""coefficient_1"": 6.246466977042797}"
mean,inverse_accuracy_date,qwen3-8b,qwen3-8b,qwen3-8b-think,2025-04-29,qwen3,alibaba,0,0.42206391862177306,8.0,13.67376495832092,0.23279812344251938,1.7092206197901152,41,18,11,2025-04-15,True,"{""coefficient_0"": -1.5340467094737824, ""coefficient_1"": 6.247449694205722, ""coefficient_2"": 0.024987718887641924}"
mean,inverse_accuracy_moe,qwen3-8b,qwen3-8b,qwen3-8b-think,2025-04-29,qwen3,alibaba,0,0.42206391862177306,8.0,12.423320495675702,0.19114770226358457,1.552915061959463,41,18,11,2025-04-15,True,"{""coefficient_0"": -1.4180112445291277, ""coefficient_1"": 5.952294955674651, ""coefficient_2"": 0.19613870237433448}"
mean,inverse_accuracy_date_moe,qwen3-8b,qwen3-8b,qwen3-8b-think,2025-04-29,qwen3,alibaba,0,0.42206391862177306,8.0,12.888942779640225,0.207127308654814,1.6111178474550283,41,18,11,2025-04-15,True,"{""coefficient_0"": -1.4434035480939036, ""coefficient_1"": 5.951237350836795, ""coefficient_2"": 0.03155811829142813, ""coefficient_3"": 0.19767137188925823}"
mean,forward_inverse,gemma-3n-e4b,gemma-3n-e4b,gemma-3n-e4b,2025-06-26,gemma3n,google,0,0.34761465661461477,4.0,4.309940638840691,0.032411297301107256,1.0774851597101727,44,18,11,2025-04-29,True,"{""intercept"": 0.25364604998318535, ""slope"": 0.1481053726394327}"
mean,inverse_accuracy,gemma-3n-e4b,gemma-3n-e4b,gemma-3n-e4b,2025-06-26,gemma3n,google,0,0.34761465661461477,4.0,4.984934716575691,0.09559948377375649,1.2462336791439226,44,18,11,2025-04-29,True,"{""coefficient_0"": -1.4238179743161907, ""coefficient_1"": 6.102957424404286}"
mean,inverse_accuracy_date,gemma-3n-e4b,gemma-3n-e4b,gemma-3n-e4b,2025-06-26,gemma3n,google,0,0.34761465661461477,4.0,5.604686400598822,0.14649132617401284,1.4011716001497054,44,18,11,2025-04-29,True,"{""coefficient_0"": -1.4862104760868227, ""coefficient_1"": 6.092106302930589, ""coefficient_2"": 0.07888345562056191}"
mean,inverse_accuracy_moe,gemma-3n-e4b,gemma-3n-e4b,gemma-3n-e4b,2025-06-26,gemma3n,google,0,0.34761465661461477,4.0,4.812623615962401,0.08032190652176052,1.2031559039906004,44,18,11,2025-04-29,True,"{""coefficient_0"": -1.3013509232934763, ""coefficient_1"": 5.706700748646734, ""coefficient_2"": 0.26330842363326934}"
mean,inverse_accuracy_date_moe,gemma-3n-e4b,gemma-3n-e4b,gemma-3n-e4b,2025-06-26,gemma3n,google,0,0.34761465661461477,4.0,5.336763036290692,0.12521792829854295,1.334190759072673,44,18,11,2025-04-29,True,"{""coefficient_0"": -1.357657523930626, ""coefficient_1"": 5.701999342711441, ""coefficient_2"": 0.06930106592927873, ""coefficient_3"": 0.2600978941265923}"
mean,forward_inverse,ernie-4.5-300b-a47b,ernie-4.5-300b-a47b,ernie-4.5-300b-a47b,2025-06-30,ernie,baidu,1,0.5383758901248453,300.0,84.56413221253204,-0.5499350581727329,3.5476033650534093,52,22,12,2025-06-26,True,"{""intercept"": 0.24822801418736057, ""slope"": 0.15055518582343647}"
mean,inverse_accuracy,ernie-4.5-300b-a47b,ernie-4.5-300b-a47b,ernie-4.5-300b-a47b,2025-06-30,ernie,baidu,1,0.5383758901248453,300.0,73.3515970177702,-0.6117116809377061,4.089890502688332,52,22,12,2025-06-26,True,"{""coefficient_0"": -1.4112430155565445, ""coefficient_1"": 6.086180026707121}"
mean,inverse_accuracy_date,ernie-4.5-300b-a47b,ernie-4.5-300b-a47b,ernie-4.5-300b-a47b,2025-06-30,ernie,baidu,1,0.5383758901248453,300.0,80.12594965924046,-0.5733480648689357,3.744105390024577,52,22,12,2025-06-26,True,"{""coefficient_0"": -1.468734220721283, ""coefficient_1"": 6.093077766723524, ""coefficient_2"": 0.06163844228036218}"
mean,inverse_accuracy_moe,ernie-4.5-300b-a47b,ernie-4.5-300b-a47b,ernie-4.5-300b-a47b,2025-06-30,ernie,baidu,1,0.5383758901248453,300.0,107.89956907026978,-0.444101544520326,2.7803632821241817,52,22,12,2025-06-26,True,"{""coefficient_0"": -1.3048802239336688, ""coefficient_1"": 5.736060724299534, ""coefficient_2"": 0.2497431358780786}"
mean,inverse_accuracy_date_moe,ernie-4.5-300b-a47b,ernie-4.5-300b-a47b,ernie-4.5-300b-a47b,2025-06-30,ernie,baidu,1,0.5383758901248453,300.0,115.91404138467769,-0.4129852067930049,2.5881247553469926,52,22,12,2025-06-26,True,"{""coefficient_0"": -1.3553297774337996, ""coefficient_1"": 5.7457170539563105, ""coefficient_2"": 0.05287077441985844, ""coefficient_3"": 0.24707554094773998}"
mean,forward_inverse,kimi-k2,kimi-k2,kimi-k2,2025-07-11,kimi,moonshot,1,0.6922443970121994,1000.0,975.1168252437549,-0.010943349922687862,1.0255181472743278,53,23,13,2025-06-30,True,"{""intercept"": 0.24969937218431232, ""slope"": 0.1480550811295064}"
mean,inverse_accuracy,kimi-k2,kimi-k2,kimi-k2,2025-07-11,kimi,moonshot,1,0.6922443970121994,1000.0,677.3806288312061,-0.16916722710680787,1.4762748703420425,53,23,13,2025-06-30,True,"{""coefficient_0"": -1.428133735868184, ""coefficient_1"": 6.152403005562095}"
mean,inverse_accuracy_date,kimi-k2,kimi-k2,kimi-k2,2025-07-11,kimi,moonshot,1,0.6922443970121994,1000.0,789.5586292954957,-0.10261561558079935,1.2665303916598012,53,23,13,2025-06-30,True,"{""coefficient_0"": -1.5232960210580075, ""coefficient_1"": 6.157031202472963, ""coefficient_2"": 0.10394218488506204}"
mean,inverse_accuracy_moe,kimi-k2,kimi-k2,kimi-k2,2025-07-11,kimi,moonshot,1,0.6922443970121994,1000.0,906.3614563823323,-0.0426985714107504,1.103312583471299,53,23,13,2025-06-30,True,"{""coefficient_0"": -1.2954663559162904, ""coefficient_1"": 5.712216487062904, ""coefficient_2"": 0.2985179268155356}"
mean,inverse_accuracy_date_moe,kimi-k2,kimi-k2,kimi-k2,2025-07-11,kimi,moonshot,1,0.6922443970121994,1000.0,1010.4522383963996,0.0045157902995081045,1.0104522383963996,53,23,13,2025-06-30,True,"{""coefficient_0"": -1.3726261053107789, ""coefficient_1"": 5.729316913291334, ""coefficient_2"": 0.07981929252986501, ""coefficient_3"": 0.2893313084022927}"
mean,forward_inverse,glm-4.5,glm-4.5,glm-4.5-think,2025-07-28,glm,zhipu,1,0.6677866908796538,355.0,677.9122050878769,0.2809450999347436,1.909611845317963,53,23,13,2025-07-11,True,"{""intercept"": 0.24935695539372005, ""slope"": 0.14779374786947597}"
mean,inverse_accuracy,glm-4.5,glm-4.5,glm-4.5-think,2025-07-28,glm,zhipu,1,0.6677866908796538,355.0,500.6554143507407,0.14931056416044175,1.4102969418330722,53,23,13,2025-07-11,True,"{""coefficient_0"": -1.4446656036994148, ""coefficient_1"": 6.20588067644164}"
mean,inverse_accuracy_date,glm-4.5,glm-4.5,glm-4.5-think,2025-07-28,glm,zhipu,1,0.6677866908796538,355.0,600.5073950176637,0.22829000688631185,1.69157012681032,53,23,13,2025-07-11,True,"{""coefficient_0"": -1.5495757289434118, ""coefficient_1"": 6.195724539052158, ""coefficient_2"": 0.12132898766173382}"
mean,inverse_accuracy_moe,glm-4.5,glm-4.5,glm-4.5-think,2025-07-28,glm,zhipu,1,0.6677866908796538,355.0,665.4025199525727,0.2728560882018223,1.8743732956410493,53,23,13,2025-07-11,True,"{""coefficient_0"": -1.301226192630069, ""coefficient_1"": 5.732447560828212, ""coefficient_2"": 0.296258446600371}"
mean,inverse_accuracy_date_moe,glm-4.5,glm-4.5,glm-4.5-think,2025-07-28,glm,zhipu,1,0.6677866908796538,355.0,746.2317315214467,0.3226453592611689,2.1020612155533707,53,23,13,2025-07-11,True,"{""coefficient_0"": -1.3830831900297664, ""coefficient_1"": 5.7494332941002995, ""coefficient_2"": 0.0861882924578196, ""coefficient_3"": 0.2811146956301832}"
mean,forward_inverse,glm-4.5-air,glm-4.5-air,glm-4.5-air-think,2025-07-28,glm,zhipu,1,0.5827082837681729,106.0,180.10141245965517,0.23021125355714345,1.6990699288646707,53,23,13,2025-07-11,True,"{""intercept"": 0.24935695539372005, ""slope"": 0.14779374786947597}"
mean,inverse_accuracy,glm-4.5-air,glm-4.5-air,glm-4.5-air-think,2025-07-28,glm,zhipu,1,0.5827082837681729,106.0,148.44052255984053,0.14624660927519084,1.4003822883003818,53,23,13,2025-07-11,True,"{""coefficient_0"": -1.4446656036994148, ""coefficient_1"": 6.20588067644164}"
mean,inverse_accuracy_date,glm-4.5-air,glm-4.5-air,glm-4.5-air-think,2025-07-28,glm,zhipu,1,0.5827082837681729,106.0,178.4004663264835,0.226090119992564,1.6830232672309757,53,23,13,2025-07-11,True,"{""coefficient_0"": -1.5495757289434118, ""coefficient_1"": 6.195724539052158, ""coefficient_2"": 0.12132898766173382}"
mean,inverse_accuracy_moe,glm-4.5-air,glm-4.5-air,glm-4.5-air-think,2025-07-28,glm,zhipu,1,0.5827082837681729,106.0,216.45964105029574,0.3100710686667876,2.042072085380148,53,23,13,2025-07-11,True,"{""coefficient_0"": -1.301226192630069, ""coefficient_1"": 5.732447560828212, ""coefficient_2"": 0.296258446600371}"
mean,inverse_accuracy_date_moe,glm-4.5-air,glm-4.5-air,glm-4.5-air-think,2025-07-28,glm,zhipu,1,0.5827082837681729,106.0,241.94747040628567,0.3584152205957247,2.282523305719675,53,23,13,2025-07-11,True,"{""coefficient_0"": -1.3830831900297664, ""coefficient_1"": 5.7494332941002995, ""coefficient_2"": 0.0861882924578196, ""coefficient_3"": 0.2811146956301832}"
mean,forward_inverse,gpt-oss-120b,gpt-oss-120b,gpt-oss-120b-think,2025-08-05,gpt-oss,openai,0,0.5641110154555697,120.0,127.73728824521834,0.027136446167024708,1.0644774020434866,56,24,14,2025-07-28,True,"{""intercept"": 0.24899789977559136, ""slope"": 0.14960379283936906}"
mean,inverse_accuracy,gpt-oss-120b,gpt-oss-120b,gpt-oss-120b-think,2025-08-05,gpt-oss,openai,0,0.5641110154555697,120.0,109.70977874941354,-0.038935906826265576,1.0937949321189513,56,24,14,2025-07-28,True,"{""coefficient_0"": -1.4276153268439067, ""coefficient_1"": 6.1474790795649685}"
mean,inverse_accuracy_date,gpt-oss-120b,gpt-oss-120b,gpt-oss-120b-think,2025-08-05,gpt-oss,openai,0,0.5641110154555697,120.0,123.81951655102293,0.013607857944938129,1.031829304591858,56,24,14,2025-07-28,True,"{""coefficient_0"": -1.4944945017453095, ""coefficient_1"": 6.12091938522126, ""coefficient_2"": 0.08434987845858975}"
mean,inverse_accuracy_moe,gpt-oss-120b,gpt-oss-120b,gpt-oss-120b-think,2025-08-05,gpt-oss,openai,0,0.5641110154555697,120.0,83.97248077871677,-0.155044262415297,1.429039595915029,56,24,14,2025-07-28,True,"{""coefficient_0"": -1.2891213775852768, ""coefficient_1"": 5.696145391918314, ""coefficient_2"": 0.26087457650948775}"
mean,inverse_accuracy_date_moe,gpt-oss-120b,gpt-oss-120b,gpt-oss-120b-think,2025-08-05,gpt-oss,openai,0,0.5641110154555697,120.0,90.32636159407588,-0.12336672913347901,1.3285158162273443,56,24,14,2025-07-28,True,"{""coefficient_0"": -1.3290827653003414, ""coefficient_1"": 5.699819575059765, ""coefficient_2"": 0.043658215653882275, ""coefficient_3"": 0.2508050507369213}"
mean,forward_inverse,gpt-oss-20b,gpt-oss-20b,gpt-oss-20b-think,2025-08-05,gpt-oss,openai,0,0.4349403974815957,20.0,17.49442298910285,-0.05813037275366861,1.1432214719203861,56,24,14,2025-07-28,True,"{""intercept"": 0.24899789977559136, ""slope"": 0.14960379283936906}"
mean,inverse_accuracy,gpt-oss-20b,gpt-oss-20b,gpt-oss-20b-think,2025-08-05,gpt-oss,openai,0,0.4349403974815957,20.0,17.626726563858167,-0.05485832813210645,1.1346406224402434,56,24,14,2025-07-28,True,"{""coefficient_0"": -1.4276153268439067, ""coefficient_1"": 6.1474790795649685}"
mean,inverse_accuracy_date,gpt-oss-20b,gpt-oss-20b,gpt-oss-20b-think,2025-08-05,gpt-oss,openai,0,0.4349403974815957,20.0,20.051467580857302,0.0011161687706742196,1.002573379042865,56,24,14,2025-07-28,True,"{""coefficient_0"": -1.4944945017453095, ""coefficient_1"": 6.12091938522126, ""coefficient_2"": 0.08434987845858975}"
mean,inverse_accuracy_moe,gpt-oss-20b,gpt-oss-20b,gpt-oss-20b-think,2025-08-05,gpt-oss,openai,0,0.4349403974815957,20.0,15.4298734191026,-0.1126676323753466,1.2961869133183854,56,24,14,2025-07-28,True,"{""coefficient_0"": -1.2891213775852768, ""coefficient_1"": 5.696145391918314, ""coefficient_2"": 0.26087457650948775}"
mean,inverse_accuracy_date_moe,gpt-oss-20b,gpt-oss-20b,gpt-oss-20b-think,2025-08-05,gpt-oss,openai,0,0.4349403974815957,20.0,16.5792660221656,-0.08146469560045966,1.2063260202991533,56,24,14,2025-07-28,True,"{""coefficient_0"": -1.3290827653003414, ""coefficient_1"": 5.699819575059765, ""coefficient_2"": 0.043658215653882275, ""coefficient_3"": 0.2508050507369213}"
mean,forward_inverse,nemotron-nano-9b-v2,nemotron-nano-9b-v2,nemotron-nano-9b-v2,2025-08-15,nemotron,nvidia,0,0.3399089942025593,9.0,4.04394654915313,-0.3474371027679528,2.225548703625855,56,24,14,2025-08-05,True,"{""intercept"": 0.24904843988505895, ""slope"": 0.14973590102948403}"
mean,inverse_accuracy,nemotron-nano-9b-v2,nemotron-nano-9b-v2,nemotron-nano-9b-v2,2025-08-15,nemotron,nvidia,0,0.3399089942025593,9.0,4.565812877436914,-0.29472440078748463,1.971171452180117,56,24,14,2025-08-05,True,"{""coefficient_0"": -1.43301761821952, ""coefficient_1"": 6.156164628066216}"
mean,inverse_accuracy_date,nemotron-nano-9b-v2,nemotron-nano-9b-v2,nemotron-nano-9b-v2,2025-08-15,nemotron,nvidia,0,0.3399089942025593,9.0,5.1596867827174915,-0.24161917073190675,1.7442919268172905,56,24,14,2025-08-05,True,"{""coefficient_0"": -1.4916631238772826, ""coefficient_1"": 6.126871568558085, ""coefficient_2"": 0.07509077891367877}"
mean,inverse_accuracy_moe,nemotron-nano-9b-v2,nemotron-nano-9b-v2,nemotron-nano-9b-v2,2025-08-15,nemotron,nvidia,0,0.3399089942025593,9.0,4.409816414221871,-0.30982199977874403,2.04090128808414,56,24,14,2025-08-05,True,"{""coefficient_0"": -1.294647993936481, ""coefficient_1"": 5.70466959294854, ""coefficient_2"": 0.26133828539476833}"
mean,inverse_accuracy_date_moe,nemotron-nano-9b-v2,nemotron-nano-9b-v2,nemotron-nano-9b-v2,2025-08-15,nemotron,nvidia,0,0.3399089942025593,9.0,4.770438164451092,-0.2756842386457864,1.886619151059802,56,24,14,2025-08-05,True,"{""coefficient_0"": -1.3360170594297311, ""coefficient_1"": 5.699705269721477, ""coefficient_2"": 0.04762702346575828, ""coefficient_3"": 0.2534574911399208}"
mean,forward_inverse,hermes-4-405b,hermes-4-405b,hermes-4-405b,2025-08-26,llama,meta,0,0.5220898311567072,405.0,69.10484370925171,-0.7679465341259202,5.860660096475684,50,22,14,2025-08-15,True,"{""intercept"": 0.24683286167957524, ""slope"": 0.14963615069451952}"
mean,inverse_accuracy,hermes-4-405b,hermes-4-405b,hermes-4-405b,2025-08-26,llama,meta,0,0.5220898311567072,405.0,62.221698607489955,-0.8135131603540633,6.508983346064554,50,22,14,2025-08-15,True,"{""coefficient_0"": -1.414768681576434, ""coefficient_1"": 6.145897416404445}"
mean,inverse_accuracy_date,hermes-4-405b,hermes-4-405b,hermes-4-405b,2025-08-26,llama,meta,0,0.5220898311567072,405.0,66.83564110904013,-0.7824469049140215,6.059641132779082,50,22,14,2025-08-15,True,"{""coefficient_0"": -1.4584698262048577, ""coefficient_1"": 6.129781698157038, ""coefficient_2"": 0.050384664252086785}"
mean,inverse_accuracy_moe,hermes-4-405b,hermes-4-405b,hermes-4-405b,2025-08-26,llama,meta,0,0.5220898311567072,405.0,53.134161103068415,-0.882081195007965,7.6222150042868,50,22,14,2025-08-15,True,"{""coefficient_0"": -1.314701705428878, ""coefficient_1"": 5.822897425334247, ""coefficient_2"": 0.18708699012475705}"
mean,inverse_accuracy_date_moe,hermes-4-405b,hermes-4-405b,hermes-4-405b,2025-08-26,llama,meta,0,0.5220898311567072,405.0,56.9740193294207,-0.8517781646318747,7.108503222465525,50,22,14,2025-08-15,True,"{""coefficient_0"": -1.3573428970929378, ""coefficient_1"": 5.808535921305492, ""coefficient_2"": 0.04872557189370835, ""coefficient_3"": 0.1863782909812451}"
mean,forward_inverse,qwen3-next-80b-a3b,qwen3-next-80b-a3b,qwen3-next-80b-a3b,2025-09-11,qwen3,alibaba,1,0.5639248701915196,80.0,134.41442096393484,0.22535587851962258,1.680180262049186,50,22,14,2025-08-26,True,"{""intercept"": 0.25874312305784347, ""slope"": 0.1433824332010091}"
mean,inverse_accuracy,qwen3-next-80b-a3b,qwen3-next-80b-a3b,qwen3-next-80b-a3b,2025-09-11,qwen3,alibaba,1,0.5639248701915196,80.0,114.43767961493978,0.15547905629853376,1.4304709951867474,50,22,14,2025-08-26,True,"{""coefficient_0"": -1.5195234641328152, ""coefficient_1"": 6.3449808592554255}"
mean,inverse_accuracy_date,qwen3-next-80b-a3b,qwen3-next-80b-a3b,qwen3-next-80b-a3b,2025-09-11,qwen3,alibaba,1,0.5639248701915196,80.0,142.13874392547743,0.2496224862880665,1.7767342990684682,50,22,14,2025-08-26,True,"{""coefficient_0"": -1.6200529978634348, ""coefficient_1"": 6.284960155972914, ""coefficient_2"": 0.1348416443583384}"
mean,inverse_accuracy_moe,qwen3-next-80b-a3b,qwen3-next-80b-a3b,qwen3-next-80b-a3b,2025-09-11,qwen3,alibaba,1,0.5639248701915196,80.0,139.46920315781773,0.24138833262342296,1.7433650394727218,50,22,14,2025-08-26,True,"{""coefficient_0"": -1.4306808946881635, ""coefficient_1"": 6.076770041164275, ""coefficient_2"": 0.14831745765625093}"
mean,inverse_accuracy_date_moe,qwen3-next-80b-a3b,qwen3-next-80b-a3b,qwen3-next-80b-a3b,2025-09-11,qwen3,alibaba,1,0.5639248701915196,80.0,169.49098641441125,0.3260566202399595,2.1186373301801407,50,22,14,2025-08-26,True,"{""coefficient_0"": -1.532771161715139, ""coefficient_1"": 6.036593959077221, ""coefficient_2"": 0.1292282708981894, ""coefficient_3"": 0.13872532351574354}"
mean,forward_inverse,deepseek-v3.2,deepseek-v3.2,deepseek-v3.2-think|deepseek-v3.2,2025-09-29,deepseek,deepseek,1,0.6746947589262962,671.0,833.10623985822,0.09397786712273115,1.2415890310852757,57,23,14,2025-09-11,True,"{""intercept"": 0.25143931327644947, ""slope"": 0.14491573579113967}"
mean,inverse_accuracy,deepseek-v3.2,deepseek-v3.2,deepseek-v3.2-think|deepseek-v3.2,2025-09-29,deepseek,deepseek,1,0.6746947589262962,671.0,571.475658471484,-0.06972478345458066,1.1741532470424232,57,23,14,2025-09-11,True,"{""coefficient_0"": -1.4402941890414251, ""coefficient_1"": 6.221023463166326}"
mean,inverse_accuracy_date,deepseek-v3.2,deepseek-v3.2,deepseek-v3.2-think|deepseek-v3.2,2025-09-29,deepseek,deepseek,1,0.6746947589262962,671.0,690.1686424013701,0.012232703199369865,1.0285672763060658,57,23,14,2025-09-11,True,"{""coefficient_0"": -1.5397628427967085, ""coefficient_1"": 6.162529993607296, ""coefficient_2"": 0.12665710474719624}"
mean,inverse_accuracy_moe,deepseek-v3.2,deepseek-v3.2,deepseek-v3.2-think|deepseek-v3.2,2025-09-29,deepseek,deepseek,1,0.6746947589262962,671.0,678.5550197868034,0.004862547480468216,1.0112593439445654,57,23,14,2025-09-11,True,"{""coefficient_0"": -1.349159184179638, ""coefficient_1"": 5.9205916789470265, ""coefficient_2"": 0.1861520763008994}"
mean,inverse_accuracy_date_moe,deepseek-v3.2,deepseek-v3.2,deepseek-v3.2-think|deepseek-v3.2,2025-09-29,deepseek,deepseek,1,0.6746947589262962,671.0,781.8412801036441,0.0663960766613596,1.1651881968757736,57,23,14,2025-09-11,True,"{""coefficient_0"": -1.4440455404881407, ""coefficient_1"": 5.904170185127601, ""coefficient_2"": 0.10791482400054987, ""coefficient_3"": 0.16544682272829814}"
mean,forward_inverse,glm-4.6,glm-4.6,glm-4.6-think,2025-09-30,glm,zhipu,1,0.7216731401682547,357.0,1710.7736956110969,0.6805243479306262,4.7920831809834645,59,24,14,2025-09-29,True,"{""intercept"": 0.24967146317391384, ""slope"": 0.14598625588948674}"
mean,inverse_accuracy,glm-4.6,glm-4.6,glm-4.6-think,2025-09-30,glm,zhipu,1,0.7216731401682547,357.0,1153.833136815049,0.509474791147539,3.2320255933194653,59,24,14,2025-09-29,True,"{""coefficient_0"": -1.440900521343516, ""coefficient_1"": 6.23972720884885}"
mean,inverse_accuracy_date,glm-4.6,glm-4.6,glm-4.6-think,2025-09-30,glm,zhipu,1,0.7216731401682547,357.0,1459.0195640850884,0.6113928993023219,4.086889535252348,59,24,14,2025-09-29,True,"{""coefficient_0"": -1.5652086489694383, ""coefficient_1"": 6.1805506010140805, ""coefficient_2"": 0.15396169377308805}"
mean,inverse_accuracy_moe,glm-4.6,glm-4.6,glm-4.6-think,2025-09-30,glm,zhipu,1,0.7216731401682547,357.0,1334.6712207579433,0.5727060798535502,3.7385748480614653,59,24,14,2025-09-29,True,"{""coefficient_0"": -1.3345282015640576, ""coefficient_1"": 5.8966641862715665, ""coefficient_2"": 0.20443833770551287}"
mean,inverse_accuracy_date_moe,glm-4.6,glm-4.6,glm-4.6-think,2025-09-30,glm,zhipu,1,0.7216731401682547,357.0,1617.9686916208034,0.6563018974632717,4.532125186612895,59,24,14,2025-09-29,True,"{""coefficient_0"": -1.4559303681145541, ""coefficient_1"": 5.880584099075065, ""coefficient_2"": 0.13640372699287245, ""coefficient_3"": 0.1827778421479199}"
mean,forward_inverse,olmo-3.1-32b,olmo-3.1-32b,olmo-3.1-32b,2025-11-20,olmo,allenai,0,0.4148666957648695,32.0,13.008625633177386,-0.39091856273113845,2.459906288515733,63,25,15,2025-09-30,True,"{""intercept"": 0.24801411037372792, ""slope"": 0.1497467968114824}"
mean,inverse_accuracy,olmo-3.1-32b,olmo-3.1-32b,olmo-3.1-32b,2025-11-20,olmo,allenai,0,0.4148666957648695,32.0,13.701546802272741,-0.36838037979332094,2.3355027327784637,63,25,15,2025-09-30,True,"{""coefficient_0"": -1.3864586468580111, ""coefficient_1"": 6.082021697915865}"
mean,inverse_accuracy_date,olmo-3.1-32b,olmo-3.1-32b,olmo-3.1-32b,2025-11-20,olmo,allenai,0,0.4148666957648695,32.0,16.945059356211875,-0.27610688387001825,1.888456058330014,63,25,15,2025-09-30,True,"{""coefficient_0"": -1.459505947639537, ""coefficient_1"": 6.013574084375793, ""coefficient_2"": 0.10269273153267885}"
mean,inverse_accuracy_moe,olmo-3.1-32b,olmo-3.1-32b,olmo-3.1-32b,2025-11-20,olmo,allenai,0,0.4148666957648695,32.0,12.797667423597437,-0.3980191584669226,2.500455664365497,63,25,15,2025-09-30,True,"{""coefficient_0"": -1.2928177139804817, ""coefficient_1"": 5.784866701360053, ""coefficient_2"": 0.1609550457183386}"
mean,inverse_accuracy_date_moe,olmo-3.1-32b,olmo-3.1-32b,olmo-3.1-32b,2025-11-20,olmo,allenai,0,0.4148666957648695,32.0,15.341916514096605,-0.3192703631980127,2.0857889541112717,63,25,15,2025-09-30,True,"{""coefficient_0"": -1.3630305972427321, ""coefficient_1"": 5.762251552788424, ""coefficient_2"": 0.08394067912580412, ""coefficient_3"": 0.14289973510138493}"
mean,forward_inverse,nemotron-3-nano-30b,nemotron-3-nano-30b,nemotron-3-nano-30b,2025-12-15,nemotron,nvidia,1,0.4516318031088476,30.0,22.848815421955265,-0.11825756537041254,1.3129783512178583,61,25,15,2025-11-20,True,"{""intercept"": 0.24886087102793808, ""slope"": 0.1492209510565516}"
mean,inverse_accuracy,nemotron-3-nano-30b,nemotron-3-nano-30b,nemotron-3-nano-30b,2025-12-15,nemotron,nvidia,1,0.4516318031088476,30.0,22.86683202838764,-0.11791525311639517,1.3119438653660902,61,25,15,2025-11-20,True,"{""coefficient_0"": -1.3963610130300208, ""coefficient_1"": 6.101357335035083}"
mean,inverse_accuracy_date,nemotron-3-nano-30b,nemotron-3-nano-30b,nemotron-3-nano-30b,2025-12-15,nemotron,nvidia,1,0.4516318031088476,30.0,28.726406019459567,-0.01883996021229417,1.0443353052824527,61,25,15,2025-11-20,True,"{""coefficient_0"": -1.4695290409223318, ""coefficient_1"": 6.025258167566086, ""coefficient_2"": 0.10569338748167743}"
mean,inverse_accuracy_moe,nemotron-3-nano-30b,nemotron-3-nano-30b,nemotron-3-nano-30b,2025-12-15,nemotron,nvidia,1,0.4516318031088476,30.0,30.132133480551936,0.001908627900527371,1.0044044493517312,61,25,15,2025-11-20,True,"{""coefficient_0"": -1.3009042804685336, ""coefficient_1"": 5.796186590467905, ""coefficient_2"": 0.16219196208037973}"
mean,inverse_accuracy_date_moe,nemotron-3-nano-30b,nemotron-3-nano-30b,nemotron-3-nano-30b,2025-12-15,nemotron,nvidia,1,0.4516318031088476,30.0,35.49662868600436,0.07306585291031031,1.1832209562001454,61,25,15,2025-11-20,True,"{""coefficient_0"": -1.3729946182298998, ""coefficient_1"": 5.764171608856389, ""coefficient_2"": 0.0894891007938262, ""coefficient_3"": 0.14496293591887607}"
mean,forward_inverse,mimo-v2-flash,mimo-v2-flash,mimo-v2-flash-think|mimo-v2-flash,2025-12-16,mimo,xiaomi,1,0.6449118915546658,309.0,456.92237993886175,0.16988395078215124,1.4787132036856367,65,26,16,2025-12-15,True,"{""intercept"": 0.2470919858639868, ""slope"": 0.14956521528221545}"
mean,inverse_accuracy,mimo-v2-flash,mimo-v2-flash,mimo-v2-flash-think|mimo-v2-flash,2025-12-16,mimo,xiaomi,1,0.6449118915546658,309.0,347.82881146048487,0.0514070733426748,1.1256595840145143,65,26,16,2025-12-15,True,"{""coefficient_0"": -1.374288656219118, ""coefficient_1"": 6.071611115042865}"
mean,inverse_accuracy_date,mimo-v2-flash,mimo-v2-flash,mimo-v2-flash-think|mimo-v2-flash,2025-12-16,mimo,xiaomi,1,0.6449118915546658,309.0,434.1217730793083,0.1476530887015084,1.4049248319718715,65,26,16,2025-12-15,True,"{""coefficient_0"": -1.4654634674097204, ""coefficient_1"": 5.993825377103438, ""coefficient_2"": 0.12136811738679477}"
mean,inverse_accuracy_moe,mimo-v2-flash,mimo-v2-flash,mimo-v2-flash-think|mimo-v2-flash,2025-12-16,mimo,xiaomi,1,0.6449118915546658,309.0,397.1910175666872,0.10904093898528622,1.2854078238404119,65,26,16,2025-12-15,True,"{""coefficient_0"": -1.2873771532124796, ""coefficient_1"": 5.791975983338816, ""coefficient_2"": 0.1510623843683696}"
mean,inverse_accuracy_date_moe,mimo-v2-flash,mimo-v2-flash,mimo-v2-flash-think|mimo-v2-flash,2025-12-16,mimo,xiaomi,1,0.6449118915546658,309.0,467.54312758343895,0.17986319825989394,1.5130845552862102,65,26,16,2025-12-15,True,"{""coefficient_0"": -1.3798327002046409, ""coefficient_1"": 5.776512027534317, ""coefficient_2"": 0.10233543001039666, ""coefficient_3"": 0.12398499623602603}"
mean,forward_inverse,glm-4.7,glm-4.7,glm-4.7-think,2025-12-22,glm,zhipu,1,0.7231556012382313,358.0,1741.5199021733595,0.6870454153170065,4.864580732327817,62,26,16,2025-12-16,True,"{""intercept"": 0.24842134714508954, ""slope"": 0.14648094291335542}"
mean,inverse_accuracy,glm-4.7,glm-4.7,glm-4.7-think,2025-12-22,glm,zhipu,1,0.7231556012382313,358.0,1176.8780122725864,0.5168484223146885,3.2873687493647648,62,26,16,2025-12-16,True,"{""coefficient_0"": -1.4246094947813142, ""coefficient_1"": 6.2162844843387495}"
mean,inverse_accuracy_date,glm-4.7,glm-4.7,glm-4.7-think,2025-12-22,glm,zhipu,1,0.7231556012382313,358.0,1556.0368857494325,0.638136861053221,4.346471747903441,62,26,16,2025-12-16,True,"{""coefficient_0"": -1.5439495188975665, ""coefficient_1"": 6.138619495533702, ""coefficient_2"": 0.15035145656978077}"
mean,inverse_accuracy_moe,glm-4.7,glm-4.7,glm-4.7-think,2025-12-22,glm,zhipu,1,0.7231556012382313,358.0,1314.4807937263372,0.564871218237756,3.671734060688091,62,26,16,2025-12-16,True,"{""coefficient_0"": -1.3277741642543854, ""coefficient_1"": 5.900713447630308, ""coefficient_2"": 0.17939442818040363}"
mean,inverse_accuracy_date_moe,glm-4.7,glm-4.7,glm-4.7-think,2025-12-22,glm,zhipu,1,0.7231556012382313,358.0,1636.3281146914694,0.6599873656695294,4.570748923719186,62,26,16,2025-12-16,True,"{""coefficient_0"": -1.4486578147645979, ""coefficient_1"": 5.893763231757913, ""coefficient_2"": 0.1291850195348793, ""coefficient_3"": 0.14541032301105075}"
mean,forward_inverse,glm-4.7-flash,glm-4.7-flash,glm-4.7-flash-think,2025-12-22,glm,zhipu,1,0.5399956932730218,30.0,97.84249236420673,0.5134062523322318,3.261416412140225,62,26,16,2025-12-16,True,"{""intercept"": 0.24842134714508954, ""slope"": 0.14648094291335542}"
mean,inverse_accuracy,glm-4.7-flash,glm-4.7-flash,glm-4.7-flash-think,2025-12-22,glm,zhipu,1,0.5399956932730218,30.0,85.53765794364055,0.45503610020185503,2.851255264788019,62,26,16,2025-12-16,True,"{""coefficient_0"": -1.4246094947813142, ""coefficient_1"": 6.2162844843387495}"
mean,inverse_accuracy_date,glm-4.7-flash,glm-4.7-flash,glm-4.7-flash-think,2025-12-22,glm,zhipu,1,0.5399956932730218,30.0,116.86135183592678,0.590549651142039,3.8953783945308933,62,26,16,2025-12-16,True,"{""coefficient_0"": -1.5439495188975665, ""coefficient_1"": 6.138619495533702, ""coefficient_2"": 0.15035145656978077}"
mean,inverse_accuracy_moe,glm-4.7-flash,glm-4.7-flash,glm-4.7-flash-think,2025-12-22,glm,zhipu,1,0.5399956932730218,30.0,109.1390358602207,0.5608588581649265,3.6379678620073572,62,26,16,2025-12-16,True,"{""coefficient_0"": -1.3277741642543854, ""coefficient_1"": 5.900713447630308, ""coefficient_2"": 0.17939442818040363}"
mean,inverse_accuracy_date_moe,glm-4.7-flash,glm-4.7-flash,glm-4.7-flash-think,2025-12-22,glm,zhipu,1,0.5399956932730218,30.0,136.26027503766704,0.6572480064962261,4.542009167922235,62,26,16,2025-12-16,True,"{""coefficient_0"": -1.4486578147645979, ""coefficient_1"": 5.893763231757913, ""coefficient_2"": 0.1291850195348793, ""coefficient_3"": 0.14541032301105075}"
mean,forward_inverse,kimi-k2.5,kimi-k2.5,kimi-k2.5-think,2026-01-27,kimi,moonshot,1,0.7420918996908663,1040.0,1798.5492432523104,0.23788899375370764,1.729374272357991,67,26,16,2025-12-22,True,"{""intercept"": 0.24611578488950903, ""slope"": 0.15237725022342624}"
mean,inverse_accuracy,kimi-k2.5,kimi-k2.5,kimi-k2.5-think,2026-01-27,kimi,moonshot,1,0.7420918996908663,1040.0,1179.434487110813,0.05464048326370108,1.1340716222219358,67,26,16,2025-12-22,True,"{""coefficient_0"": -1.3218613041680531, ""coefficient_1"": 5.920473095799526}"
mean,inverse_accuracy_date,kimi-k2.5,kimi-k2.5,kimi-k2.5-think,2026-01-27,kimi,moonshot,1,0.7420918996908663,1040.0,1308.3479814942684,0.09968992941685562,1.2580269052829507,67,26,16,2025-12-22,True,"{""coefficient_0"": -1.3623707546569488, ""coefficient_1"": 5.866378525937027, ""coefficient_2"": 0.06065081856670791}"
mean,inverse_accuracy_moe,kimi-k2.5,kimi-k2.5,kimi-k2.5-think,2026-01-27,kimi,moonshot,1,0.7420918996908663,1040.0,1223.5961740373846,0.07060477105615437,1.1765347827282546,67,26,16,2025-12-22,True,"{""coefficient_0"": -1.2637718540733682, ""coefficient_1"": 5.733123999629205, ""coefficient_2"": 0.09690508438016841}"
mean,inverse_accuracy_date_moe,kimi-k2.5,kimi-k2.5,kimi-k2.5-think,2026-01-27,kimi,moonshot,1,0.7420918996908663,1040.0,1314.0899791887614,0.1015917642257933,1.263548056912271,67,26,16,2025-12-22,True,"{""coefficient_0"": -1.303467278858616, ""coefficient_1"": 5.72338137773384, ""coefficient_2"": 0.04522840271022388, ""coefficient_3"": 0.08107915932894555}"
mean,forward_inverse,step-3.5-flash,step-3.5-flash,step-3.5-flash-think,2026-01-29,step,stepfun,1,0.6602120640689685,197.0,512.1772085252337,0.4149540226448645,2.599884307234689,69,27,17,2026-01-27,True,"{""intercept"": 0.24550299913720353, ""slope"": 0.1530619198385525}"
mean,inverse_accuracy,step-3.5-flash,step-3.5-flash,step-3.5-flash-think,2026-01-29,step,stepfun,1,0.6602120640689685,197.0,392.6255860017562,0.29951237143889164,1.993023279196732,69,27,17,2026-01-27,True,"{""coefficient_0"": -1.3303765592828223, ""coefficient_1"": 5.944082773491022}"
mean,inverse_accuracy_date,step-3.5-flash,step-3.5-flash,step-3.5-flash-think,2026-01-29,step,stepfun,1,0.6602120640689685,197.0,435.9996188446017,0.3450198834424092,2.213196034744171,69,27,17,2026-01-27,True,"{""coefficient_0"": -1.3658131278905015, ""coefficient_1"": 5.881452889831675, ""coefficient_2"": 0.058850526262154736}"
mean,inverse_accuracy_moe,step-3.5-flash,step-3.5-flash,step-3.5-flash-think,2026-01-29,step,stepfun,1,0.6602120640689685,197.0,421.40448107784954,0.330232923280958,2.1391090410043123,69,27,17,2026-01-27,True,"{""coefficient_0"": -1.2670052407505352, ""coefficient_1"": 5.741185376819559, ""coefficient_2"": 0.10130454236046625}"
mean,inverse_accuracy_date_moe,step-3.5-flash,step-3.5-flash,step-3.5-flash-think,2026-01-29,step,stepfun,1,0.6602120640689685,197.0,449.43484137837265,0.35820051088422344,2.281395133900369,69,27,17,2026-01-27,True,"{""coefficient_0"": -1.3020696772318097, ""coefficient_1"": 5.727141165187284, ""coefficient_2"": 0.04221446127677323, ""coefficient_3"": 0.08588586030442892}"
mean,forward_inverse,glm-5,glm-5,glm-5-think|glm-5,2026-02-11,glm,zhipu,1,0.7361794263296416,744.0,1905.7642620121305,0.40849624300244436,2.561511104855015,64,27,17,2026-01-29,True,"{""intercept"": 0.2465681282135032, ""slope"": 0.14926858900361004}"
mean,inverse_accuracy,glm-5,glm-5,glm-5-think|glm-5,2026-02-11,glm,zhipu,1,0.7361794263296416,744.0,1305.2619658693757,0.24412474770996084,1.754384362727656,64,27,17,2026-01-29,True,"{""coefficient_0"": -1.3897781577957435, ""coefficient_1"": 6.120078448150153}"
mean,inverse_accuracy_date,glm-5,glm-5,glm-5-think|glm-5,2026-02-11,glm,zhipu,1,0.7361794263296416,744.0,1591.6278481130441,0.33026859368194117,2.1392847420874257,64,27,17,2026-01-29,True,"{""coefficient_0"": -1.4605539812360055, ""coefficient_1"": 6.029760019762549, ""coefficient_2"": 0.1057002454741772}"
mean,inverse_accuracy_moe,glm-5,glm-5,glm-5-think|glm-5,2026-02-11,glm,zhipu,1,0.7361794263296416,744.0,1403.3210967996176,0.2755841186706691,1.8861842698919598,64,27,17,2026-01-29,True,"{""coefficient_0"": -1.300582078898939, ""coefficient_1"": 5.832538654174561, ""coefficient_2"": 0.15394417263979832}"
mean,inverse_accuracy_date_moe,glm-5,glm-5,glm-5-think|glm-5,2026-02-11,glm,zhipu,1,0.7361794263296416,744.0,1624.7173152857565,0.3392048734052371,2.1837598323733296,64,27,17,2026-01-29,True,"{""coefficient_0"": -1.3732400451159499, ""coefficient_1"": 5.8109453886293805, ""coefficient_2"": 0.0849046021601373, ""coefficient_3"": 0.12666327764074353}"
mean,forward_inverse,qwen3.5-0.8b,qwen3.5-0.8b,qwen3.5-0.8b,2026-02-16,qwen,alibaba,0,0.14106944909567162,0.8,0.18518189224312692,-0.6354914694590257,4.3200768191183245,60,25,17,2026-02-11,True,"{""intercept"": 0.2524676363739828, ""slope"": 0.1520998932212265}"
mean,inverse_accuracy,qwen3.5-0.8b,qwen3.5-0.8b,qwen3.5-0.8b,2026-02-16,qwen,alibaba,0,0.14106944909567162,0.8,0.2934443907267865,-0.4355641747258821,2.726240559646089,60,25,17,2026-02-11,True,"{""coefficient_0"": -1.3773664197989106, ""coefficient_1"": 5.989193531846688}"
mean,inverse_accuracy_date,qwen3.5-0.8b,qwen3.5-0.8b,qwen3.5-0.8b,2026-02-16,qwen,alibaba,0,0.14106944909567162,0.8,0.32549396984960904,-0.39054703981829625,2.4578028292494367,60,25,17,2026-02-11,True,"{""coefficient_0"": -1.3901571818622904, ""coefficient_1"": 5.946398191933534, ""coefficient_2"": 0.030012085755053326}"
mean,inverse_accuracy_moe,qwen3.5-0.8b,qwen3.5-0.8b,qwen3.5-0.8b,2026-02-16,qwen,alibaba,0,0.14106944909567162,0.8,0.3053888969962137,-0.41823674360006763,2.6196106271994517,60,25,17,2026-02-11,True,"{""coefficient_0"": -1.3471020949119983, ""coefficient_1"": 5.897487681685437, ""coefficient_2"": 0.04197124795702027}"
mean,inverse_accuracy_date_moe,qwen3.5-0.8b,qwen3.5-0.8b,qwen3.5-0.8b,2026-02-16,qwen,alibaba,0,0.14106944909567162,0.8,0.32936764636054705,-0.3854090506195725,2.428896732389642,60,25,17,2026-02-11,True,"{""coefficient_0"": -1.364523617881721, ""coefficient_1"": 5.883586078557908, ""coefficient_2"": 0.024542876183106195, ""coefficient_3"": 0.032316651015859864}"
mean,forward_inverse,qwen3.5-397b-a17b,qwen3.5-397b-a17b,qwen3.5-397b-a17b-think,2026-02-16,qwen3.5,alibaba,1,0.6474298273907396,397.0,395.11991261901943,-0.0020615896540703282,1.0047582703906737,60,25,17,2026-02-11,True,"{""intercept"": 0.2524676363739828, ""slope"": 0.1520998932212265}"
mean,inverse_accuracy,qwen3.5-397b-a17b,qwen3.5-397b-a17b,qwen3.5-397b-a17b-think,2026-02-16,qwen3.5,alibaba,1,0.6474298273907396,397.0,316.38516724904184,-0.09857439202879048,1.2547996590734687,60,25,17,2026-02-11,True,"{""coefficient_0"": -1.3773664197989106, ""coefficient_1"": 5.989193531846688}"
mean,inverse_accuracy_date,qwen3.5-397b-a17b,qwen3.5-397b-a17b,qwen3.5-397b-a17b-think,2026-02-16,qwen3.5,alibaba,1,0.6474298273907396,397.0,333.8592282529222,-0.07522712162889489,1.1891239372878568,60,25,17,2026-02-11,True,"{""coefficient_0"": -1.3901571818622904, ""coefficient_1"": 5.946398191933534, ""coefficient_2"": 0.030012085755053326}"
mean,inverse_accuracy_moe,qwen3.5-397b-a17b,qwen3.5-397b-a17b,qwen3.5-397b-a17b-think,2026-02-16,qwen3.5,alibaba,1,0.6474298273907396,397.0,325.895665925848,-0.08571192192547761,1.2181812816446926,60,25,17,2026-02-11,True,"{""coefficient_0"": -1.3471020949119983, ""coefficient_1"": 5.897487681685437, ""coefficient_2"": 0.04197124795702027}"
mean,inverse_accuracy_date_moe,qwen3.5-397b-a17b,qwen3.5-397b-a17b,qwen3.5-397b-a17b-think,2026-02-16,qwen3.5,alibaba,1,0.6474298273907396,397.0,338.23026031746747,-0.0695780469047067,1.1737565989139191,60,25,17,2026-02-11,True,"{""coefficient_0"": -1.364523617881721, ""coefficient_1"": 5.883586078557908, ""coefficient_2"": 0.024542876183106195, ""coefficient_3"": 0.032316651015859864}"
mean,forward_inverse,qwen3.5-122b-a10b,qwen3.5-122b-a10b,qwen3.5-122b-a10b-think,2026-02-24,qwen3.5,alibaba,1,0.6129826881728565,122.0,234.55885890194097,0.2838920095057782,1.9226135975568923,60,25,17,2026-02-11,True,"{""intercept"": 0.2524676363739828, ""slope"": 0.1520998932212265}"
mean,inverse_accuracy,qwen3.5-122b-a10b,qwen3.5-122b-a10b,qwen3.5-122b-a10b-think,2026-02-24,qwen3.5,alibaba,1,0.6129826881728565,122.0,196.7458277445472,0.20754570066520817,1.6126707192175995,60,25,17,2026-02-11,True,"{""coefficient_0"": -1.3773664197989106, ""coefficient_1"": 5.989193531846688}"
mean,inverse_accuracy_date,qwen3.5-122b-a10b,qwen3.5-122b-a10b,qwen3.5-122b-a10b-think,2026-02-24,qwen3.5,alibaba,1,0.6129826881728565,122.0,208.63363638606214,0.23302449699783212,1.7101117736562463,60,25,17,2026-02-11,True,"{""coefficient_0"": -1.3901571818622904, ""coefficient_1"": 5.946398191933534, ""coefficient_2"": 0.030012085755053326}"
mean,inverse_accuracy_moe,qwen3.5-122b-a10b,qwen3.5-122b-a10b,qwen3.5-122b-a10b-think,2026-02-24,qwen3.5,alibaba,1,0.6129826881728565,122.0,204.13948068782423,0.22356717495612033,1.673274431867411,60,25,17,2026-02-11,True,"{""coefficient_0"": -1.3471020949119983, ""coefficient_1"": 5.897487681685437, ""coefficient_2"": 0.04197124795702027}"
mean,inverse_accuracy_date_moe,qwen3.5-122b-a10b,qwen3.5-122b-a10b,qwen3.5-122b-a10b-think,2026-02-24,qwen3.5,alibaba,1,0.6129826881728565,122.0,212.36224554267963,0.2407174782981878,1.7406741437924553,60,25,17,2026-02-11,True,"{""coefficient_0"": -1.364523617881721, ""coefficient_1"": 5.883586078557908, ""coefficient_2"": 0.024542876183106195, ""coefficient_3"": 0.032316651015859864}"
mean,forward_inverse,qwen3.5-27b,qwen3.5-27b,qwen3.5-27b-think,2026-02-24,qwen3.5,alibaba,0,0.5182301413973918,27.0,55.88422443206309,0.3159254639594198,2.0697860900764105,60,25,17,2026-02-11,True,"{""intercept"": 0.2524676363739828, ""slope"": 0.1520998932212265}"
mean,inverse_accuracy,qwen3.5-27b,qwen3.5-27b,qwen3.5-27b-think,2026-02-24,qwen3.5,alibaba,0,0.5182301413973918,27.0,53.261597839783164,0.29505042690735506,1.9726517718438208,60,25,17,2026-02-11,True,"{""coefficient_0"": -1.3773664197989106, ""coefficient_1"": 5.989193531846688}"
mean,inverse_accuracy_date,qwen3.5-27b,qwen3.5-27b,qwen3.5-27b-think,2026-02-24,qwen3.5,alibaba,0,0.5182301413973918,27.0,57.00959488028218,0.3245841906868725,2.111466477047488,60,25,17,2026-02-11,True,"{""coefficient_0"": -1.3901571818622904, ""coefficient_1"": 5.946398191933534, ""coefficient_2"": 0.030012085755053326}"
mean,inverse_accuracy_moe,qwen3.5-27b,qwen3.5-27b,qwen3.5-27b-think,2026-02-24,qwen3.5,alibaba,0,0.5182301413973918,27.0,51.18630501316861,0.2777900160982343,1.8957890745618002,60,25,17,2026-02-11,True,"{""coefficient_0"": -1.3471020949119983, ""coefficient_1"": 5.897487681685437, ""coefficient_2"": 0.04197124795702027}"
mean,inverse_accuracy_date_moe,qwen3.5-27b,qwen3.5-27b,qwen3.5-27b-think,2026-02-24,qwen3.5,alibaba,0,0.5182301413973918,27.0,54.61046730575741,0.3059121286820583,2.022609900213237,60,25,17,2026-02-11,True,"{""coefficient_0"": -1.364523617881721, ""coefficient_1"": 5.883586078557908, ""coefficient_2"": 0.024542876183106195, ""coefficient_3"": 0.032316651015859864}"
mean,forward_inverse,qwen3.5-35b-a3b,qwen3.5-35b-a3b,qwen3.5-35b-a3b-think,2026-02-24,qwen3.5,alibaba,1,0.5480560631819358,35.0,87.77756439438822,0.39931548175138354,2.5079304112682346,60,25,17,2026-02-11,True,"{""intercept"": 0.2524676363739828, ""slope"": 0.1520998932212265}"
mean,inverse_accuracy,qwen3.5-35b-a3b,qwen3.5-35b-a3b,qwen3.5-35b-a3b-think,2026-02-24,qwen3.5,alibaba,1,0.5480560631819358,35.0,80.36138423161717,0.36097936454942303,2.296039549474776,60,25,17,2026-02-11,True,"{""coefficient_0"": -1.3773664197989106, ""coefficient_1"": 5.989193531846688}"
mean,inverse_accuracy_date,qwen3.5-35b-a3b,qwen3.5-35b-a3b,qwen3.5-35b-a3b-think,2026-02-24,qwen3.5,alibaba,1,0.5480560631819358,35.0,85.76394748433778,0.38923671786794745,2.4503984995525077,60,25,17,2026-02-11,True,"{""coefficient_0"": -1.3901571818622904, ""coefficient_1"": 5.946398191933534, ""coefficient_2"": 0.030012085755053326}"
mean,inverse_accuracy_moe,qwen3.5-35b-a3b,qwen3.5-35b-a3b,qwen3.5-35b-a3b-think,2026-02-24,qwen3.5,alibaba,1,0.5480560631819358,35.0,84.53236790714944,0.3829549901832279,2.4152105116328406,60,25,17,2026-02-11,True,"{""coefficient_0"": -1.3471020949119983, ""coefficient_1"": 5.897487681685437, ""coefficient_2"": 0.04197124795702027}"
mean,inverse_accuracy_date_moe,qwen3.5-35b-a3b,qwen3.5-35b-a3b,qwen3.5-35b-a3b-think,2026-02-24,qwen3.5,alibaba,1,0.5480560631819358,35.0,88.12029087725305,0.4010078776983297,2.517722596492944,60,25,17,2026-02-11,True,"{""coefficient_0"": -1.364523617881721, ""coefficient_1"": 5.883586078557908, ""coefficient_2"": 0.024542876183106195, ""coefficient_3"": 0.032316651015859864}"
mean,forward_inverse,qwen3.5-9b,qwen3.5-9b,qwen3.5-9b-think,2026-03-02,qwen3.5,alibaba,0,0.4410787792978433,9.0,17.379922381951346,0.28580532313560714,1.931102486883483,60,25,17,2026-02-11,True,"{""intercept"": 0.2524676363739828, ""slope"": 0.1520998932212265}"
mean,inverse_accuracy,qwen3.5-9b,qwen3.5-9b,qwen3.5-9b-think,2026-03-02,qwen3.5,alibaba,0,0.4410787792978433,9.0,18.3797564479227,0.31009724276724027,2.0421951608802997,60,25,17,2026-02-11,True,"{""coefficient_0"": -1.3773664197989106, ""coefficient_1"": 5.989193531846688}"
mean,inverse_accuracy_date,qwen3.5-9b,qwen3.5-9b,qwen3.5-9b-think,2026-03-02,qwen3.5,alibaba,0,0.4410787792978433,9.0,19.845783369861916,0.343425736988218,2.2050870410957684,60,25,17,2026-02-11,True,"{""coefficient_0"": -1.3901571818622904, ""coefficient_1"": 5.946398191933534, ""coefficient_2"": 0.030012085755053326}"
mean,inverse_accuracy_moe,qwen3.5-9b,qwen3.5-9b,qwen3.5-9b-think,2026-03-02,qwen3.5,alibaba,0,0.4410787792978433,9.0,17.9537251615434,0.2999120632105571,1.9948583512826,60,25,17,2026-02-11,True,"{""coefficient_0"": -1.3471020949119983, ""coefficient_1"": 5.897487681685437, ""coefficient_2"": 0.04197124795702027}"
mean,inverse_accuracy_date_moe,qwen3.5-9b,qwen3.5-9b,qwen3.5-9b-think,2026-03-02,qwen3.5,alibaba,0,0.4410787792978433,9.0,19.219955652096726,0.3295098718082955,2.1355506280107472,60,25,17,2026-02-11,True,"{""coefficient_0"": -1.364523617881721, ""coefficient_1"": 5.883586078557908, ""coefficient_2"": 0.024542876183106195, ""coefficient_3"": 0.032316651015859864}"
mean,forward_inverse,nemotron-3-super-120b,nemotron-3-super-120b,nemotron-3-super-120b,2026-03-11,nemotron,nvidia,1,0.6085750050796771,120.0,208.72583145491103,0.24039495368439745,1.739381928790926,73,28,17,2026-03-02,True,"{""intercept"": 0.24447974233612282, ""slope"": 0.15696628668013485}"
mean,inverse_accuracy,nemotron-3-super-120b,nemotron-3-super-120b,nemotron-3-super-120b,2026-03-11,nemotron,nvidia,1,0.6085750050796771,120.0,175.31328048817505,0.1646335703557429,1.460944004068126,73,28,17,2026-03-02,True,"{""coefficient_0"": -1.2928415847999861, ""coefficient_1"": 5.811373079215306}"
mean,inverse_accuracy_date,nemotron-3-super-120b,nemotron-3-super-120b,nemotron-3-super-120b,2026-03-11,nemotron,nvidia,1,0.6085750050796771,120.0,172.3141796458428,0.15713977074203322,1.4359514970486906,73,28,17,2026-03-02,True,"{""coefficient_0"": -1.2874694746484248, ""coefficient_1"": 5.822951960016256, ""coefficient_2"": -0.009091313203185897}"
mean,inverse_accuracy_moe,nemotron-3-super-120b,nemotron-3-super-120b,nemotron-3-super-120b,2026-03-11,nemotron,nvidia,1,0.6085750050796771,120.0,190.98121767395352,0.2018094119767775,1.5915101472829465,73,28,17,2026-03-02,True,"{""coefficient_0"": -1.2282297338830885, ""coefficient_1"": 5.602799151399731, ""coefficient_2"": 0.09949686988398904}"
mean,inverse_accuracy_date_moe,nemotron-3-super-120b,nemotron-3-super-120b,nemotron-3-super-120b,2026-03-11,nemotron,nvidia,1,0.6085750050796771,120.0,183.22559515771547,0.18380489500541985,1.5268799596476295,73,28,17,2026-03-02,True,"{""coefficient_0"": -1.20552639144857, ""coefficient_1"": 5.614395407971716, ""coefficient_2"": -0.02668395676876962, ""coefficient_3"": 0.1101771722104519}"
mean,forward_inverse,minimax-m2.7,minimax-m2.7,minimax-m2.7-think,2026-03-18,minimax,minimax,1,0.5684531989075449,230.0,116.8132140915185,-0.29423586239852195,1.9689553257202927,78,29,18,2026-03-11,True,"{""intercept"": 0.24250980920433926, ""slope"": 0.1576515864932976}"
mean,inverse_accuracy,minimax-m2.7,minimax-m2.7,minimax-m2.7-think,2026-03-18,minimax,minimax,1,0.5684531989075449,230.0,103.14948770159215,-0.3482607606538819,2.2297735560779715,78,29,18,2026-03-11,True,"{""coefficient_0"": -1.2681252268797167, ""coefficient_1"": 5.772845167464977}"
mean,inverse_accuracy_date,minimax-m2.7,minimax-m2.7,minimax-m2.7-think,2026-03-18,minimax,minimax,1,0.5684531989075449,230.0,102.87136112671874,-0.34943334984379737,2.2358020490919923,78,29,18,2026-03-11,True,"{""coefficient_0"": -1.2672934678685723, ""coefficient_1"": 5.7745367472138565, ""coefficient_2"": -0.001342387493208188}"
mean,inverse_accuracy_moe,minimax-m2.7,minimax-m2.7,minimax-m2.7-think,2026-03-18,minimax,minimax,1,0.5684531989075449,230.0,112.68264043260686,-0.30987082099214636,2.041130728894823,78,29,18,2026-03-11,True,"{""coefficient_0"": -1.213304132437351, ""coefficient_1"": 5.595431813609399, ""coefficient_2"": 0.08442003374748974}"
mean,inverse_accuracy_date_moe,minimax-m2.7,minimax-m2.7,minimax-m2.7-think,2026-03-18,minimax,minimax,1,0.5684531989075449,230.0,109.42660392798287,-0.3226049149845114,2.1018654672987056,78,29,18,2026-03-11,True,"{""coefficient_0"": -1.195473229932397, ""coefficient_1"": 5.600717042177042, ""coefficient_2"": -0.019290553638953205, ""coefficient_3"": 0.0934720607378862}"
mean,forward_inverse,gemma-4-26b-a4b,gemma-4-26b-a4b,gemma-4-26b-a4b,2026-04-02,gemma4,google,1,0.45207035825086234,26.0,21.004112626426277,-0.09266900961344904,1.2378528177995083,71,26,18,2026-03-18,True,"{""intercept"": 0.24623120239995866, ""slope"": 0.15566700484897988}"
mean,inverse_accuracy,gemma-4-26b-a4b,gemma-4-26b-a4b,gemma-4-26b-a4b,2026-04-02,gemma4,google,1,0.45207035825086234,26.0,22.31044885233999,-0.0664650402538316,1.1653732370907919,71,26,18,2026-03-18,True,"{""coefficient_0"": -1.253407202001637, ""coefficient_1"": 5.7555543340330475}"
mean,inverse_accuracy_date,gemma-4-26b-a4b,gemma-4-26b-a4b,gemma-4-26b-a4b,2026-04-02,gemma4,google,1,0.45207035825086234,26.0,23.360923049536996,-0.046483349110912675,1.1129697206256286,71,26,18,2026-03-18,True,"{""coefficient_0"": -1.2636464643383623, ""coefficient_1"": 5.728486089150887, ""coefficient_2"": 0.018865786642374795}"
mean,inverse_accuracy_moe,gemma-4-26b-a4b,gemma-4-26b-a4b,gemma-4-26b-a4b,2026-04-02,gemma4,google,1,0.45207035825086234,26.0,26.622683685841494,0.010278484204871985,1.0239493725323652,71,26,18,2026-03-18,True,"{""coefficient_0"": -1.1771578574001782, ""coefficient_1"": 5.511317518856919, ""coefficient_2"": 0.1109064043919669}"
mean,inverse_accuracy_date_moe,gemma-4-26b-a4b,gemma-4-26b-a4b,gemma-4-26b-a4b,2026-04-02,gemma4,google,1,0.45207035825086234,26.0,26.478907164759214,0.007926709001200516,1.0184195063368928,71,26,18,2026-03-18,True,"{""coefficient_0"": -1.1743228766738165, ""coefficient_1"": 5.512525167392723, ""coefficient_2"": -0.0032422440333540587, ""coefficient_3"": 0.11247041982707998}"
mean,forward_inverse,gemma-4-31b,gemma-4-31b,gemma-4-31b,2026-04-02,gemma4,google,0,0.47017655374423634,31.0,27.454780465701425,-0.052743718486587765,1.1291294074898004,71,26,18,2026-03-18,True,"{""intercept"": 0.24623120239995866, ""slope"": 0.15566700484897988}"
mean,inverse_accuracy,gemma-4-31b,gemma-4-31b,gemma-4-31b,2026-04-02,gemma4,google,0,0.47017655374423634,31.0,28.360866767416468,-0.038642194172548106,1.0930554504637215,71,26,18,2026-03-18,True,"{""coefficient_0"": -1.253407202001637, ""coefficient_1"": 5.7555543340330475}"
mean,inverse_accuracy_date,gemma-4-31b,gemma-4-31b,gemma-4-31b,2026-04-02,gemma4,google,0,0.47017655374423634,31.0,29.662727895215955,-0.019150605963127898,1.0450825733057316,71,26,18,2026-03-18,True,"{""coefficient_0"": -1.2636464643383623, ""coefficient_1"": 5.728486089150887, ""coefficient_2"": 0.018865786642374795}"
mean,inverse_accuracy_moe,gemma-4-31b,gemma-4-31b,gemma-4-31b,2026-04-02,gemma4,google,0,0.47017655374423634,31.0,25.94982421126496,-0.07722727362806925,1.1946131021011974,71,26,18,2026-03-18,True,"{""coefficient_0"": -1.1771578574001782, ""coefficient_1"": 5.511317518856919, ""coefficient_2"": 0.1109064043919669}"
mean,inverse_accuracy_date_moe,gemma-4-31b,gemma-4-31b,gemma-4-31b,2026-04-02,gemma4,google,0,0.47017655374423634,31.0,25.71819562724985,-0.0811211983463771,1.2053722760843215,71,26,18,2026-03-18,True,"{""coefficient_0"": -1.1743228766738165, ""coefficient_1"": 5.512525167392723, ""coefficient_2"": -0.0032422440333540587, ""coefficient_3"": 0.11247041982707998}"
mean,forward_inverse,glm-5.1,glm-5.1,glm-5.1-think|glm-5.1,2026-04-07,glm,zhipu,1,0.7248491741712678,754.0,1423.5235501343798,0.2759933104455201,1.8879622680827328,74,30,18,2026-04-02,True,"{""intercept"": 0.24471086504578626, ""slope"": 0.15226222192980468}"
mean,inverse_accuracy,glm-5.1,glm-5.1,glm-5.1-think|glm-5.1,2026-04-07,glm,zhipu,1,0.7248491741712678,754.0,987.0135392830907,0.11695176424221909,1.3090365242481317,74,30,18,2026-04-02,True,"{""coefficient_0"": -1.3326474768865824, ""coefficient_1"": 5.969477156327968}"
mean,inverse_accuracy_date,glm-5.1,glm-5.1,glm-5.1-think|glm-5.1,2026-04-07,glm,zhipu,1,0.7248491741712678,754.0,1060.2616536870794,0.14804170876273082,1.406182564571724,74,30,18,2026-04-02,True,"{""coefficient_0"": -1.3617247590567358, ""coefficient_1"": 5.927836954277654, ""coefficient_2"": 0.03990371388184158}"
mean,inverse_accuracy_moe,glm-5.1,glm-5.1,glm-5.1-think|glm-5.1,2026-04-07,glm,zhipu,1,0.7248491741712678,754.0,1038.3405991644715,0.13896848940992168,1.377109547963491,74,30,18,2026-04-02,True,"{""coefficient_0"": -1.2508735002949962, ""coefficient_1"": 5.699000864711014, ""coefficient_2"": 0.1362972651875722}"
mean,inverse_accuracy_date_moe,glm-5.1,glm-5.1,glm-5.1-think|glm-5.1,2026-04-07,glm,zhipu,1,0.7248491741712678,754.0,1065.8903482581468,0.1503411837778077,1.4136476767349433,74,30,18,2026-04-02,True,"{""coefficient_0"": -1.267378070512113, ""coefficient_1"": 5.697583565161036, ""coefficient_2"": 0.016216679186801888, ""coefficient_3"": 0.12848401098726775}"
mean,forward_inverse,kimi-k2.6,kimi-k2.6,kimi-k2.6-think,2026-04-20,kimi,moonshot,1,0.7120654369554575,1040.0,959.2264547564238,-0.035112191522101543,1.0842069616022911,80,30,18,2026-04-07,True,"{""intercept"": 0.24207239271170136, ""slope"": 0.1576141758792593}"
mean,inverse_accuracy,kimi-k2.6,kimi-k2.6,kimi-k2.6-think,2026-04-20,kimi,moonshot,1,0.7120654369554575,1040.0,690.6856364035391,-0.17775291484836853,1.5057501491059975,80,30,18,2026-04-07,True,"{""coefficient_0"": -1.2560417289070993, ""coefficient_1"": 5.751328376318439}"
mean,inverse_accuracy_date,kimi-k2.6,kimi-k2.6,kimi-k2.6-think,2026-04-20,kimi,moonshot,1,0.7120654369554575,1040.0,706.3092754487585,-0.16803842973490912,1.4724427897952048,80,30,18,2026-04-07,True,"{""coefficient_0"": -1.2644575855356466, ""coefficient_1"": 5.733799760957873, ""coefficient_2"": 0.013310693956520304}"
mean,inverse_accuracy_moe,kimi-k2.6,kimi-k2.6,kimi-k2.6-think,2026-04-20,kimi,moonshot,1,0.7120654369554575,1040.0,712.0655292673292,-0.16451337699666313,1.4605397358163013,80,30,18,2026-04-07,True,"{""coefficient_0"": -1.197742300213279, ""coefficient_1"": 5.5601158442188305, ""coefficient_2"": 0.09109594437875179}"
mean,inverse_accuracy_date_moe,kimi-k2.6,kimi-k2.6,kimi-k2.6-think,2026-04-20,kimi,moonshot,1,0.7120654369554575,1040.0,706.245442508655,-0.16807768101957388,1.4725758743388349,80,30,18,2026-04-07,True,"{""coefficient_0"": -1.1925256767648018, ""coefficient_1"": 5.561441831565768, ""coefficient_2"": -0.005437283456541813, ""coefficient_3"": 0.0938754626125071}"
mean,forward_inverse,deepseek-v4-flash,deepseek-v4-flash,deepseek-v4-flash-think|deepseek-v4-flash,2026-04-24,deepseek,deepseek,1,0.7386838187990936,284.0,1426.8092415787216,0.70104757359492,5.023976202741979,78,29,18,2026-04-20,True,"{""intercept"": 0.2425497767272184, ""slope"": 0.15728487298388613}"
mean,inverse_accuracy,deepseek-v4-flash,deepseek-v4-flash,deepseek-v4-flash-think|deepseek-v4-flash,2026-04-24,deepseek,deepseek,1,0.7386838187990936,284.0,1001.653798135654,0.5473993021032642,3.5269499934354025,78,29,18,2026-04-20,True,"{""coefficient_0"": -1.2703714941895792, ""coefficient_1"": 5.782026122196034}"
mean,inverse_accuracy_date,deepseek-v4-flash,deepseek-v4-flash,deepseek-v4-flash-think|deepseek-v4-flash,2026-04-24,deepseek,deepseek,1,0.7386838187990936,284.0,1027.4375369269849,0.5584370883672292,3.617737806080934,78,29,18,2026-04-20,True,"{""coefficient_0"": -1.2801429349016922, ""coefficient_1"": 5.752383268147189, ""coefficient_2"": 0.0184814438349763}"
mean,inverse_accuracy_moe,deepseek-v4-flash,deepseek-v4-flash,deepseek-v4-flash-think|deepseek-v4-flash,2026-04-24,deepseek,deepseek,1,0.7386838187990936,284.0,1018.3791913521773,0.5545911767049514,3.585842223071048,78,29,18,2026-04-20,True,"{""coefficient_0"": -1.2119080233157031, ""coefficient_1"": 5.588228833092409, ""coefficient_2"": 0.09188332531578805}"
mean,inverse_accuracy_date_moe,deepseek-v4-flash,deepseek-v4-flash,deepseek-v4-flash-think|deepseek-v4-flash,2026-04-24,deepseek,deepseek,1,0.7386838187990936,284.0,1018.197987626394,0.5545138943124863,3.585204181783079,78,29,18,2026-04-20,True,"{""coefficient_0"": -1.2117868668242964, ""coefficient_1"": 5.588294436082072, ""coefficient_2"": -0.00013919638566866615, ""coefficient_3"": 0.0919580740653421}"
mean,forward_inverse,deepseek-v4-pro,deepseek-v4-pro,deepseek-v4-pro-think|deepseek-v4-pro,2026-04-24,deepseek,deepseek,1,0.6869509258512181,1600.0,669.042713123063,-0.378666137710971,2.3914766107103493,78,29,18,2026-04-20,True,"{""intercept"": 0.2425497767272184, ""slope"": 0.15728487298388613}"
mean,inverse_accuracy,deepseek-v4-pro,deepseek-v4-pro,deepseek-v4-pro-think|deepseek-v4-pro,2026-04-24,deepseek,deepseek,1,0.6869509258512181,1600.0,503.0332630986706,-0.50252327890701,3.1807041747975964,78,29,18,2026-04-20,True,"{""coefficient_0"": -1.2703714941895792, ""coefficient_1"": 5.782026122196034}"
mean,inverse_accuracy_date,deepseek-v4-pro,deepseek-v4-pro,deepseek-v4-pro-think|deepseek-v4-pro,2026-04-24,deepseek,deepseek,1,0.6869509258512181,1600.0,517.8070994823365,-0.4899519820478666,3.089953771587055,78,29,18,2026-04-20,True,"{""coefficient_0"": -1.2801429349016922, ""coefficient_1"": 5.752383268147189, ""coefficient_2"": 0.0184814438349763}"
mean,inverse_accuracy_moe,deepseek-v4-pro,deepseek-v4-pro,deepseek-v4-pro-think|deepseek-v4-pro,2026-04-24,deepseek,deepseek,1,0.6869509258512181,1600.0,523.3765652811553,-0.48530570989453725,3.057072299636663,78,29,18,2026-04-20,True,"{""coefficient_0"": -1.2119080233157031, ""coefficient_1"": 5.588228833092409, ""coefficient_2"": 0.09188332531578805}"
mean,inverse_accuracy_date_moe,deepseek-v4-pro,deepseek-v4-pro,deepseek-v4-pro-think|deepseek-v4-pro,2026-04-24,deepseek,deepseek,1,0.6869509258512181,1600.0,523.2793498532787,-0.48538638611944274,3.0576402459768763,78,29,18,2026-04-20,True,"{""coefficient_0"": -1.2117868668242964, ""coefficient_1"": 5.588294436082072, ""coefficient_2"": -0.00013919638566866615, ""coefficient_3"": 0.0919580740653421}"
mean,forward_inverse,nemotron-3-ultra,nemotron-3-ultra,nemotron-3-ultra,2026-06-04,nemotron,nvidia,1,0.7007162660761778,550.0,807.869660180796,0.16697860886655969,1.4688539276014478,80,30,18,2026-04-24,True,"{""intercept"": 0.24465866213269927, ""slope"": 0.15686414395193632}"
mean,inverse_accuracy,nemotron-3-ultra,nemotron-3-ultra,nemotron-3-ultra,2026-06-04,nemotron,nvidia,1,0.7007162660761778,550.0,614.1715228678809,0.04792698625973779,1.1166754961234202,80,30,18,2026-04-24,True,"{""coefficient_0"": -1.2899236452295133, ""coefficient_1"": 5.820063723966892}"
mean,inverse_accuracy_date,nemotron-3-ultra,nemotron-3-ultra,nemotron-3-ultra,2026-06-04,nemotron,nvidia,1,0.7007162660761778,550.0,627.4132283262189,0.057190981591291656,1.1407513242294893,80,30,18,2026-04-24,True,"{""coefficient_0"": -1.2956970169541508, ""coefficient_1"": 5.800557239596327, ""coefficient_2"": 0.01184725640760302}"
mean,inverse_accuracy_moe,nemotron-3-ultra,nemotron-3-ultra,nemotron-3-ultra,2026-06-04,nemotron,nvidia,1,0.7007162660761778,550.0,639.0133366839419,0.06514723280781887,1.1618424303344403,80,30,18,2026-04-24,True,"{""coefficient_0"": -1.2112168254272138, ""coefficient_1"": 5.5643698423427335, ""coefficient_2"": 0.11768228873598614}"
mean,inverse_accuracy_date_moe,nemotron-3-ultra,nemotron-3-ultra,nemotron-3-ultra,2026-06-04,nemotron,nvidia,1,0.7007162660761778,550.0,629.400670378553,0.05856451165294718,1.144364855233733,80,30,18,2026-04-24,True,"{""coefficient_0"": -1.2037288711868337, ""coefficient_1"": 5.569924198347869, ""coefficient_2"": -0.00925192484364142, ""coefficient_3"": 0.12213698063870879}"
mean,forward_inverse,kimi-k2.7-code,kimi-k2.7-code,kimi-k2.7-code,2026-06-12,kimi,moonshot,1,0.7235787991048067,1040.0,1107.1716546625137,0.027181619333738638,1.0645881294831865,83,30,18,2026-06-04,True,"{""intercept"": 0.24223845550882828, ""slope"": 0.15811641100804513}"
mean,inverse_accuracy,kimi-k2.7-code,kimi-k2.7-code,kimi-k2.7-code,2026-06-12,kimi,moonshot,1,0.7235787991048067,1040.0,793.4127646653467,-0.11753415604301631,1.3107931285157242,83,30,18,2026-06-04,True,"{""coefficient_0"": -1.2464776156919666, ""coefficient_1"": 5.729820724538954}"
mean,inverse_accuracy_date,kimi-k2.7-code,kimi-k2.7-code,kimi-k2.7-code,2026-06-12,kimi,moonshot,1,0.7235787991048067,1040.0,811.0021475699243,-0.10801133505490812,1.28236405182926,83,30,18,2026-06-04,True,"{""coefficient_0"": -1.2530527048575573, ""coefficient_1"": 5.709957604390009, ""coefficient_2"": 0.012462854674691172}"
mean,inverse_accuracy_moe,kimi-k2.7-code,kimi-k2.7-code,kimi-k2.7-code,2026-06-12,kimi,moonshot,1,0.7235787991048067,1040.0,811.5108359760432,-0.10773901603217695,1.2815602132399646,83,30,18,2026-06-04,True,"{""coefficient_0"": -1.1836589214088051, ""coefficient_1"": 5.524946567140475, ""coefficient_2"": 0.09521904250567922}"
mean,inverse_accuracy_date_moe,kimi-k2.7-code,kimi-k2.7-code,kimi-k2.7-code,2026-06-12,kimi,moonshot,1,0.7235787991048067,1040.0,801.8676482852538,-0.11293064727740143,1.2969721402577816,83,30,18,2026-06-04,True,"{""coefficient_0"": -1.1771911647708826, ""coefficient_1"": 5.528132994433775, ""coefficient_2"": -0.0073256457108787365, ""coefficient_3"": 0.09916450010228323}"
nonthinking,forward_inverse,smollm2-1.7b,smollm2-1.7b,smollm2-1.7b,2024-11-01,smollm2,huggingface,0,0.30071552575588434,1.7,2.1429410485836744,0.10056130256744586,1.2605535579903966,21,11,8,2024-10-16,True,"{""intercept"": 0.2522989984661501, ""slope"": 0.14626897837957337}"
nonthinking,inverse_accuracy,smollm2-1.7b,smollm2-1.7b,smollm2-1.7b,2024-11-01,smollm2,huggingface,0,0.30071552575588434,1.7,2.7250141389973317,0.2049198386188242,1.602949493527842,21,11,8,2024-10-16,True,"{""coefficient_0"": -1.3647778247085705, ""coefficient_1"": 5.986210988544025}"
nonthinking,inverse_accuracy_date,smollm2-1.7b,smollm2-1.7b,smollm2-1.7b,2024-11-01,smollm2,huggingface,0,0.30071552575588434,1.7,2.6919563015599044,0.19961908434252304,1.5835037067999438,21,11,8,2024-10-16,True,"{""coefficient_0"": -1.3499868487204099, ""coefficient_1"": 5.974833583044112, ""coefficient_2"": -0.01996344863770618}"
nonthinking,inverse_accuracy_moe,smollm2-1.7b,smollm2-1.7b,smollm2-1.7b,2024-11-01,smollm2,huggingface,0,0.30071552575588434,1.7,2.7622753547254386,0.21081804724423245,1.6248678557208462,21,11,8,2024-10-16,True,"{""coefficient_0"": -1.3072647006348173, ""coefficient_1"": 5.814570647332494, ""coefficient_2"": 0.10613601394784504}"
nonthinking,inverse_accuracy_date_moe,smollm2-1.7b,smollm2-1.7b,smollm2-1.7b,2024-11-01,smollm2,huggingface,0,0.30071552575588434,1.7,2.771115343963032,0.21220568170605777,1.6300678493900187,21,11,8,2024-10-16,True,"{""coefficient_0"": -1.3104436239950654, ""coefficient_1"": 5.8158222473694785, ""coefficient_2"": 0.005017914983832617, ""coefficient_3"": 0.10713044598435352}"
nonthinking,forward_inverse,smollm2-135m,smollm2-135m,smollm2-135m,2024-11-01,smollm,huggingface,0,0.12495115228360168,0.135,0.13469717161641592,-0.0009752920317064318,1.0022482163504254,21,11,8,2024-10-16,True,"{""intercept"": 0.2522989984661501, ""slope"": 0.14626897837957337}"
nonthinking,inverse_accuracy,smollm2-135m,smollm2-135m,smollm2-135m,2024-11-01,smollm,huggingface,0,0.12495115228360168,0.135,0.24166075953109475,0.25287236762775767,1.7900797002303315,21,11,8,2024-10-16,True,"{""coefficient_0"": -1.3647778247085705, ""coefficient_1"": 5.986210988544025}"
nonthinking,inverse_accuracy_date,smollm2-135m,smollm2-135m,smollm2-135m,2024-11-01,smollm,huggingface,0,0.12495115228360168,0.135,0.23983089292521922,0.24957135590088875,1.7765251327794016,21,11,8,2024-10-16,True,"{""coefficient_0"": -1.3499868487204099, ""coefficient_1"": 5.974833583044112, ""coefficient_2"": -0.01996344863770618}"
nonthinking,inverse_accuracy_moe,smollm2-135m,smollm2-135m,smollm2-135m,2024-11-01,smollm,huggingface,0,0.12495115228360168,0.135,0.2625866253052859,0.28893883328877945,1.9450861133724882,21,11,8,2024-10-16,True,"{""coefficient_0"": -1.3072647006348173, ""coefficient_1"": 5.814570647332494, ""coefficient_2"": 0.10613601394784504}"
nonthinking,inverse_accuracy_date_moe,smollm2-135m,smollm2-135m,smollm2-135m,2024-11-01,smollm,huggingface,0,0.12495115228360168,0.135,0.26329356781561997,0.2901064810542664,1.9503227245601478,21,11,8,2024-10-16,True,"{""coefficient_0"": -1.3104436239950654, ""coefficient_1"": 5.8158222473694785, ""coefficient_2"": 0.005017914983832617, ""coefficient_3"": 0.10713044598435352}"
nonthinking,forward_inverse,smollm2-360m,smollm2-360m,smollm2-360m,2024-11-01,smollm,huggingface,0,0.2839794144903725,0.362,1.6466076282549738,0.6578815525072137,4.548639857057938,21,11,8,2024-10-16,True,"{""intercept"": 0.2522989984661501, ""slope"": 0.14626897837957337}"
nonthinking,inverse_accuracy,smollm2-360m,smollm2-360m,smollm2-360m,2024-11-01,smollm,huggingface,0,0.2839794144903725,0.362,2.1636293636780346,0.7764742963008301,5.97687669524319,21,11,8,2024-10-16,True,"{""coefficient_0"": -1.3647778247085705, ""coefficient_1"": 5.986210988544025}"
nonthinking,inverse_accuracy_date,smollm2-360m,smollm2-360m,smollm2-360m,2024-11-01,smollm,huggingface,0,0.2839794144903725,0.362,2.1383191535872306,0.7713639555488883,5.906958987810029,21,11,8,2024-10-16,True,"{""coefficient_0"": -1.3499868487204099, ""coefficient_1"": 5.974833583044112, ""coefficient_2"": -0.01996344863770618}"
nonthinking,inverse_accuracy_moe,smollm2-360m,smollm2-360m,smollm2-360m,2024-11-01,smollm,huggingface,0,0.2839794144903725,0.362,2.207769184671987,0.785245096774405,6.098809902408803,21,11,8,2024-10-16,True,"{""coefficient_0"": -1.3072647006348173, ""coefficient_1"": 5.814570647332494, ""coefficient_2"": 0.10613601394784504}"
nonthinking,inverse_accuracy_date_moe,smollm2-360m,smollm2-360m,smollm2-360m,2024-11-01,smollm,huggingface,0,0.2839794144903725,0.362,2.214727788559554,0.7866117843187513,6.118032565081641,21,11,8,2024-10-16,True,"{""coefficient_0"": -1.3104436239950654, ""coefficient_1"": 5.8158222473694785, ""coefficient_2"": 0.005017914983832617, ""coefficient_3"": 0.10713044598435352}"
nonthinking,forward_inverse,phi-4,phi-4,phi-4,2024-12-12,phi,microsoft,0,0.4319771468017171,14.7,15.013188529649097,0.009155603582536198,1.021305342153,25,12,8,2024-12-06,True,"{""intercept"": 0.2683539090263608, ""slope"": 0.1390794742865229}"
nonthinking,inverse_accuracy,phi-4,phi-4,phi-4,2024-12-12,phi,microsoft,0,0.4319771468017171,14.7,14.672154874223116,-0.0008234321347782014,1.001897821145945,25,12,8,2024-12-06,True,"{""coefficient_0"": -1.637484970288523, ""coefficient_1"": 6.491035217168518}"
nonthinking,inverse_accuracy_date,phi-4,phi-4,phi-4,2024-12-12,phi,microsoft,0,0.4319771468017171,14.7,13.437882646526287,-0.03898649068597715,1.0939223378171092,25,12,8,2024-12-06,True,"{""coefficient_0"": -1.5539292146228723, ""coefficient_1"": 6.432082728320145, ""coefficient_2"": -0.10160778516307833}"
nonthinking,inverse_accuracy_moe,phi-4,phi-4,phi-4,2024-12-12,phi,microsoft,0,0.4319771468017171,14.7,14.365548851240144,-0.009995111415582958,1.0232814737691682,25,12,8,2024-12-06,True,"{""coefficient_0"": -1.6143664462772742, ""coefficient_1"": 6.416285421881605, ""coefficient_2"": 0.06753907850509756}"
nonthinking,inverse_accuracy_date_moe,phi-4,phi-4,phi-4,2024-12-12,phi,microsoft,0,0.4319771468017171,14.7,13.40639341429974,-0.040005375012524214,1.0964917667059098,25,12,8,2024-12-06,True,"{""coefficient_0"": -1.549775038350879, ""coefficient_1"": 6.392149728530968, ""coefficient_2"": -0.08885878383027351, ""coefficient_3"": 0.0427642593769076}"
nonthinking,forward_inverse,command-r7b,command-r7b,command-r7b,2024-12-13,command,cohere,0,0.3644565644610499,7.0,4.985198824035978,-0.1474155561108621,1.4041566338838327,26,12,8,2024-12-12,True,"{""intercept"": 0.2634401545262125, ""slope"": 0.14478851378018076}"
nonthinking,inverse_accuracy,command-r7b,command-r7b,command-r7b,2024-12-13,command,cohere,0,0.3644565644610499,7.0,5.31355519526312,-0.11971284378419178,1.3173853931620576,26,12,8,2024-12-12,True,"{""coefficient_0"": -1.576870874363406, ""coefficient_1"": 6.316955969768291}"
nonthinking,inverse_accuracy_date,command-r7b,command-r7b,command-r7b,2024-12-13,command,cohere,0,0.3644565644610499,7.0,5.091751703170485,-0.13823082267838238,1.374772457117519,26,12,8,2024-12-12,True,"{""coefficient_0"": -1.533993718238491, ""coefficient_1"": 6.293132574942229, ""coefficient_2"": -0.05548488791599921}"
nonthinking,inverse_accuracy_moe,command-r7b,command-r7b,command-r7b,2024-12-13,command,cohere,0,0.3644565644610499,7.0,5.218896312864982,-0.12751937147799686,1.3412797611526521,26,12,8,2024-12-12,True,"{""coefficient_0"": -1.534268890035843, ""coefficient_1"": 6.178644530390292, ""coefficient_2"": 0.12397156313231288}"
nonthinking,inverse_accuracy_date_moe,command-r7b,command-r7b,command-r7b,2024-12-13,command,cohere,0,0.3644565644610499,7.0,5.156662439375535,-0.13272933705716927,1.357467176162047,26,12,8,2024-12-12,True,"{""coefficient_0"": -1.5233032618244209, ""coefficient_1"": 6.1776826586718725, ""coefficient_2"": -0.01665732975011037, ""coefficient_3"": 0.11842311543170565}"
nonthinking,forward_inverse,deepseek-v3,deepseek-v3,deepseek-v3,2024-12-26,deepseek,deepseek,1,0.6880125844183548,671.0,1034.9639351801675,0.18820269626632458,1.542420171654497,28,13,9,2024-12-13,True,"{""intercept"": 0.2637648675031479, ""slope"": 0.14071583421124265}"
nonthinking,inverse_accuracy,deepseek-v3,deepseek-v3,deepseek-v3,2024-12-26,deepseek,deepseek,1,0.6880125844183548,671.0,653.476081437758,-0.011492824028557447,1.0268164651469514,28,13,9,2024-12-13,True,"{""coefficient_0"": -1.5768931354280562, ""coefficient_1"": 6.383782696767949}"
nonthinking,inverse_accuracy_date,deepseek-v3,deepseek-v3,deepseek-v3,2024-12-26,deepseek,deepseek,1,0.6880125844183548,671.0,564.7083681554406,-0.07489829677281712,1.1882239361739044,28,13,9,2024-12-13,True,"{""coefficient_0"": -1.4803661352420512, ""coefficient_1"": 6.323328815209331, ""coefficient_2"": -0.12006522516492986}"
nonthinking,inverse_accuracy_moe,deepseek-v3,deepseek-v3,deepseek-v3,2024-12-26,deepseek,deepseek,1,0.6880125844183548,671.0,716.863788343507,0.028714122820205468,1.0683513984254949,28,13,9,2024-12-13,True,"{""coefficient_0"": -1.5532578195050042, ""coefficient_1"": 6.3086010758392455, ""coefficient_2"": 0.06829753224162874}"
nonthinking,inverse_accuracy_date_moe,deepseek-v3,deepseek-v3,deepseek-v3,2024-12-26,deepseek,deepseek,1,0.6880125844183548,671.0,598.17104715808,-0.049897131807666195,1.1217527213794976,28,13,9,2024-12-13,True,"{""coefficient_0"": -1.4763880223679955, ""coefficient_1"": 6.290920684063494, ""coefficient_2"": -0.11044685022022893, ""coefficient_3"": 0.03384013100813004}"
nonthinking,forward_inverse,deepseek-r1,deepseek-r1,deepseek-r1-think,2025-01-20,deepseek,deepseek,1,0.7026019969505517,671.0,1314.0296952075157,0.29188265960502946,1.958315492112542,28,13,9,2024-12-13,True,"{""intercept"": 0.2637648675031479, ""slope"": 0.14071583421124265}"
nonthinking,inverse_accuracy,deepseek-r1,deepseek-r1,deepseek-r1-think,2025-01-20,deepseek,deepseek,1,0.7026019969505517,671.0,809.7768098622786,0.08164281525049111,1.206820879079402,28,13,9,2024-12-13,True,"{""coefficient_0"": -1.5768931354280562, ""coefficient_1"": 6.383782696767949}"
nonthinking,inverse_accuracy_date,deepseek-r1,deepseek-r1,deepseek-r1-think,2025-01-20,deepseek,deepseek,1,0.7026019969505517,671.0,685.2670647255436,0.009137339108375553,1.0212623915432841,28,13,9,2024-12-13,True,"{""coefficient_0"": -1.4803661352420512, ""coefficient_1"": 6.323328815209331, ""coefficient_2"": -0.12006522516492986}"
nonthinking,inverse_accuracy_moe,deepseek-r1,deepseek-r1,deepseek-r1-think,2025-01-20,deepseek,deepseek,1,0.7026019969505517,671.0,886.0850854402388,0.12075290641668524,1.3205440915651847,28,13,9,2024-12-13,True,"{""coefficient_0"": -1.5532578195050042, ""coefficient_1"": 6.3086010758392455, ""coefficient_2"": 0.06829753224162874}"
nonthinking,inverse_accuracy_date_moe,deepseek-r1,deepseek-r1,deepseek-r1-think,2025-01-20,deepseek,deepseek,1,0.7026019969505517,671.0,726.183790408892,0.03432403036417364,1.0822411183441014,28,13,9,2024-12-13,True,"{""coefficient_0"": -1.4763880223679955, ""coefficient_1"": 6.290920684063494, ""coefficient_2"": -0.11044685022022893, ""coefficient_3"": 0.03384013100813004}"
nonthinking,forward_inverse,deepseek-r1-distill-llama-70b,deepseek-r1-distill-llama-70b,deepseek-r1-distill-llama-70b-think,2025-01-20,deepseek-distill,deepseek,0,0.5715341831733621,70.0,153.8753442277602,0.34207099746727376,2.1982192032537164,28,13,9,2024-12-13,True,"{""intercept"": 0.2637648675031479, ""slope"": 0.14071583421124265}"
nonthinking,inverse_accuracy,deepseek-r1-distill-llama-70b,deepseek-r1-distill-llama-70b,deepseek-r1-distill-llama-70b-think,2025-01-20,deepseek-distill,deepseek,0,0.5715341831733621,70.0,117.93885135470124,0.22655885371119933,1.6848407336385889,28,13,9,2024-12-13,True,"{""coefficient_0"": -1.5768931354280562, ""coefficient_1"": 6.383782696767949}"
nonthinking,inverse_accuracy_date,deepseek-r1-distill-llama-70b,deepseek-r1-distill-llama-70b,deepseek-r1-distill-llama-70b-think,2025-01-20,deepseek-distill,deepseek,0,0.5715341831733621,70.0,101.64241510236297,0.16197693565931726,1.452034501462328,28,13,9,2024-12-13,True,"{""coefficient_0"": -1.4803661352420512, ""coefficient_1"": 6.323328815209331, ""coefficient_2"": -0.12006522516492986}"
nonthinking,inverse_accuracy_moe,deepseek-r1-distill-llama-70b,deepseek-r1-distill-llama-70b,deepseek-r1-distill-llama-70b-think,2025-01-20,deepseek-distill,deepseek,0,0.5715341831733621,70.0,112.80369959809188,0.20722530332711564,1.6114814228298837,28,13,9,2024-12-13,True,"{""coefficient_0"": -1.5532578195050042, ""coefficient_1"": 6.3086010758392455, ""coefficient_2"": 0.06829753224162874}"
nonthinking,inverse_accuracy_date_moe,deepseek-r1-distill-llama-70b,deepseek-r1-distill-llama-70b,deepseek-r1-distill-llama-70b-think,2025-01-20,deepseek-distill,deepseek,0,0.5715341831733621,70.0,100.61649831750974,0.1575711588048745,1.4373785473929959,28,13,9,2024-12-13,True,"{""coefficient_0"": -1.4763880223679955, ""coefficient_1"": 6.290920684063494, ""coefficient_2"": -0.11044685022022893, ""coefficient_3"": 0.03384013100813004}"
nonthinking,forward_inverse,deepseek-r1-distill-qwen-32b,deepseek-r1-distill-qwen-32b,deepseek-r1-distill-qwen-32b-think,2025-01-20,deepseek-distill,deepseek,0,0.43466081494747727,32.0,16.386100035497293,-0.29067437646418104,1.952874688344282,28,13,9,2024-12-13,True,"{""intercept"": 0.2637648675031479, ""slope"": 0.14071583421124265}"
nonthinking,inverse_accuracy,deepseek-r1-distill-qwen-32b,deepseek-r1-distill-qwen-32b,deepseek-r1-distill-qwen-32b-think,2025-01-20,deepseek-distill,deepseek,0,0.43466081494747727,32.0,15.772010371796553,-0.30726292432320124,2.0289106617138852,28,13,9,2024-12-13,True,"{""coefficient_0"": -1.5768931354280562, ""coefficient_1"": 6.383782696767949}"
nonthinking,inverse_accuracy_date,deepseek-r1-distill-qwen-32b,deepseek-r1-distill-qwen-32b,deepseek-r1-distill-qwen-32b-think,2025-01-20,deepseek-distill,deepseek,0,0.43466081494747727,32.0,13.85414288202372,-0.36357031598382705,2.309778401486044,28,13,9,2024-12-13,True,"{""coefficient_0"": -1.4803661352420512, ""coefficient_1"": 6.323328815209331, ""coefficient_2"": -0.12006522516492986}"
nonthinking,inverse_accuracy_moe,deepseek-r1-distill-qwen-32b,deepseek-r1-distill-qwen-32b,deepseek-r1-distill-qwen-32b-think,2025-01-20,deepseek-distill,deepseek,0,0.43466081494747727,32.0,15.446989996526876,-0.3163061130220919,2.0716010049333193,28,13,9,2024-12-13,True,"{""coefficient_0"": -1.5532578195050042, ""coefficient_1"": 6.3086010758392455, ""coefficient_2"": 0.06829753224162874}"
nonthinking,inverse_accuracy_date_moe,deepseek-r1-distill-qwen-32b,deepseek-r1-distill-qwen-32b,deepseek-r1-distill-qwen-32b-think,2025-01-20,deepseek-distill,deepseek,0,0.43466081494747727,32.0,13.855100984956639,-0.3635402827704326,2.309618676525305,28,13,9,2024-12-13,True,"{""coefficient_0"": -1.4763880223679955, ""coefficient_1"": 6.290920684063494, ""coefficient_2"": -0.11044685022022893, ""coefficient_3"": 0.03384013100813004}"
nonthinking,forward_inverse,mistral-small-24b,mistral-small-24b,mistral-small-24b,2025-01-30,mistral,mistral,0,0.4887937940146064,24.0,41.545455567030906,0.2383122838790448,1.731060648626288,25,13,9,2025-01-20,True,"{""intercept"": 0.25397456823353076, ""slope"": 0.14508236801524563}"
nonthinking,inverse_accuracy,mistral-small-24b,mistral-small-24b,mistral-small-24b,2025-01-30,mistral,mistral,0,0.4887937940146064,24.0,38.42019049833138,0.20434827217609453,1.6008412707638078,25,13,9,2025-01-20,True,"{""coefficient_0"": -1.5301530483977683, ""coefficient_1"": 6.372242447481634}"
nonthinking,inverse_accuracy_date,mistral-small-24b,mistral-small-24b,mistral-small-24b,2025-01-30,mistral,mistral,0,0.4887937940146064,24.0,30.422841070480878,0.10298852696717531,1.2676183779367034,25,13,9,2025-01-20,True,"{""coefficient_0"": -1.3535295398357714, ""coefficient_1"": 6.443365137983652, ""coefficient_2"": -0.2891925439850074}"
nonthinking,inverse_accuracy_moe,mistral-small-24b,mistral-small-24b,mistral-small-24b,2025-01-30,mistral,mistral,0,0.4887937940146064,24.0,35.419867372541965,0.16903568895721532,1.4758278071892488,25,13,9,2025-01-20,True,"{""coefficient_0"": -1.4567429927078255, ""coefficient_1"": 6.149811966079954, ""coefficient_2"": 0.17329534913640954}"
nonthinking,inverse_accuracy_date_moe,mistral-small-24b,mistral-small-24b,mistral-small-24b,2025-01-30,mistral,mistral,0,0.4887937940146064,24.0,25.768468276058623,0.030877362364092775,1.0736861781691096,25,13,9,2025-01-20,True,"{""coefficient_0"": -1.210968962366405, ""coefficient_1"": 6.1421082045805155, ""coefficient_2"": -0.3515339897125155, ""coefficient_3"": 0.24665407441943346}"
nonthinking,forward_inverse,qwq-32b,qwq-32b,qwq-32b-think,2025-03-06,qwen2.5,alibaba,0,0.4746275580579264,32.0,27.627305337033008,-0.06381145078043082,1.1582743814361662,30,13,9,2025-01-30,True,"{""intercept"": 0.26868622068097103, ""slope"": 0.14288200408305193}"
nonthinking,inverse_accuracy,qwq-32b,qwq-32b,qwq-32b-think,2025-03-06,qwen2.5,alibaba,0,0.4746275580579264,32.0,26.58531266680183,-0.08050820595226638,1.2036721328449793,30,13,9,2025-01-30,True,"{""coefficient_0"": -1.6130007729720786, ""coefficient_1"": 6.4000551459108195}"
nonthinking,inverse_accuracy_date,qwq-32b,qwq-32b,qwq-32b-think,2025-03-06,qwen2.5,alibaba,0,0.4746275580579264,32.0,23.11585258418532,-0.14124006212579432,1.3843313753390505,30,13,9,2025-01-30,True,"{""coefficient_0"": -1.5447789600440451, ""coefficient_1"": 6.422237453018775, ""coefficient_2"": -0.11847860866485814}"
nonthinking,inverse_accuracy_moe,qwq-32b,qwq-32b,qwq-32b-think,2025-03-06,qwen2.5,alibaba,0,0.4746275580579264,32.0,25.60973859096662,-0.09674483284952906,1.2495246636874082,30,13,9,2025-01-30,True,"{""coefficient_0"": -1.5690732900441422, ""coefficient_1"": 6.273294470505924, ""coefficient_2"": 0.07620983662927044}"
nonthinking,inverse_accuracy_date_moe,qwq-32b,qwq-32b,qwq-32b-think,2025-03-06,qwen2.5,alibaba,0,0.4746275580579264,32.0,22.750173170646526,-0.14816527153468773,1.4065826998314057,30,13,9,2025-01-30,True,"{""coefficient_0"": -1.5187747913833194, ""coefficient_1"": 6.330627968422643, ""coefficient_2"": -0.10951638625746633, ""coefficient_3"": 0.05406776601481978}"
nonthinking,forward_inverse,gemma-3-12b,gemma-3-12b,gemma-3-12b,2025-03-12,gemma3,google,0,0.40045024447896466,12.0,8.909777921392644,-0.12931436678243402,1.3468349161865911,32,14,9,2025-03-06,True,"{""intercept"": 0.26183657200097876, ""slope"": 0.14592957761114514}"
nonthinking,inverse_accuracy,gemma-3-12b,gemma-3-12b,gemma-3-12b,2025-03-12,gemma3,google,0,0.40045024447896466,12.0,9.403524651866027,-0.10589057862420814,1.2761172479745382,32,14,9,2025-03-06,True,"{""coefficient_0"": -1.5444414297470803, ""coefficient_1"": 6.287253240278023}"
nonthinking,inverse_accuracy_date,gemma-3-12b,gemma-3-12b,gemma-3-12b,2025-03-12,gemma3,google,0,0.40045024447896466,12.0,8.622352118197652,-0.14355549152098113,1.3917316105281474,32,14,9,2025-03-06,True,"{""coefficient_0"": -1.4982749669222657, ""coefficient_1"": 6.297759484913393, ""coefficient_2"": -0.07375252315214743}"
nonthinking,inverse_accuracy_moe,gemma-3-12b,gemma-3-12b,gemma-3-12b,2025-03-12,gemma3,google,0,0.40045024447896466,12.0,9.252101509833222,-0.11294085704214885,1.2970026309424174,32,14,9,2025-03-06,True,"{""coefficient_0"": -1.5064364758631064, ""coefficient_1"": 6.1747418036561355, ""coefficient_2"": 0.07495521272779307}"
nonthinking,inverse_accuracy_date_moe,gemma-3-12b,gemma-3-12b,gemma-3-12b,2025-03-12,gemma3,google,0,0.40045024447896466,12.0,8.624085002694242,-0.14346821759049888,1.3914519622952572,32,14,9,2025-03-06,True,"{""coefficient_0"": -1.4746400130704662, ""coefficient_1"": 6.2051730828409895, ""coefficient_2"": -0.0624192450521072, ""coefficient_3"": 0.06060558629693958}"
nonthinking,forward_inverse,gemma-3-1b,gemma-3-1b,gemma-3-1b,2025-03-12,gemma3,google,0,0.20367796336627061,1.0,0.39944881050258435,-0.3985388677659434,2.50344968793825,32,14,9,2025-03-06,True,"{""intercept"": 0.26183657200097876, ""slope"": 0.14592957761114514}"
nonthinking,inverse_accuracy,gemma-3-1b,gemma-3-1b,gemma-3-1b,2025-03-12,gemma3,google,0,0.20367796336627061,1.0,0.5446700627967067,-0.26386649459926703,1.8359738643708812,32,14,9,2025-03-06,True,"{""coefficient_0"": -1.5444414297470803, ""coefficient_1"": 6.287253240278023}"
nonthinking,inverse_accuracy_date,gemma-3-1b,gemma-3-1b,gemma-3-1b,2025-03-12,gemma3,google,0,0.20367796336627061,1.0,0.4970513466749552,-0.30359874521886954,2.0118645823807535,32,14,9,2025-03-06,True,"{""coefficient_0"": -1.4982749669222657, ""coefficient_1"": 6.297759484913393, ""coefficient_2"": -0.07375252315214743}"
nonthinking,inverse_accuracy_moe,gemma-3-1b,gemma-3-1b,gemma-3-1b,2025-03-12,gemma3,google,0,0.20367796336627061,1.0,0.5639263125115314,-0.2487776409818523,1.7732813273889425,32,14,9,2025-03-06,True,"{""coefficient_0"": -1.5064364758631064, ""coefficient_1"": 6.1747418036561355, ""coefficient_2"": 0.07495521272779307}"
nonthinking,inverse_accuracy_date_moe,gemma-3-1b,gemma-3-1b,gemma-3-1b,2025-03-12,gemma3,google,0,0.20367796336627061,1.0,0.5184501043764921,-0.28529303375258364,1.9288259208716685,32,14,9,2025-03-06,True,"{""coefficient_0"": -1.4746400130704662, ""coefficient_1"": 6.2051730828409895, ""coefficient_2"": -0.0624192450521072, ""coefficient_3"": 0.06060558629693958}"
nonthinking,forward_inverse,gemma-3-270m,gemma-3-270m,gemma-3-270m,2025-03-12,gemma,google,0,0.142950177332093,0.268,0.15322042654342058,-0.24281812701066952,1.749114044686806,32,14,9,2025-03-06,True,"{""intercept"": 0.26183657200097876, ""slope"": 0.14592957761114514}"
nonthinking,inverse_accuracy,gemma-3-270m,gemma-3-270m,gemma-3-270m,2025-03-12,gemma,google,0,0.142950177332093,0.268,0.22611144003119696,-0.0738122581463494,1.1852562610853463,32,14,9,2025-03-06,True,"{""coefficient_0"": -1.5444414297470803, ""coefficient_1"": 6.287253240278023}"
nonthinking,inverse_accuracy_date,gemma-3-270m,gemma-3-270m,gemma-3-270m,2025-03-12,gemma,google,0,0.142950177332093,0.268,0.2060403430463266,-0.11418252974219156,1.3007161414973099,32,14,9,2025-03-06,True,"{""coefficient_0"": -1.4982749669222657, ""coefficient_1"": 6.297759484913393, ""coefficient_2"": -0.07375252315214743}"
nonthinking,inverse_accuracy_moe,gemma-3-270m,gemma-3-270m,gemma-3-270m,2025-03-12,gemma,google,0,0.142950177332093,0.268,0.237817582450047,-0.05189083407936279,1.1269141551226254,32,14,9,2025-03-06,True,"{""coefficient_0"": -1.5064364758631064, ""coefficient_1"": 6.1747418036561355, ""coefficient_2"": 0.07495521272779307}"
nonthinking,inverse_accuracy_date_moe,gemma-3-270m,gemma-3-270m,gemma-3-270m,2025-03-12,gemma,google,0,0.142950177332093,0.268,0.21771108539153242,-0.09025425106117846,1.230989223713748,32,14,9,2025-03-06,True,"{""coefficient_0"": -1.4746400130704662, ""coefficient_1"": 6.2051730828409895, ""coefficient_2"": -0.0624192450521072, ""coefficient_3"": 0.06060558629693958}"
nonthinking,forward_inverse,gemma-3-27b,gemma-3-27b,gemma-3-27b,2025-03-12,gemma3,google,0,0.46506642622408284,27.0,24.697730324606702,-0.03870671991915864,1.0932178643597674,32,14,9,2025-03-06,True,"{""intercept"": 0.26183657200097876, ""slope"": 0.14592957761114514}"
nonthinking,inverse_accuracy,gemma-3-27b,gemma-3-27b,gemma-3-27b,2025-03-12,gemma3,google,0,0.46506642622408284,27.0,23.9634291540278,-0.05181479868418282,1.126716874553065,32,14,9,2025-03-06,True,"{""coefficient_0"": -1.5444414297470803, ""coefficient_1"": 6.287253240278023}"
nonthinking,inverse_accuracy_date,gemma-3-27b,gemma-3-27b,gemma-3-27b,2025-03-12,gemma3,google,0,0.46506642622408284,27.0,22.007105528782798,-0.088800838168138,1.2268764724505485,32,14,9,2025-03-06,True,"{""coefficient_0"": -1.4982749669222657, ""coefficient_1"": 6.297759484913393, ""coefficient_2"": -0.07375252315214743}"
nonthinking,inverse_accuracy_moe,gemma-3-27b,gemma-3-27b,gemma-3-27b,2025-03-12,gemma3,google,0,0.46506642622408284,27.0,23.18614927745825,-0.06613513653928726,1.1644883191643043,32,14,9,2025-03-06,True,"{""coefficient_0"": -1.5064364758631064, ""coefficient_1"": 6.1747418036561355, ""coefficient_2"": 0.07495521272779307}"
nonthinking,inverse_accuracy_date_moe,gemma-3-27b,gemma-3-27b,gemma-3-27b,2025-03-12,gemma3,google,0,0.46506642622408284,27.0,21.710389752862785,-0.09469614402109294,1.243644186371169,32,14,9,2025-03-06,True,"{""coefficient_0"": -1.4746400130704662, ""coefficient_1"": 6.2051730828409895, ""coefficient_2"": -0.0624192450521072, ""coefficient_3"": 0.06060558629693958}"
nonthinking,forward_inverse,gemma-3-4b,gemma-3-4b,gemma-3-4b,2025-03-12,gemma3,google,0,0.3301997089406739,4.0,2.940807698191818,-0.1335933647619576,1.3601705417390724,32,14,9,2025-03-06,True,"{""intercept"": 0.26183657200097876, ""slope"": 0.14592957761114514}"
nonthinking,inverse_accuracy,gemma-3-4b,gemma-3-4b,gemma-3-4b,2025-03-12,gemma3,google,0,0.3301997089406739,4.0,3.4010088358035695,-0.07045223109893073,1.1761216136490584,32,14,9,2025-03-06,True,"{""coefficient_0"": -1.5444414297470803, ""coefficient_1"": 6.287253240278023}"
nonthinking,inverse_accuracy_date,gemma-3-4b,gemma-3-4b,gemma-3-4b,2025-03-12,gemma3,google,0,0.3301997089406739,4.0,3.113183915878946,-0.10885521330783454,1.284858237766746,32,14,9,2025-03-06,True,"{""coefficient_0"": -1.4982749669222657, ""coefficient_1"": 6.297759484913393, ""coefficient_2"": -0.07375252315214743}"
nonthinking,inverse_accuracy_moe,gemma-3-4b,gemma-3-4b,gemma-3-4b,2025-03-12,gemma3,google,0,0.3301997089406739,4.0,3.407700911954893,-0.06959852084000107,1.1738119346000124,32,14,9,2025-03-06,True,"{""coefficient_0"": -1.5064364758631064, ""coefficient_1"": 6.1747418036561355, ""coefficient_2"": 0.07495521272779307}"
nonthinking,inverse_accuracy_date_moe,gemma-3-4b,gemma-3-4b,gemma-3-4b,2025-03-12,gemma3,google,0,0.3301997089406739,4.0,3.1607947569716104,-0.10226369504820287,1.265504503630739,32,14,9,2025-03-06,True,"{""coefficient_0"": -1.4746400130704662, ""coefficient_1"": 6.2051730828409895, ""coefficient_2"": -0.0624192450521072, ""coefficient_3"": 0.06060558629693958}"
nonthinking,forward_inverse,command-a,command-a,command-a,2025-03-13,command,cohere,0,0.6124698891016755,111.0,229.46412708017402,0.31539182163625945,2.067244388109675,37,16,9,2025-03-12,True,"{""intercept"": 0.25274016423412493, ""slope"": 0.1523816959181625}"
nonthinking,inverse_accuracy,command-a,command-a,command-a,2025-03-13,command,cohere,0,0.6124698891016755,111.0,191.86154160989054,0.23766495092291962,1.72848235684586,37,16,9,2025-03-12,True,"{""coefficient_0"": -1.486887712684523, ""coefficient_1"": 6.155201601703992}"
nonthinking,inverse_accuracy_date,command-a,command-a,command-a,2025-03-13,command,cohere,0,0.6124698891016755,111.0,201.5799565127288,0.2591243683882585,1.8160356442588175,37,16,9,2025-03-12,True,"{""coefficient_0"": -1.524263655207074, ""coefficient_1"": 6.164363736617182, ""coefficient_2"": 0.04448513332345455}"
nonthinking,inverse_accuracy_moe,command-a,command-a,command-a,2025-03-13,command,cohere,0,0.6124698891016755,111.0,173.38434477109254,0.1936869027822241,1.5620211240638964,37,16,9,2025-03-12,True,"{""coefficient_0"": -1.4387869084096163, ""coefficient_1"": 6.004861390611074, ""coefficient_2"": 0.11311335369680003}"
nonthinking,inverse_accuracy_date_moe,command-a,command-a,command-a,2025-03-13,command,cohere,0,0.6124698891016755,111.0,183.69791005858355,0.2187812365546007,1.654936126653905,37,16,9,2025-03-12,True,"{""coefficient_0"": -1.485911673178187, ""coefficient_1"": 5.999795358980509, ""coefficient_2"": 0.06295496672388613, ""coefficient_3"": 0.1266804694663821}"
nonthinking,forward_inverse,nemotron-super-49b,nemotron-super-49b,nemotron-super-49b-think,2025-03-18,nemotron,nvidia,0,0.4607484617888332,49.0,24.021021482012156,-0.30960460841172366,2.0398799458504726,39,16,9,2025-03-13,True,"{""intercept"": 0.2523493319134615, ""slope"": 0.15094916502078537}"
nonthinking,inverse_accuracy,nemotron-super-49b,nemotron-super-49b,nemotron-super-49b-think,2025-03-18,nemotron,nvidia,0,0.4607484617888332,49.0,23.015380247243463,-0.32817792556865233,2.129011099256928,39,16,9,2025-03-13,True,"{""coefficient_0"": -1.464131844305534, ""coefficient_1"": 6.133824056173746}"
nonthinking,inverse_accuracy_date,nemotron-super-49b,nemotron-super-49b,nemotron-super-49b-think,2025-03-18,nemotron,nvidia,0,0.4607484617888332,49.0,22.003869911197615,-0.3476970113301363,2.2268810076478522,39,16,9,2025-03-13,True,"{""coefficient_0"": -1.429486356564576, ""coefficient_1"": 6.127889630762611, ""coefficient_2"": -0.04249980918280982}"
nonthinking,inverse_accuracy_moe,nemotron-super-49b,nemotron-super-49b,nemotron-super-49b-think,2025-03-18,nemotron,nvidia,0,0.4607484617888332,49.0,22.14956270338805,-0.344830923617518,2.2122332912922404,39,16,9,2025-03-13,True,"{""coefficient_0"": -1.4252510942929837, ""coefficient_1"": 6.013294629236955, ""coefficient_2"": 0.09432501141879822}"
nonthinking,inverse_accuracy_date_moe,nemotron-super-49b,nemotron-super-49b,nemotron-super-49b-think,2025-03-18,nemotron,nvidia,0,0.4607484617888332,49.0,21.527855632965533,-0.357195307666752,2.2761208006693643,39,16,9,2025-03-13,True,"{""coefficient_0"": -1.4039934017269233, ""coefficient_1"": 6.018063442764985, ""coefficient_2"": -0.029599546077451997, ""coefficient_3"": 0.08735846503577804}"
nonthinking,forward_inverse,llama-4-maverick,llama-4-maverick,llama-4-maverick,2025-04-05,llama4,meta,1,0.642747310297538,402.0,431.0585511142825,0.030310211737003545,1.0722849530206038,34,15,9,2025-03-18,True,"{""intercept"": 0.2525564042586623, ""slope"": 0.1481061055218826}"
nonthinking,inverse_accuracy,llama-4-maverick,llama-4-maverick,llama-4-maverick,2025-04-05,llama4,meta,1,0.642747310297538,402.0,332.8947904451614,-0.08191905425890056,1.207588738359131,34,15,9,2025-03-18,True,"{""coefficient_0"": -1.485787411276033, ""coefficient_1"": 6.235878930782599}"
nonthinking,inverse_accuracy_date,llama-4-maverick,llama-4-maverick,llama-4-maverick,2025-04-05,llama4,meta,1,0.642747310297538,402.0,311.56764328091856,-0.11067370380859565,1.2902495129686646,34,15,9,2025-03-18,True,"{""coefficient_0"": -1.4346662734027946, ""coefficient_1"": 6.2327543314841085, ""coefficient_2"": -0.06182845571554983}"
nonthinking,inverse_accuracy_moe,llama-4-maverick,llama-4-maverick,llama-4-maverick,2025-04-05,llama4,meta,1,0.642747310297538,402.0,344.93696953544,-0.06648630955846757,1.1654303119245584,34,15,9,2025-03-18,True,"{""coefficient_0"": -1.4729659997183806, ""coefficient_1"": 6.195952336681329, ""coefficient_2"": 0.028274044110713374}"
nonthinking,inverse_accuracy_date_moe,llama-4-maverick,llama-4-maverick,llama-4-maverick,2025-04-05,llama4,meta,1,0.642747310297538,402.0,314.36772810540936,-0.10678809658576416,1.2787572134796445,34,15,9,2025-03-18,True,"{""coefficient_0"": -1.433128577296969, ""coefficient_1"": 6.22444866498817, ""coefficient_2"": -0.06043508462650272, ""coefficient_3"": 0.005931528536357443}"
nonthinking,forward_inverse,llama-4-scout,llama-4-scout,llama-4-scout,2025-04-05,llama4,meta,1,0.4879248209742171,109.0,38.831825270938594,-0.4482386931152571,2.806975959525001,34,15,9,2025-03-18,True,"{""intercept"": 0.2525564042586623, ""slope"": 0.1481061055218826}"
nonthinking,inverse_accuracy,llama-4-scout,llama-4-scout,llama-4-scout,2025-04-05,llama4,meta,1,0.4879248209742171,109.0,36.04563657217519,-0.480573798297665,3.023944376228348,34,15,9,2025-03-18,True,"{""coefficient_0"": -1.485787411276033, ""coefficient_1"": 6.235878930782599}"
nonthinking,inverse_accuracy_date,llama-4-scout,llama-4-scout,llama-4-scout,2025-04-05,llama4,meta,1,0.4879248209742171,109.0,33.77394628532037,-0.5088446896058296,3.2273397689205243,34,15,9,2025-03-18,True,"{""coefficient_0"": -1.4346662734027946, ""coefficient_1"": 6.2327543314841085, ""coefficient_2"": -0.06182845571554983}"
nonthinking,inverse_accuracy_moe,llama-4-scout,llama-4-scout,llama-4-scout,2025-04-05,llama4,meta,1,0.4879248209742171,109.0,37.884972734929335,-0.45895951890827136,2.877130221595852,34,15,9,2025-03-18,True,"{""coefficient_0"": -1.4729659997183806, ""coefficient_1"": 6.195952336681329, ""coefficient_2"": 0.028274044110713374}"
nonthinking,inverse_accuracy_date_moe,llama-4-scout,llama-4-scout,llama-4-scout,2025-04-05,llama4,meta,1,0.4879248209742171,109.0,34.1785252389693,-0.5036731784206083,3.189137016237366,34,15,9,2025-03-18,True,"{""coefficient_0"": -1.433128577296969, ""coefficient_1"": 6.22444866498817, ""coefficient_2"": -0.06043508462650272, ""coefficient_3"": 0.005931528536357443}"
nonthinking,forward_inverse,glm-4-32b,glm-4-32b,glm-4-32b,2025-04-15,glm,zhipu,0,0.5062689042941333,32.0,50.675789318969535,0.1996505436076117,1.5836184162177978,43,18,10,2025-04-05,True,"{""intercept"": 0.25248573582182865, ""slope"": 0.1488638495871452}"
nonthinking,inverse_accuracy,glm-4-32b,glm-4-32b,glm-4-32b,2025-04-15,glm,zhipu,0,0.5062689042941333,32.0,46.45963401755986,0.16192580603410267,1.4518635630487453,43,18,10,2025-04-05,True,"{""coefficient_0"": -1.4718693893393529, ""coefficient_1"": 6.200154003275875}"
nonthinking,inverse_accuracy_date,glm-4-32b,glm-4-32b,glm-4-32b,2025-04-15,glm,zhipu,0,0.5062689042941333,32.0,48.61772706618921,0.18164467290304342,1.5193039708184126,43,18,10,2025-04-05,True,"{""coefficient_0"": -1.502718658135785, ""coefficient_1"": 6.198274023851212, ""coefficient_2"": 0.040037547692779916}"
nonthinking,inverse_accuracy_moe,glm-4-32b,glm-4-32b,glm-4-32b,2025-04-15,glm,zhipu,0,0.5062689042941333,32.0,41.87447845888402,0.11679943267808746,1.3085774518401254,43,18,10,2025-04-05,True,"{""coefficient_0"": -1.394699231900329, ""coefficient_1"": 5.958589629565127, ""coefficient_2"": 0.16900955072793947}"
nonthinking,inverse_accuracy_date_moe,glm-4-32b,glm-4-32b,glm-4-32b,2025-04-15,glm,zhipu,0,0.5062689042941333,32.0,44.01399187133185,0.13844078058778986,1.37543724597912,43,18,10,2025-04-05,True,"{""coefficient_0"": -1.4284892618037284, ""coefficient_1"": 5.954024565499508, ""coefficient_2"": 0.04487331548373585, ""coefficient_3"": 0.17072929404960438}"
nonthinking,forward_inverse,granite-3.3-2b,granite-3.3-2b,granite-3.3-2b,2025-04-15,granite,ibm,0,0.3004519352636091,2.0,2.0999803423847263,0.021185233720510288,1.0499901711923632,43,18,10,2025-04-05,True,"{""intercept"": 0.25248573582182865, ""slope"": 0.1488638495871452}"
nonthinking,inverse_accuracy,granite-3.3-2b,granite-3.3-2b,granite-3.3-2b,2025-04-15,granite,ibm,0,0.3004519352636091,2.0,2.4602479572159486,0.08994888421331587,1.2301239786079743,43,18,10,2025-04-05,True,"{""coefficient_0"": -1.4718693893393529, ""coefficient_1"": 6.200154003275875}"
nonthinking,inverse_accuracy_date,granite-3.3-2b,granite-3.3-2b,granite-3.3-2b,2025-04-15,granite,ibm,0,0.3004519352636091,2.0,2.576823535149939,0.11005468274928065,1.2884117675749696,43,18,10,2025-04-05,True,"{""coefficient_0"": -1.502718658135785, ""coefficient_1"": 6.198274023851212, ""coefficient_2"": 0.040037547692779916}"
nonthinking,inverse_accuracy_moe,granite-3.3-2b,granite-3.3-2b,granite-3.3-2b,2025-04-15,granite,ibm,0,0.3004519352636091,2.0,2.486397461604627,0.09454055808020373,1.2431987308023136,43,18,10,2025-04-05,True,"{""coefficient_0"": -1.394699231900329, ""coefficient_1"": 5.958589629565127, ""coefficient_2"": 0.16900955072793947}"
nonthinking,inverse_accuracy_date_moe,granite-3.3-2b,granite-3.3-2b,granite-3.3-2b,2025-04-15,granite,ibm,0,0.3004519352636091,2.0,2.6190963136777325,0.1171214736393223,1.3095481568388663,43,18,10,2025-04-05,True,"{""coefficient_0"": -1.4284892618037284, ""coefficient_1"": 5.954024565499508, ""coefficient_2"": 0.04487331548373585, ""coefficient_3"": 0.17072929404960438}"
nonthinking,forward_inverse,qwen3-0.6b,qwen3-0.6b,qwen3-0.6b,2025-04-29,qwen,alibaba,0,0.10967071805841186,0.596,0.09939884715449186,-0.7778649123383569,5.996045397525182,41,18,11,2025-04-15,True,"{""intercept"": 0.2576037937714259, ""slope"": 0.1475467021580637}"
nonthinking,inverse_accuracy,qwen3-0.6b,qwen3-0.6b,qwen3-0.6b,2025-04-29,qwen,alibaba,0,0.10967071805841186,0.596,0.1484920941603338,-0.6035429276623614,4.013681693763919,41,18,11,2025-04-15,True,"{""coefficient_0"": -1.5133511866225657, ""coefficient_1"": 6.246466977042797}"
nonthinking,inverse_accuracy_date,qwen3-0.6b,qwen3-0.6b,qwen3-0.6b,2025-04-29,qwen,alibaba,0,0.10967071805841186,0.596,0.15283657792960315,-0.5910189546372914,3.8995900593542396,41,18,11,2025-04-15,True,"{""coefficient_0"": -1.5340467094737824, ""coefficient_1"": 6.247449694205722, ""coefficient_2"": 0.024987718887641924}"
nonthinking,inverse_accuracy_moe,qwen3-0.6b,qwen3-0.6b,qwen3-0.6b,2025-04-29,qwen,alibaba,0,0.10967071805841186,0.596,0.17170431818596388,-0.5404650423850624,3.4710833501257894,41,18,11,2025-04-15,True,"{""coefficient_0"": -1.4180112445291277, ""coefficient_1"": 5.952294955674651, ""coefficient_2"": 0.19613870237433448}"
nonthinking,inverse_accuracy_date_moe,qwen3-0.6b,qwen3-0.6b,qwen3-0.6b,2025-04-29,qwen,alibaba,0,0.10967071805841186,0.596,0.17827531492534374,-0.5241550474336042,3.343143722671793,41,18,11,2025-04-15,True,"{""coefficient_0"": -1.4434035480939036, ""coefficient_1"": 5.951237350836795, ""coefficient_2"": 0.03155811829142813, ""coefficient_3"": 0.19767137188925823}"
nonthinking,forward_inverse,qwen3-14b,qwen3-14b,qwen3-14b-think,2025-04-29,qwen3,alibaba,0,0.4355244163813639,14.0,16.064222254473876,0.05973166845351119,1.1474444467481342,41,18,11,2025-04-15,True,"{""intercept"": 0.2576037937714259, ""slope"": 0.1475467021580637}"
nonthinking,inverse_accuracy,qwen3-14b,qwen3-14b,qwen3-14b-think,2025-04-29,qwen3,alibaba,0,0.4355244163813639,14.0,16.111563896412502,0.061009662321222624,1.1508259926008932,41,18,11,2025-04-15,True,"{""coefficient_0"": -1.5133511866225657, ""coefficient_1"": 6.246466977042797}"
nonthinking,inverse_accuracy_date,qwen3-14b,qwen3-14b,qwen3-14b-think,2025-04-29,qwen3,alibaba,0,0.4355244163813639,14.0,16.595177160528486,0.07385385736823769,1.1853697971806063,41,18,11,2025-04-15,True,"{""coefficient_0"": -1.5340467094737824, ""coefficient_1"": 6.247449694205722, ""coefficient_2"": 0.024987718887641924}"
nonthinking,inverse_accuracy_moe,qwen3-14b,qwen3-14b,qwen3-14b-think,2025-04-29,qwen3,alibaba,0,0.4355244163813639,14.0,14.940273304820996,0.02823050649257297,1.0671623789157856,41,18,11,2025-04-15,True,"{""coefficient_0"": -1.4180112445291277, ""coefficient_1"": 5.952294955674651, ""coefficient_2"": 0.19613870237433448}"
nonthinking,inverse_accuracy_date_moe,qwen3-14b,qwen3-14b,qwen3-14b-think,2025-04-29,qwen3,alibaba,0,0.4355244163813639,14.0,15.499722137608689,0.044195876996251826,1.1071230098291922,41,18,11,2025-04-15,True,"{""coefficient_0"": -1.4434035480939036, ""coefficient_1"": 5.951237350836795, ""coefficient_2"": 0.03155811829142813, ""coefficient_3"": 0.19767137188925823}"
nonthinking,forward_inverse,qwen3-235b-a22b,qwen3-235b-a22b,qwen3-235b-a22b-think,2025-04-29,qwen3,alibaba,1,0.547118545828504,235.0,91.66226828565566,-0.4088772621258445,2.563759378806202,41,18,11,2025-04-15,True,"{""intercept"": 0.2576037937714259, ""slope"": 0.1475467021580637}"
nonthinking,inverse_accuracy,qwen3-235b-a22b,qwen3-235b-a22b,qwen3-235b-a22b-think,2025-04-29,qwen3,alibaba,1,0.547118545828504,235.0,80.2059786684097,-0.46686111984887524,2.9299561441865207,41,18,11,2025-04-15,True,"{""coefficient_0"": -1.5133511866225657, ""coefficient_1"": 6.246466977042797}"
nonthinking,inverse_accuracy_date,qwen3-235b-a22b,qwen3-235b-a22b,qwen3-235b-a22b-think,2025-04-29,qwen3,alibaba,1,0.547118545828504,235.0,82.63434764912023,-0.4539072593355713,2.8438537567677153,41,18,11,2025-04-15,True,"{""coefficient_0"": -1.5340467094737824, ""coefficient_1"": 6.247449694205722, ""coefficient_2"": 0.024987718887641924}"
nonthinking,inverse_accuracy_moe,qwen3-235b-a22b,qwen3-235b-a22b,qwen3-235b-a22b-think,2025-04-29,qwen3,alibaba,1,0.547118545828504,235.0,108.32742461982977,-0.3363294439354747,2.1693490898054852,41,18,11,2025-04-15,True,"{""coefficient_0"": -1.4180112445291277, ""coefficient_1"": 5.952294955674651, ""coefficient_2"": 0.19613870237433448}"
nonthinking,inverse_accuracy_date_moe,qwen3-235b-a22b,qwen3-235b-a22b,qwen3-235b-a22b-think,2025-04-29,qwen3,alibaba,1,0.547118545828504,235.0,112.75048945954512,-0.31894942640805146,2.0842481582691312,41,18,11,2025-04-15,True,"{""coefficient_0"": -1.4434035480939036, ""coefficient_1"": 5.951237350836795, ""coefficient_2"": 0.03155811829142813, ""coefficient_3"": 0.19767137188925823}"
nonthinking,forward_inverse,qwen3-30b-a3b,qwen3-30b-a3b,qwen3-30b-a3b-think,2025-04-29,qwen3,alibaba,1,0.44819830691502033,30.0,19.577498007628666,-0.18536406627762925,1.5323715006028884,41,18,11,2025-04-15,True,"{""intercept"": 0.2576037937714259, ""slope"": 0.1475467021580637}"
nonthinking,inverse_accuracy,qwen3-30b-a3b,qwen3-30b-a3b,qwen3-30b-a3b-think,2025-04-29,qwen3,alibaba,1,0.44819830691502033,30.0,19.333244204329663,-0.19081651803106148,1.551731291599861,41,18,11,2025-04-15,True,"{""coefficient_0"": -1.5133511866225657, ""coefficient_1"": 6.246466977042797}"
nonthinking,inverse_accuracy_date,qwen3-30b-a3b,qwen3-30b-a3b,qwen3-30b-a3b-think,2025-04-29,qwen3,alibaba,1,0.44819830691502033,30.0,19.914132232964448,-0.17795986813429843,1.5064678515260692,41,18,11,2025-04-15,True,"{""coefficient_0"": -1.5340467094737824, ""coefficient_1"": 6.247449694205722, ""coefficient_2"": 0.024987718887641924}"
nonthinking,inverse_accuracy_moe,qwen3-30b-a3b,qwen3-30b-a3b,qwen3-30b-a3b-think,2025-04-29,qwen3,alibaba,1,0.44819830691502033,30.0,27.921322136043027,-0.031185275482261465,1.074447687463684,41,18,11,2025-04-15,True,"{""coefficient_0"": -1.4180112445291277, ""coefficient_1"": 5.952294955674651, ""coefficient_2"": 0.19613870237433448}"
nonthinking,inverse_accuracy_date_moe,qwen3-30b-a3b,qwen3-30b-a3b,qwen3-30b-a3b-think,2025-04-29,qwen3,alibaba,1,0.44819830691502033,30.0,29.068365700648126,-0.013700639431601491,1.0320497653341103,41,18,11,2025-04-15,True,"{""coefficient_0"": -1.4434035480939036, ""coefficient_1"": 5.951237350836795, ""coefficient_2"": 0.03155811829142813, ""coefficient_3"": 0.19767137188925823}"
nonthinking,forward_inverse,qwen3-32b,qwen3-32b,qwen3-32b-think,2025-04-29,qwen3,alibaba,0,0.4656513675898899,32.0,25.706655083749393,-0.09510440782937102,1.2448138388968772,41,18,11,2025-04-15,True,"{""intercept"": 0.2576037937714259, ""slope"": 0.1475467021580637}"
nonthinking,inverse_accuracy,qwen3-32b,qwen3-32b,qwen3-32b-think,2025-04-29,qwen3,alibaba,0,0.4656513675898899,32.0,24.849903343911997,-0.1098252744774082,1.2877313668843593,41,18,11,2025-04-15,True,"{""coefficient_0"": -1.5133511866225657, ""coefficient_1"": 6.246466977042797}"
nonthinking,inverse_accuracy_date,qwen3-32b,qwen3-32b,qwen3-32b-think,2025-04-29,qwen3,alibaba,0,0.4656513675898899,32.0,25.597556199234894,-0.09695147315837427,1.2501193376013167,41,18,11,2025-04-15,True,"{""coefficient_0"": -1.5340467094737824, ""coefficient_1"": 6.247449694205722, ""coefficient_2"": 0.024987718887641924}"
nonthinking,inverse_accuracy_moe,qwen3-32b,qwen3-32b,qwen3-32b-think,2025-04-29,qwen3,alibaba,0,0.4656513675898899,32.0,22.57787383517648,-0.1514669364407295,1.4173168046560605,41,18,11,2025-04-15,True,"{""coefficient_0"": -1.4180112445291277, ""coefficient_1"": 5.952294955674651, ""coefficient_2"": 0.19613870237433448}"
nonthinking,inverse_accuracy_date_moe,qwen3-32b,qwen3-32b,qwen3-32b-think,2025-04-29,qwen3,alibaba,0,0.4656513675898899,32.0,23.42159947474036,-0.13553342834639892,1.3662602348960515,41,18,11,2025-04-15,True,"{""coefficient_0"": -1.4434035480939036, ""coefficient_1"": 5.951237350836795, ""coefficient_2"": 0.03155811829142813, ""coefficient_3"": 0.19767137188925823}"
nonthinking,forward_inverse,qwen3-8b,qwen3-8b,qwen3-8b-think,2025-04-29,qwen3,alibaba,0,0.42206391862177306,8.0,13.020599404518103,0.2115409904877461,1.6275749255647631,41,18,11,2025-04-15,True,"{""intercept"": 0.2576037937714259, ""slope"": 0.1475467021580637}"
nonthinking,inverse_accuracy,qwen3-8b,qwen3-8b,qwen3-8b-think,2025-04-29,qwen3,alibaba,0,0.42206391862177306,8.0,13.275691240595958,0.21996715625767438,1.659461405074495,41,18,11,2025-04-15,True,"{""coefficient_0"": -1.5133511866225657, ""coefficient_1"": 6.246466977042797}"
nonthinking,inverse_accuracy_date,qwen3-8b,qwen3-8b,qwen3-8b-think,2025-04-29,qwen3,alibaba,0,0.42206391862177306,8.0,13.67376495832092,0.23279812344251938,1.7092206197901152,41,18,11,2025-04-15,True,"{""coefficient_0"": -1.5340467094737824, ""coefficient_1"": 6.247449694205722, ""coefficient_2"": 0.024987718887641924}"
nonthinking,inverse_accuracy_moe,qwen3-8b,qwen3-8b,qwen3-8b-think,2025-04-29,qwen3,alibaba,0,0.42206391862177306,8.0,12.423320495675702,0.19114770226358457,1.552915061959463,41,18,11,2025-04-15,True,"{""coefficient_0"": -1.4180112445291277, ""coefficient_1"": 5.952294955674651, ""coefficient_2"": 0.19613870237433448}"
nonthinking,inverse_accuracy_date_moe,qwen3-8b,qwen3-8b,qwen3-8b-think,2025-04-29,qwen3,alibaba,0,0.42206391862177306,8.0,12.888942779640225,0.207127308654814,1.6111178474550283,41,18,11,2025-04-15,True,"{""coefficient_0"": -1.4434035480939036, ""coefficient_1"": 5.951237350836795, ""coefficient_2"": 0.03155811829142813, ""coefficient_3"": 0.19767137188925823}"
nonthinking,forward_inverse,gemma-3n-e4b,gemma-3n-e4b,gemma-3n-e4b,2025-06-26,gemma3n,google,0,0.34761465661461477,4.0,4.309940638840691,0.032411297301107256,1.0774851597101727,44,18,11,2025-04-29,True,"{""intercept"": 0.25364604998318535, ""slope"": 0.1481053726394327}"
nonthinking,inverse_accuracy,gemma-3n-e4b,gemma-3n-e4b,gemma-3n-e4b,2025-06-26,gemma3n,google,0,0.34761465661461477,4.0,4.984934716575691,0.09559948377375649,1.2462336791439226,44,18,11,2025-04-29,True,"{""coefficient_0"": -1.4238179743161907, ""coefficient_1"": 6.102957424404286}"
nonthinking,inverse_accuracy_date,gemma-3n-e4b,gemma-3n-e4b,gemma-3n-e4b,2025-06-26,gemma3n,google,0,0.34761465661461477,4.0,5.604686400598822,0.14649132617401284,1.4011716001497054,44,18,11,2025-04-29,True,"{""coefficient_0"": -1.4862104760868227, ""coefficient_1"": 6.092106302930589, ""coefficient_2"": 0.07888345562056191}"
nonthinking,inverse_accuracy_moe,gemma-3n-e4b,gemma-3n-e4b,gemma-3n-e4b,2025-06-26,gemma3n,google,0,0.34761465661461477,4.0,4.812623615962401,0.08032190652176052,1.2031559039906004,44,18,11,2025-04-29,True,"{""coefficient_0"": -1.3013509232934763, ""coefficient_1"": 5.706700748646734, ""coefficient_2"": 0.26330842363326934}"
nonthinking,inverse_accuracy_date_moe,gemma-3n-e4b,gemma-3n-e4b,gemma-3n-e4b,2025-06-26,gemma3n,google,0,0.34761465661461477,4.0,5.336763036290692,0.12521792829854295,1.334190759072673,44,18,11,2025-04-29,True,"{""coefficient_0"": -1.357657523930626, ""coefficient_1"": 5.701999342711441, ""coefficient_2"": 0.06930106592927873, ""coefficient_3"": 0.2600978941265923}"
nonthinking,forward_inverse,ernie-4.5-300b-a47b,ernie-4.5-300b-a47b,ernie-4.5-300b-a47b,2025-06-30,ernie,baidu,1,0.5383758901248453,300.0,84.56413221253204,-0.5499350581727329,3.5476033650534093,52,22,12,2025-06-26,True,"{""intercept"": 0.24822801418736057, ""slope"": 0.15055518582343647}"
nonthinking,inverse_accuracy,ernie-4.5-300b-a47b,ernie-4.5-300b-a47b,ernie-4.5-300b-a47b,2025-06-30,ernie,baidu,1,0.5383758901248453,300.0,73.3515970177702,-0.6117116809377061,4.089890502688332,52,22,12,2025-06-26,True,"{""coefficient_0"": -1.4112430155565445, ""coefficient_1"": 6.086180026707121}"
nonthinking,inverse_accuracy_date,ernie-4.5-300b-a47b,ernie-4.5-300b-a47b,ernie-4.5-300b-a47b,2025-06-30,ernie,baidu,1,0.5383758901248453,300.0,80.12594965924046,-0.5733480648689357,3.744105390024577,52,22,12,2025-06-26,True,"{""coefficient_0"": -1.468734220721283, ""coefficient_1"": 6.093077766723524, ""coefficient_2"": 0.06163844228036218}"
nonthinking,inverse_accuracy_moe,ernie-4.5-300b-a47b,ernie-4.5-300b-a47b,ernie-4.5-300b-a47b,2025-06-30,ernie,baidu,1,0.5383758901248453,300.0,107.89956907026978,-0.444101544520326,2.7803632821241817,52,22,12,2025-06-26,True,"{""coefficient_0"": -1.3048802239336688, ""coefficient_1"": 5.736060724299534, ""coefficient_2"": 0.2497431358780786}"
nonthinking,inverse_accuracy_date_moe,ernie-4.5-300b-a47b,ernie-4.5-300b-a47b,ernie-4.5-300b-a47b,2025-06-30,ernie,baidu,1,0.5383758901248453,300.0,115.91404138467769,-0.4129852067930049,2.5881247553469926,52,22,12,2025-06-26,True,"{""coefficient_0"": -1.3553297774337996, ""coefficient_1"": 5.7457170539563105, ""coefficient_2"": 0.05287077441985844, ""coefficient_3"": 0.24707554094773998}"
nonthinking,forward_inverse,kimi-k2,kimi-k2,kimi-k2,2025-07-11,kimi,moonshot,1,0.6922443970121994,1000.0,975.1168252437549,-0.010943349922687862,1.0255181472743278,53,23,13,2025-06-30,True,"{""intercept"": 0.24969937218431232, ""slope"": 0.1480550811295064}"
nonthinking,inverse_accuracy,kimi-k2,kimi-k2,kimi-k2,2025-07-11,kimi,moonshot,1,0.6922443970121994,1000.0,677.3806288312061,-0.16916722710680787,1.4762748703420425,53,23,13,2025-06-30,True,"{""coefficient_0"": -1.428133735868184, ""coefficient_1"": 6.152403005562095}"
nonthinking,inverse_accuracy_date,kimi-k2,kimi-k2,kimi-k2,2025-07-11,kimi,moonshot,1,0.6922443970121994,1000.0,789.5586292954957,-0.10261561558079935,1.2665303916598012,53,23,13,2025-06-30,True,"{""coefficient_0"": -1.5232960210580075, ""coefficient_1"": 6.157031202472963, ""coefficient_2"": 0.10394218488506204}"
nonthinking,inverse_accuracy_moe,kimi-k2,kimi-k2,kimi-k2,2025-07-11,kimi,moonshot,1,0.6922443970121994,1000.0,906.3614563823323,-0.0426985714107504,1.103312583471299,53,23,13,2025-06-30,True,"{""coefficient_0"": -1.2954663559162904, ""coefficient_1"": 5.712216487062904, ""coefficient_2"": 0.2985179268155356}"
nonthinking,inverse_accuracy_date_moe,kimi-k2,kimi-k2,kimi-k2,2025-07-11,kimi,moonshot,1,0.6922443970121994,1000.0,1010.4522383963996,0.0045157902995081045,1.0104522383963996,53,23,13,2025-06-30,True,"{""coefficient_0"": -1.3726261053107789, ""coefficient_1"": 5.729316913291334, ""coefficient_2"": 0.07981929252986501, ""coefficient_3"": 0.2893313084022927}"
nonthinking,forward_inverse,glm-4.5,glm-4.5,glm-4.5-think,2025-07-28,glm,zhipu,1,0.6677866908796538,355.0,677.9122050878769,0.2809450999347436,1.909611845317963,53,23,13,2025-07-11,True,"{""intercept"": 0.24935695539372005, ""slope"": 0.14779374786947597}"
nonthinking,inverse_accuracy,glm-4.5,glm-4.5,glm-4.5-think,2025-07-28,glm,zhipu,1,0.6677866908796538,355.0,500.6554143507407,0.14931056416044175,1.4102969418330722,53,23,13,2025-07-11,True,"{""coefficient_0"": -1.4446656036994148, ""coefficient_1"": 6.20588067644164}"
nonthinking,inverse_accuracy_date,glm-4.5,glm-4.5,glm-4.5-think,2025-07-28,glm,zhipu,1,0.6677866908796538,355.0,600.5073950176637,0.22829000688631185,1.69157012681032,53,23,13,2025-07-11,True,"{""coefficient_0"": -1.5495757289434118, ""coefficient_1"": 6.195724539052158, ""coefficient_2"": 0.12132898766173382}"
nonthinking,inverse_accuracy_moe,glm-4.5,glm-4.5,glm-4.5-think,2025-07-28,glm,zhipu,1,0.6677866908796538,355.0,665.4025199525727,0.2728560882018223,1.8743732956410493,53,23,13,2025-07-11,True,"{""coefficient_0"": -1.301226192630069, ""coefficient_1"": 5.732447560828212, ""coefficient_2"": 0.296258446600371}"
nonthinking,inverse_accuracy_date_moe,glm-4.5,glm-4.5,glm-4.5-think,2025-07-28,glm,zhipu,1,0.6677866908796538,355.0,746.2317315214467,0.3226453592611689,2.1020612155533707,53,23,13,2025-07-11,True,"{""coefficient_0"": -1.3830831900297664, ""coefficient_1"": 5.7494332941002995, ""coefficient_2"": 0.0861882924578196, ""coefficient_3"": 0.2811146956301832}"
nonthinking,forward_inverse,glm-4.5-air,glm-4.5-air,glm-4.5-air-think,2025-07-28,glm,zhipu,1,0.5827082837681729,106.0,180.10141245965517,0.23021125355714345,1.6990699288646707,53,23,13,2025-07-11,True,"{""intercept"": 0.24935695539372005, ""slope"": 0.14779374786947597}"
nonthinking,inverse_accuracy,glm-4.5-air,glm-4.5-air,glm-4.5-air-think,2025-07-28,glm,zhipu,1,0.5827082837681729,106.0,148.44052255984053,0.14624660927519084,1.4003822883003818,53,23,13,2025-07-11,True,"{""coefficient_0"": -1.4446656036994148, ""coefficient_1"": 6.20588067644164}"
nonthinking,inverse_accuracy_date,glm-4.5-air,glm-4.5-air,glm-4.5-air-think,2025-07-28,glm,zhipu,1,0.5827082837681729,106.0,178.4004663264835,0.226090119992564,1.6830232672309757,53,23,13,2025-07-11,True,"{""coefficient_0"": -1.5495757289434118, ""coefficient_1"": 6.195724539052158, ""coefficient_2"": 0.12132898766173382}"
nonthinking,inverse_accuracy_moe,glm-4.5-air,glm-4.5-air,glm-4.5-air-think,2025-07-28,glm,zhipu,1,0.5827082837681729,106.0,216.45964105029574,0.3100710686667876,2.042072085380148,53,23,13,2025-07-11,True,"{""coefficient_0"": -1.301226192630069, ""coefficient_1"": 5.732447560828212, ""coefficient_2"": 0.296258446600371}"
nonthinking,inverse_accuracy_date_moe,glm-4.5-air,glm-4.5-air,glm-4.5-air-think,2025-07-28,glm,zhipu,1,0.5827082837681729,106.0,241.94747040628567,0.3584152205957247,2.282523305719675,53,23,13,2025-07-11,True,"{""coefficient_0"": -1.3830831900297664, ""coefficient_1"": 5.7494332941002995, ""coefficient_2"": 0.0861882924578196, ""coefficient_3"": 0.2811146956301832}"
nonthinking,forward_inverse,gpt-oss-120b,gpt-oss-120b,gpt-oss-120b-think,2025-08-05,gpt-oss,openai,0,0.5641110154555697,120.0,127.73728824521834,0.027136446167024708,1.0644774020434866,56,24,14,2025-07-28,True,"{""intercept"": 0.24899789977559136, ""slope"": 0.14960379283936906}"
nonthinking,inverse_accuracy,gpt-oss-120b,gpt-oss-120b,gpt-oss-120b-think,2025-08-05,gpt-oss,openai,0,0.5641110154555697,120.0,109.70977874941354,-0.038935906826265576,1.0937949321189513,56,24,14,2025-07-28,True,"{""coefficient_0"": -1.4276153268439067, ""coefficient_1"": 6.1474790795649685}"
nonthinking,inverse_accuracy_date,gpt-oss-120b,gpt-oss-120b,gpt-oss-120b-think,2025-08-05,gpt-oss,openai,0,0.5641110154555697,120.0,123.81951655102293,0.013607857944938129,1.031829304591858,56,24,14,2025-07-28,True,"{""coefficient_0"": -1.4944945017453095, ""coefficient_1"": 6.12091938522126, ""coefficient_2"": 0.08434987845858975}"
nonthinking,inverse_accuracy_moe,gpt-oss-120b,gpt-oss-120b,gpt-oss-120b-think,2025-08-05,gpt-oss,openai,0,0.5641110154555697,120.0,83.97248077871677,-0.155044262415297,1.429039595915029,56,24,14,2025-07-28,True,"{""coefficient_0"": -1.2891213775852768, ""coefficient_1"": 5.696145391918314, ""coefficient_2"": 0.26087457650948775}"
nonthinking,inverse_accuracy_date_moe,gpt-oss-120b,gpt-oss-120b,gpt-oss-120b-think,2025-08-05,gpt-oss,openai,0,0.5641110154555697,120.0,90.32636159407588,-0.12336672913347901,1.3285158162273443,56,24,14,2025-07-28,True,"{""coefficient_0"": -1.3290827653003414, ""coefficient_1"": 5.699819575059765, ""coefficient_2"": 0.043658215653882275, ""coefficient_3"": 0.2508050507369213}"
nonthinking,forward_inverse,gpt-oss-20b,gpt-oss-20b,gpt-oss-20b-think,2025-08-05,gpt-oss,openai,0,0.4349403974815957,20.0,17.49442298910285,-0.05813037275366861,1.1432214719203861,56,24,14,2025-07-28,True,"{""intercept"": 0.24899789977559136, ""slope"": 0.14960379283936906}"
nonthinking,inverse_accuracy,gpt-oss-20b,gpt-oss-20b,gpt-oss-20b-think,2025-08-05,gpt-oss,openai,0,0.4349403974815957,20.0,17.626726563858167,-0.05485832813210645,1.1346406224402434,56,24,14,2025-07-28,True,"{""coefficient_0"": -1.4276153268439067, ""coefficient_1"": 6.1474790795649685}"
nonthinking,inverse_accuracy_date,gpt-oss-20b,gpt-oss-20b,gpt-oss-20b-think,2025-08-05,gpt-oss,openai,0,0.4349403974815957,20.0,20.051467580857302,0.0011161687706742196,1.002573379042865,56,24,14,2025-07-28,True,"{""coefficient_0"": -1.4944945017453095, ""coefficient_1"": 6.12091938522126, ""coefficient_2"": 0.08434987845858975}"
nonthinking,inverse_accuracy_moe,gpt-oss-20b,gpt-oss-20b,gpt-oss-20b-think,2025-08-05,gpt-oss,openai,0,0.4349403974815957,20.0,15.4298734191026,-0.1126676323753466,1.2961869133183854,56,24,14,2025-07-28,True,"{""coefficient_0"": -1.2891213775852768, ""coefficient_1"": 5.696145391918314, ""coefficient_2"": 0.26087457650948775}"
nonthinking,inverse_accuracy_date_moe,gpt-oss-20b,gpt-oss-20b,gpt-oss-20b-think,2025-08-05,gpt-oss,openai,0,0.4349403974815957,20.0,16.5792660221656,-0.08146469560045966,1.2063260202991533,56,24,14,2025-07-28,True,"{""coefficient_0"": -1.3290827653003414, ""coefficient_1"": 5.699819575059765, ""coefficient_2"": 0.043658215653882275, ""coefficient_3"": 0.2508050507369213}"
nonthinking,forward_inverse,nemotron-nano-9b-v2,nemotron-nano-9b-v2,nemotron-nano-9b-v2,2025-08-15,nemotron,nvidia,0,0.3399089942025593,9.0,4.04394654915313,-0.3474371027679528,2.225548703625855,56,24,14,2025-08-05,True,"{""intercept"": 0.24904843988505895, ""slope"": 0.14973590102948403}"
nonthinking,inverse_accuracy,nemotron-nano-9b-v2,nemotron-nano-9b-v2,nemotron-nano-9b-v2,2025-08-15,nemotron,nvidia,0,0.3399089942025593,9.0,4.565812877436914,-0.29472440078748463,1.971171452180117,56,24,14,2025-08-05,True,"{""coefficient_0"": -1.43301761821952, ""coefficient_1"": 6.156164628066216}"
nonthinking,inverse_accuracy_date,nemotron-nano-9b-v2,nemotron-nano-9b-v2,nemotron-nano-9b-v2,2025-08-15,nemotron,nvidia,0,0.3399089942025593,9.0,5.1596867827174915,-0.24161917073190675,1.7442919268172905,56,24,14,2025-08-05,True,"{""coefficient_0"": -1.4916631238772826, ""coefficient_1"": 6.126871568558085, ""coefficient_2"": 0.07509077891367877}"
nonthinking,inverse_accuracy_moe,nemotron-nano-9b-v2,nemotron-nano-9b-v2,nemotron-nano-9b-v2,2025-08-15,nemotron,nvidia,0,0.3399089942025593,9.0,4.409816414221871,-0.30982199977874403,2.04090128808414,56,24,14,2025-08-05,True,"{""coefficient_0"": -1.294647993936481, ""coefficient_1"": 5.70466959294854, ""coefficient_2"": 0.26133828539476833}"
nonthinking,inverse_accuracy_date_moe,nemotron-nano-9b-v2,nemotron-nano-9b-v2,nemotron-nano-9b-v2,2025-08-15,nemotron,nvidia,0,0.3399089942025593,9.0,4.770438164451092,-0.2756842386457864,1.886619151059802,56,24,14,2025-08-05,True,"{""coefficient_0"": -1.3360170594297311, ""coefficient_1"": 5.699705269721477, ""coefficient_2"": 0.04762702346575828, ""coefficient_3"": 0.2534574911399208}"
nonthinking,forward_inverse,hermes-4-405b,hermes-4-405b,hermes-4-405b,2025-08-26,llama,meta,0,0.5220898311567072,405.0,69.10484370925171,-0.7679465341259202,5.860660096475684,50,22,14,2025-08-15,True,"{""intercept"": 0.24683286167957524, ""slope"": 0.14963615069451952}"
nonthinking,inverse_accuracy,hermes-4-405b,hermes-4-405b,hermes-4-405b,2025-08-26,llama,meta,0,0.5220898311567072,405.0,62.221698607489955,-0.8135131603540633,6.508983346064554,50,22,14,2025-08-15,True,"{""coefficient_0"": -1.414768681576434, ""coefficient_1"": 6.145897416404445}"
nonthinking,inverse_accuracy_date,hermes-4-405b,hermes-4-405b,hermes-4-405b,2025-08-26,llama,meta,0,0.5220898311567072,405.0,66.83564110904013,-0.7824469049140215,6.059641132779082,50,22,14,2025-08-15,True,"{""coefficient_0"": -1.4584698262048577, ""coefficient_1"": 6.129781698157038, ""coefficient_2"": 0.050384664252086785}"
nonthinking,inverse_accuracy_moe,hermes-4-405b,hermes-4-405b,hermes-4-405b,2025-08-26,llama,meta,0,0.5220898311567072,405.0,53.134161103068415,-0.882081195007965,7.6222150042868,50,22,14,2025-08-15,True,"{""coefficient_0"": -1.314701705428878, ""coefficient_1"": 5.822897425334247, ""coefficient_2"": 0.18708699012475705}"
nonthinking,inverse_accuracy_date_moe,hermes-4-405b,hermes-4-405b,hermes-4-405b,2025-08-26,llama,meta,0,0.5220898311567072,405.0,56.9740193294207,-0.8517781646318747,7.108503222465525,50,22,14,2025-08-15,True,"{""coefficient_0"": -1.3573428970929378, ""coefficient_1"": 5.808535921305492, ""coefficient_2"": 0.04872557189370835, ""coefficient_3"": 0.1863782909812451}"
nonthinking,forward_inverse,qwen3-next-80b-a3b,qwen3-next-80b-a3b,qwen3-next-80b-a3b,2025-09-11,qwen3,alibaba,1,0.5639248701915196,80.0,134.41442096393484,0.22535587851962258,1.680180262049186,50,22,14,2025-08-26,True,"{""intercept"": 0.25874312305784347, ""slope"": 0.1433824332010091}"
nonthinking,inverse_accuracy,qwen3-next-80b-a3b,qwen3-next-80b-a3b,qwen3-next-80b-a3b,2025-09-11,qwen3,alibaba,1,0.5639248701915196,80.0,114.43767961493978,0.15547905629853376,1.4304709951867474,50,22,14,2025-08-26,True,"{""coefficient_0"": -1.5195234641328152, ""coefficient_1"": 6.3449808592554255}"
nonthinking,inverse_accuracy_date,qwen3-next-80b-a3b,qwen3-next-80b-a3b,qwen3-next-80b-a3b,2025-09-11,qwen3,alibaba,1,0.5639248701915196,80.0,142.13874392547743,0.2496224862880665,1.7767342990684682,50,22,14,2025-08-26,True,"{""coefficient_0"": -1.6200529978634348, ""coefficient_1"": 6.284960155972914, ""coefficient_2"": 0.1348416443583384}"
nonthinking,inverse_accuracy_moe,qwen3-next-80b-a3b,qwen3-next-80b-a3b,qwen3-next-80b-a3b,2025-09-11,qwen3,alibaba,1,0.5639248701915196,80.0,139.46920315781773,0.24138833262342296,1.7433650394727218,50,22,14,2025-08-26,True,"{""coefficient_0"": -1.4306808946881635, ""coefficient_1"": 6.076770041164275, ""coefficient_2"": 0.14831745765625093}"
nonthinking,inverse_accuracy_date_moe,qwen3-next-80b-a3b,qwen3-next-80b-a3b,qwen3-next-80b-a3b,2025-09-11,qwen3,alibaba,1,0.5639248701915196,80.0,169.49098641441125,0.3260566202399595,2.1186373301801407,50,22,14,2025-08-26,True,"{""coefficient_0"": -1.532771161715139, ""coefficient_1"": 6.036593959077221, ""coefficient_2"": 0.1292282708981894, ""coefficient_3"": 0.13872532351574354}"
nonthinking,forward_inverse,deepseek-v3.2,deepseek-v3.2,deepseek-v3.2-think|deepseek-v3.2,2025-09-29,deepseek,deepseek,1,0.6590764404456377,671.0,650.0177475032168,-0.013797305776148239,1.0322795071017339,57,23,14,2025-09-11,True,"{""intercept"": 0.25143931327644947, ""slope"": 0.14491573579113967}"
nonthinking,inverse_accuracy,deepseek-v3.2,deepseek-v3.2,deepseek-v3.2-think|deepseek-v3.2,2025-09-29,deepseek,deepseek,1,0.6590764404456377,671.0,456.91541589721544,-0.16688670917796022,1.4685431409277367,57,23,14,2025-09-11,True,"{""coefficient_0"": -1.4402941890414251, ""coefficient_1"": 6.221023463166326}"
nonthinking,inverse_accuracy_date,deepseek-v3.2,deepseek-v3.2,deepseek-v3.2-think|deepseek-v3.2,2025-09-29,deepseek,deepseek,1,0.6590764404456377,671.0,552.9767443685656,-0.0840156528873992,1.213432584341685,57,23,14,2025-09-11,True,"{""coefficient_0"": -1.5397628427967085, ""coefficient_1"": 6.162529993607296, ""coefficient_2"": 0.12665710474719624}"
nonthinking,inverse_accuracy_moe,deepseek-v3.2,deepseek-v3.2,deepseek-v3.2-think|deepseek-v3.2,2025-09-29,deepseek,deepseek,1,0.6590764404456377,671.0,548.4226477892064,-0.08760713895526262,1.2235089172646783,57,23,14,2025-09-11,True,"{""coefficient_0"": -1.349159184179638, ""coefficient_1"": 5.9205916789470265, ""coefficient_2"": 0.1861520763008994}"
nonthinking,inverse_accuracy_date_moe,deepseek-v3.2,deepseek-v3.2,deepseek-v3.2-think|deepseek-v3.2,2025-09-29,deepseek,deepseek,1,0.6590764404456377,671.0,632.2740919192015,-0.02581713365397098,1.0612486081206491,57,23,14,2025-09-11,True,"{""coefficient_0"": -1.4440455404881407, ""coefficient_1"": 5.904170185127601, ""coefficient_2"": 0.10791482400054987, ""coefficient_3"": 0.16544682272829814}"
nonthinking,forward_inverse,glm-4.6,glm-4.6,glm-4.6-think,2025-09-30,glm,zhipu,1,0.7216731401682547,357.0,1742.7019840589248,0.6885549095264318,4.881518162630042,59,24,14,2025-09-29,True,"{""intercept"": 0.25002489436973263, ""slope"": 0.1455155129764762}"
nonthinking,inverse_accuracy,glm-4.6,glm-4.6,glm-4.6-think,2025-09-30,glm,zhipu,1,0.7216731401682547,357.0,1171.335809334831,0.5160132043518808,3.281052687212412,59,24,14,2025-09-29,True,"{""coefficient_0"": -1.4469315304441732, ""coefficient_1"": 6.2571442659698455}"
nonthinking,inverse_accuracy_date,glm-4.6,glm-4.6,glm-4.6-think,2025-09-30,glm,zhipu,1,0.7216731401682547,357.0,1495.541000151095,0.6221301075709569,4.189190476613711,59,24,14,2025-09-29,True,"{""coefficient_0"": -1.5765223984467067, ""coefficient_1"": 6.196995199015914, ""coefficient_2"": 0.15979157214732584}"
nonthinking,inverse_accuracy_moe,glm-4.6,glm-4.6,glm-4.6-think,2025-09-30,glm,zhipu,1,0.7216731401682547,357.0,1359.9824260173448,0.5808650802484618,3.8094745826816383,59,24,14,2025-09-29,True,"{""coefficient_0"": -1.3378266235677034, ""coefficient_1"": 5.904941065654591, ""coefficient_2"": 0.20992255856893}"
nonthinking,inverse_accuracy_date_moe,glm-4.6,glm-4.6,glm-4.6-think,2025-09-30,glm,zhipu,1,0.7216731401682547,357.0,1661.3100885679087,0.6677824862879689,4.653529659854087,59,24,14,2025-09-29,True,"{""coefficient_0"": -1.464439013667809, ""coefficient_1"": 5.889962759488244, ""coefficient_2"": 0.1414956737221362, ""coefficient_3"": 0.18710439736476286}"
nonthinking,forward_inverse,olmo-3.1-32b,olmo-3.1-32b,olmo-3.1-32b,2025-11-20,olmo,allenai,0,0.4148666957648695,32.0,13.036852574377079,-0.38997722393092293,2.4545801847060478,63,25,15,2025-09-30,True,"{""intercept"": 0.2483471263671117, ""slope"": 0.14932176987142762}"
nonthinking,inverse_accuracy,olmo-3.1-32b,olmo-3.1-32b,olmo-3.1-32b,2025-11-20,olmo,allenai,0,0.4148666957648695,32.0,13.732992026734664,-0.3673848104103934,2.330154997374505,63,25,15,2025-09-30,True,"{""coefficient_0"": -1.39111884290019, ""coefficient_1"": 6.095654427375334}"
nonthinking,inverse_accuracy_date,olmo-3.1-32b,olmo-3.1-32b,olmo-3.1-32b,2025-11-20,olmo,allenai,0,0.4148666957648695,32.0,17.145466023155716,-0.271000684346669,1.8663826318154653,63,25,15,2025-09-30,True,"{""coefficient_0"": -1.4677258608132329, ""coefficient_1"": 6.024696465669914, ""coefficient_2"": 0.10731100083713259}"
nonthinking,inverse_accuracy_moe,olmo-3.1-32b,olmo-3.1-32b,olmo-3.1-32b,2025-11-20,olmo,allenai,0,0.4148666957648695,32.0,12.799736469870638,-0.39794895014541076,2.5000514717881077,63,25,15,2025-09-30,True,"{""coefficient_0"": -1.294818600465313, ""coefficient_1"": 5.789858894822401, ""coefficient_2"": 0.16558690371530968}"
nonthinking,inverse_accuracy_date_moe,olmo-3.1-32b,olmo-3.1-32b,olmo-3.1-32b,2025-11-20,olmo,allenai,0,0.4148666957648695,32.0,15.475228767373707,-0.3155129004872863,2.067820804527642,63,25,15,2025-09-30,True,"{""coefficient_0"": -1.3686409600212197, ""coefficient_1"": 5.7670172581586385, ""coefficient_2"": 0.08785860457754735, ""coefficient_3"": 0.14649719009925877}"
nonthinking,forward_inverse,nemotron-3-nano-30b,nemotron-3-nano-30b,nemotron-3-nano-30b,2025-12-15,nemotron,nvidia,1,0.4516318031088476,30.0,22.93894450492547,-0.11654782398930963,1.3078195465165527,61,25,15,2025-11-20,True,"{""intercept"": 0.24919094611850556, ""slope"": 0.14879083511256885}"
nonthinking,inverse_accuracy,nemotron-3-nano-30b,nemotron-3-nano-30b,nemotron-3-nano-30b,2025-12-15,nemotron,nvidia,1,0.4516318031088476,30.0,22.949001170336306,-0.11635746661767632,1.307246436449607,61,25,15,2025-11-20,True,"{""coefficient_0"": -1.401114074332653, ""coefficient_1"": 6.115330770381997}"
nonthinking,inverse_accuracy_date,nemotron-3-nano-30b,nemotron-3-nano-30b,nemotron-3-nano-30b,2025-12-15,nemotron,nvidia,1,0.4516318031088476,30.0,29.104862667582342,-0.013155700329200659,1.0307555937521973,61,25,15,2025-11-20,True,"{""coefficient_0"": -1.4776154452022818, ""coefficient_1"": 6.036600589898794, ""coefficient_2"": 0.11011734536505716}"
nonthinking,inverse_accuracy_moe,nemotron-3-nano-30b,nemotron-3-nano-30b,nemotron-3-nano-30b,2025-12-15,nemotron,nvidia,1,0.4516318031088476,30.0,30.471504000524472,0.006772635768472757,1.0157168000174825,61,25,15,2025-11-20,True,"{""coefficient_0"": -1.3029755434152333, ""coefficient_1"": 5.801392874501658, ""coefficient_2"": 0.16677590944936443}"
nonthinking,inverse_accuracy_date_moe,nemotron-3-nano-30b,nemotron-3-nano-30b,nemotron-3-nano-30b,2025-12-15,nemotron,nvidia,1,0.4516318031088476,30.0,36.13223325722654,0.08077355050504598,1.2044077752408848,61,25,15,2025-11-20,True,"{""coefficient_0"": -1.378472977500369, ""coefficient_1"": 5.7689153452689785, ""coefficient_2"": 0.09327757815871586, ""coefficient_3"": 0.1486007585394464}"
nonthinking,forward_inverse,mimo-v2-flash,mimo-v2-flash,mimo-v2-flash-think|mimo-v2-flash,2025-12-16,mimo,xiaomi,1,0.6458901469261518,309.0,469.54272460897175,0.1817166362778524,1.519555743071106,65,26,16,2025-12-15,True,"{""intercept"": 0.24743240067489686, ""slope"": 0.14914154191478296}"
nonthinking,inverse_accuracy,mimo-v2-flash,mimo-v2-flash,mimo-v2-flash-think|mimo-v2-flash,2025-12-16,mimo,xiaomi,1,0.6458901469261518,309.0,355.97680989960463,0.06146322736636156,1.1520285110019568,65,26,16,2025-12-15,True,"{""coefficient_0"": -1.379018487619211, ""coefficient_1"": 6.085307560605653}"
nonthinking,inverse_accuracy_date,mimo-v2-flash,mimo-v2-flash,mimo-v2-flash-think|mimo-v2-flash,2025-12-16,mimo,xiaomi,1,0.6458901469261518,309.0,447.48484566071767,0.16081985283632916,1.4481710215557206,65,26,16,2025-12-15,True,"{""coefficient_0"": -1.473422385288335, ""coefficient_1"": 6.005664289647298, ""coefficient_2"": 0.12525844018266155}"
nonthinking,inverse_accuracy_moe,mimo-v2-flash,mimo-v2-flash,mimo-v2-flash-think|mimo-v2-flash,2025-12-16,mimo,xiaomi,1,0.6458901469261518,309.0,407.6457116291569,0.12032439854739518,1.3192417852076277,65,26,16,2025-12-15,True,"{""coefficient_0"": -1.2897186783965928, ""coefficient_1"": 5.797813799719746, ""coefficient_2"": 0.15525074941736577}"
nonthinking,inverse_accuracy_date_moe,mimo-v2-flash,mimo-v2-flash,mimo-v2-flash-think|mimo-v2-flash,2025-12-16,mimo,xiaomi,1,0.6458901469261518,309.0,482.35324295170386,0.19340672328886654,1.5610137312352876,65,26,16,2025-12-15,True,"{""coefficient_0"": -1.385468376536177, ""coefficient_1"": 5.782768315701267, ""coefficient_2"": 0.10557826266489312, ""coefficient_3"": 0.1271243685597929}"
nonthinking,forward_inverse,glm-4.7,glm-4.7,glm-4.7-think,2025-12-22,glm,zhipu,1,0.7231556012382313,358.0,1770.6368299977594,0.6942464668432766,4.945912932954633,62,26,16,2025-12-16,True,"{""intercept"": 0.24875858329198702, ""slope"": 0.14605237226454834}"
nonthinking,inverse_accuracy,glm-4.7,glm-4.7,glm-4.7-think,2025-12-22,glm,zhipu,1,0.7231556012382313,358.0,1192.6149171000286,0.5226172105088214,3.331326584078291,62,26,16,2025-12-16,True,"{""coefficient_0"": -1.4299885493907947, ""coefficient_1"": 6.231700036378346}"
nonthinking,inverse_accuracy_date,glm-4.7,glm-4.7,glm-4.7-think,2025-12-22,glm,zhipu,1,0.7231556012382313,358.0,1589.0969860480893,0.6472673773099666,4.43881839678237,62,26,16,2025-12-16,True,"{""coefficient_0"": -1.5528239815584308, ""coefficient_1"": 6.1529150881485934, ""coefficient_2"": 0.15423548811171492}"
nonthinking,inverse_accuracy_moe,glm-4.7,glm-4.7,glm-4.7-think,2025-12-22,glm,zhipu,1,0.7231556012382313,358.0,1335.3028101422776,0.5716967363312007,3.7298961177158576,62,26,16,2025-12-16,True,"{""coefficient_0"": -1.3308773061136936, ""coefficient_1"": 5.908493507620439, ""coefficient_2"": 0.18369689417332397}"
nonthinking,inverse_accuracy_date_moe,glm-4.7,glm-4.7,glm-4.7-think,2025-12-22,glm,zhipu,1,0.7231556012382313,358.0,1671.9797801532575,0.6693479944130925,4.670334581433678,62,26,16,2025-12-16,True,"{""coefficient_0"": -1.4552549866837332, ""coefficient_1"": 5.902541313368681, ""coefficient_2"": 0.13241941493306258, ""coefficient_3"": 0.14863553926630463}"
nonthinking,forward_inverse,glm-4.7-flash,glm-4.7-flash,glm-4.7-flash-think,2025-12-22,glm,zhipu,1,0.5399956932730218,30.0,98.64144567284276,0.5169381738633232,3.2880481890947593,62,26,16,2025-12-16,True,"{""intercept"": 0.24875858329198702, ""slope"": 0.14605237226454834}"
nonthinking,inverse_accuracy,glm-4.7-flash,glm-4.7-flash,glm-4.7-flash-think,2025-12-22,glm,zhipu,1,0.5399956932730218,30.0,86.11972453814386,0.45798137730318267,2.870657484604796,62,26,16,2025-12-16,True,"{""coefficient_0"": -1.4299885493907947, ""coefficient_1"": 6.231700036378346}"
nonthinking,inverse_accuracy_date,glm-4.7-flash,glm-4.7-flash,glm-4.7-flash-think,2025-12-22,glm,zhipu,1,0.5399956932730218,30.0,118.62686210810486,0.597061787971134,3.954228736936829,62,26,16,2025-12-16,True,"{""coefficient_0"": -1.5528239815584308, ""coefficient_1"": 6.1529150881485934, ""coefficient_2"": 0.15423548811171492}"
nonthinking,inverse_accuracy_moe,glm-4.7-flash,glm-4.7-flash,glm-4.7-flash-think,2025-12-22,glm,zhipu,1,0.5399956932730218,30.0,110.50467099921356,0.5662593811866155,3.683489033307119,62,26,16,2025-12-16,True,"{""coefficient_0"": -1.3308773061136936, ""coefficient_1"": 5.908493507620439, ""coefficient_2"": 0.18369689417332397}"
nonthinking,inverse_accuracy_date_moe,glm-4.7-flash,glm-4.7-flash,glm-4.7-flash-think,2025-12-22,glm,zhipu,1,0.5399956932730218,30.0,138.71457555407815,0.6650008426198497,4.623819185135939,62,26,16,2025-12-16,True,"{""coefficient_0"": -1.4552549866837332, ""coefficient_1"": 5.902541313368681, ""coefficient_2"": 0.13241941493306258, ""coefficient_3"": 0.14863553926630463}"
nonthinking,forward_inverse,kimi-k2.5,kimi-k2.5,kimi-k2.5-think,2026-01-27,kimi,moonshot,1,0.7420918996908663,1040.0,1825.1144117406068,0.2442567551540744,1.7549177035967376,67,26,16,2025-12-22,True,"{""intercept"": 0.2464503146872092, ""slope"": 0.15197715341137435}"
nonthinking,inverse_accuracy,kimi-k2.5,kimi-k2.5,kimi-k2.5-think,2026-01-27,kimi,moonshot,1,0.7420918996908663,1040.0,1191.5926214734213,0.05909446603366941,1.1457621360321362,67,26,16,2025-12-22,True,"{""coefficient_0"": -1.3256198237416226, ""coefficient_1"": 5.931539787602737}"
nonthinking,inverse_accuracy_date,kimi-k2.5,kimi-k2.5,kimi-k2.5-think,2026-01-27,kimi,moonshot,1,0.7420918996908663,1040.0,1328.1464377359678,0.10621262247608332,1.2770638824384308,67,26,16,2025-12-22,True,"{""coefficient_0"": -1.368050269635995, ""coefficient_1"": 5.875197145204423, ""coefficient_2"": 0.06338077625092084}"
nonthinking,inverse_accuracy_moe,kimi-k2.5,kimi-k2.5,kimi-k2.5-think,2026-01-27,kimi,moonshot,1,0.7420918996908663,1040.0,1237.7161635545228,0.0755877232083404,1.1901116957255031,67,26,16,2025-12-22,True,"{""coefficient_0"": -1.2653300229330036, ""coefficient_1"": 5.737008776848242, ""coefficient_2"": 0.10056334368563921}"
nonthinking,inverse_accuracy_date_moe,kimi-k2.5,kimi-k2.5,kimi-k2.5-think,2026-01-27,kimi,moonshot,1,0.7420918996908663,1040.0,1333.777262066794,0.10804997009282546,1.2824781366026867,67,26,16,2025-12-22,True,"{""coefficient_0"": -1.306984966934903, ""coefficient_1"": 5.727090235428342, ""coefficient_2"": 0.04733415113394706, ""coefficient_3"": 0.08393846471066671}"
nonthinking,forward_inverse,step-3.5-flash,step-3.5-flash,step-3.5-flash-think,2026-01-29,step,stepfun,1,0.6602120640689685,197.0,517.3352771830133,0.419305867873911,2.6260673968680877,69,27,17,2026-01-27,True,"{""intercept"": 0.2457960066078143, ""slope"": 0.15270849691909774}"
nonthinking,inverse_accuracy,step-3.5-flash,step-3.5-flash,step-3.5-flash-think,2026-01-29,step,stepfun,1,0.6602120640689685,197.0,395.5091948119521,0.30269035828316415,2.0076608873703155,69,27,17,2026-01-27,True,"{""coefficient_0"": -1.3336507493374996, ""coefficient_1"": 5.95385565897752}"
nonthinking,inverse_accuracy_date,step-3.5-flash,step-3.5-flash,step-3.5-flash-think,2026-01-29,step,stepfun,1,0.6602120640689685,197.0,441.09477918973164,0.35006569132547716,2.2390597928412777,69,27,17,2026-01-27,True,"{""coefficient_0"": -1.370603217511296, ""coefficient_1"": 5.88878637239905, ""coefficient_2"": 0.06125388273516358}"
nonthinking,inverse_accuracy_moe,step-3.5-flash,step-3.5-flash,step-3.5-flash-think,2026-01-29,step,stepfun,1,0.6602120640689685,197.0,425.44857233825536,0.3343808444880243,2.1596374230368296,69,27,17,2026-01-27,True,"{""coefficient_0"": -1.268123548239007, ""coefficient_1"": 5.743973505608187, ""coefficient_2"": 0.10473001479357445}"
nonthinking,inverse_accuracy_date_moe,step-3.5-flash,step-3.5-flash,step-3.5-flash-think,2026-01-29,step,stepfun,1,0.6602120640689685,197.0,454.9963359344926,0.36354167315521524,2.309626070733465,69,27,17,2026-01-27,True,"{""coefficient_0"": -1.3047682184766303, ""coefficient_1"": 5.729543264524516, ""coefficient_2"": 0.044014202347834944, ""coefficient_3"": 0.0885997551751066}"
nonthinking,forward_inverse,glm-5,glm-5,glm-5-think|glm-5,2026-02-11,glm,zhipu,1,0.7371897607601098,744.0,1965.0149977938831,0.42179293389038497,2.641149190583177,64,27,17,2026-01-29,True,"{""intercept"": 0.24687655935280875, ""slope"": 0.148879055909822}"
nonthinking,inverse_accuracy,glm-5,glm-5,glm-5-think|glm-5,2026-02-11,glm,zhipu,1,0.7371897607601098,744.0,1339.4691029448288,0.2553597647982553,1.8003616975064909,64,27,17,2026-01-29,True,"{""coefficient_0"": -1.3941720152793506, ""coefficient_1"": 6.132891361597065}"
nonthinking,inverse_accuracy_date,glm-5,glm-5,glm-5-think|glm-5,2026-02-11,glm,zhipu,1,0.7371897607601098,744.0,1642.2522548470629,0.34386693128983126,2.207328299525623,64,27,17,2026-01-29,True,"{""coefficient_0"": -1.4670839356195005, ""coefficient_1"": 6.040443210478286, ""coefficient_2"": 0.1086149967889477}"
nonthinking,inverse_accuracy_moe,glm-5,glm-5,glm-5-think|glm-5,2026-02-11,glm,zhipu,1,0.7371897607601098,744.0,1441.4526880412357,0.28722745681842987,1.9374364086575755,64,27,17,2026-01-29,True,"{""coefficient_0"": -1.3026918576033222, ""coefficient_1"": 5.837828198007942, ""coefficient_2"": 0.15790507731953318}"
nonthinking,inverse_accuracy_date_moe,glm-5,glm-5,glm-5-think|glm-5,2026-02-11,glm,zhipu,1,0.7371897607601098,744.0,1675.5600873734268,0.35258707116841226,2.2520968916309507,64,27,17,2026-01-29,True,"{""coefficient_0"": -1.3775175282225198, ""coefficient_1"": 5.816212802996223, ""coefficient_2"": 0.08717845575373796, ""coefficient_3"": 0.12976281210484944}"
nonthinking,forward_inverse,qwen3.5-0.8b,qwen3.5-0.8b,qwen3.5-0.8b,2026-02-16,qwen,alibaba,0,0.14106944909567162,0.8,0.1836814662813075,-0.6390246494004848,4.355365928834665,60,25,17,2026-02-11,True,"{""intercept"": 0.2527548247086222, ""slope"": 0.15175990657571503}"
nonthinking,inverse_accuracy,qwen3.5-0.8b,qwen3.5-0.8b,qwen3.5-0.8b,2026-02-16,qwen,alibaba,0,0.14106944909567162,0.8,0.29243657139612744,-0.43705830351336034,2.735635957502523,60,25,17,2026-02-11,True,"{""coefficient_0"": -1.380040541720295, ""coefficient_1"": 5.997558157507811}"
nonthinking,inverse_accuracy_date,qwen3.5-0.8b,qwen3.5-0.8b,qwen3.5-0.8b,2026-02-16,qwen,alibaba,0,0.14106944909567162,0.8,0.32657820319348807,-0.38910279173730333,2.4496429711998364,60,25,17,2026-02-11,True,"{""coefficient_0"": -1.3936928044423669, ""coefficient_1"": 5.951975139291368, ""coefficient_2"": 0.03198318242090902}"
nonthinking,inverse_accuracy_moe,qwen3.5-0.8b,qwen3.5-0.8b,qwen3.5-0.8b,2026-02-16,qwen,alibaba,0,0.14106944909567162,0.8,0.30556204683923177,-0.4179905764596867,2.618126198182301,60,25,17,2026-02-11,True,"{""coefficient_0"": -1.346726000024162, ""coefficient_1"": 5.896566661944536, ""coefficient_2"": 0.04619477046456769}"
nonthinking,inverse_accuracy_date_moe,qwen3.5-0.8b,qwen3.5-0.8b,qwen3.5-0.8b,2026-02-16,qwen,alibaba,0,0.14106944909567162,0.8,0.33087651933955436,-0.38342403845731904,2.4178204050164664,60,25,17,2026-02-11,True,"{""coefficient_0"": -1.365127030487846, ""coefficient_1"": 5.882020113558587, ""coefficient_2"": 0.02586348037656381, ""coefficient_3"": 0.03598781303989188}"
nonthinking,forward_inverse,qwen3.5-397b-a17b,qwen3.5-397b-a17b,qwen3.5-397b-a17b-think,2026-02-16,qwen3.5,alibaba,1,0.6474298273907396,397.0,398.707095413143,0.001863457696257953,1.0042999884462038,60,25,17,2026-02-11,True,"{""intercept"": 0.2527548247086222, ""slope"": 0.15175990657571503}"
nonthinking,inverse_accuracy,qwen3.5-397b-a17b,qwen3.5-397b-a17b,qwen3.5-397b-a17b-think,2026-02-16,qwen3.5,alibaba,1,0.6474298273907396,397.0,318.3885938872802,-0.09583300580220566,1.2469039645953865,60,25,17,2026-02-11,True,"{""coefficient_0"": -1.380040541720295, ""coefficient_1"": 5.997558157507811}"
nonthinking,inverse_accuracy_date,qwen3.5-397b-a17b,qwen3.5-397b-a17b,qwen3.5-397b-a17b-think,2026-02-16,qwen3.5,alibaba,1,0.6474298273907396,397.0,337.1565322830555,-0.0709589283740577,1.1774946115138702,60,25,17,2026-02-11,True,"{""coefficient_0"": -1.3936928044423669, ""coefficient_1"": 5.951975139291368, ""coefficient_2"": 0.03198318242090902}"
nonthinking,inverse_accuracy_moe,qwen3.5-397b-a17b,qwen3.5-397b-a17b,qwen3.5-397b-a17b-think,2026-02-16,qwen3.5,alibaba,1,0.6474298273907396,397.0,328.9136571139635,-0.0817086001819689,1.207003696603713,60,25,17,2026-02-11,True,"{""coefficient_0"": -1.346726000024162, ""coefficient_1"": 5.896566661944536, ""coefficient_2"": 0.04619477046456769}"
nonthinking,inverse_accuracy_date_moe,qwen3.5-397b-a17b,qwen3.5-397b-a17b,qwen3.5-397b-a17b-think,2026-02-16,qwen3.5,alibaba,1,0.6474298273907396,397.0,342.03904991118844,-0.0647148153478736,1.1606861851098067,60,25,17,2026-02-11,True,"{""coefficient_0"": -1.365127030487846, ""coefficient_1"": 5.882020113558587, ""coefficient_2"": 0.02586348037656381, ""coefficient_3"": 0.03598781303989188}"
nonthinking,forward_inverse,qwen3.5-122b-a10b,qwen3.5-122b-a10b,qwen3.5-122b-a10b-think,2026-02-24,qwen3.5,alibaba,1,0.6129826881728565,122.0,236.41199754063797,0.2873096818622263,1.9378032585298186,60,25,17,2026-02-11,True,"{""intercept"": 0.2527548247086222, ""slope"": 0.15175990657571503}"
nonthinking,inverse_accuracy,qwen3.5-122b-a10b,qwen3.5-122b-a10b,qwen3.5-122b-a10b-think,2026-02-24,qwen3.5,alibaba,1,0.6129826881728565,122.0,197.86035326462937,0.20999894946713882,1.62180617430024,60,25,17,2026-02-11,True,"{""coefficient_0"": -1.380040541720295, ""coefficient_1"": 5.997558157507811}"
nonthinking,inverse_accuracy_date,qwen3.5-122b-a10b,qwen3.5-122b-a10b,qwen3.5-122b-a10b-think,2026-02-24,qwen3.5,alibaba,1,0.6129826881728565,122.0,210.62192784505734,0.2371437529190885,1.7264092446316168,60,25,17,2026-02-11,True,"{""coefficient_0"": -1.3936928044423669, ""coefficient_1"": 5.951975139291368, ""coefficient_2"": 0.03198318242090902}"
nonthinking,inverse_accuracy_moe,qwen3.5-122b-a10b,qwen3.5-122b-a10b,qwen3.5-122b-a10b-think,2026-02-24,qwen3.5,alibaba,1,0.6129826881728565,122.0,206.04498752573102,0.22760222319486534,1.6888933403748438,60,25,17,2026-02-11,True,"{""coefficient_0"": -1.346726000024162, ""coefficient_1"": 5.896566661944536, ""coefficient_2"": 0.04619477046456769}"
nonthinking,inverse_accuracy_date_moe,qwen3.5-122b-a10b,qwen3.5-122b-a10b,qwen3.5-122b-a10b-think,2026-02-24,qwen3.5,alibaba,1,0.6129826881728565,122.0,214.79462453594903,0.24566357780720693,1.7606116765241717,60,25,17,2026-02-11,True,"{""coefficient_0"": -1.365127030487846, ""coefficient_1"": 5.882020113558587, ""coefficient_2"": 0.02586348037656381, ""coefficient_3"": 0.03598781303989188}"
nonthinking,forward_inverse,qwen3.5-27b,qwen3.5-27b,qwen3.5-27b-think,2026-02-24,qwen3.5,alibaba,0,0.5182301413973918,27.0,56.145025283069536,0.3179475175814268,2.079445380854427,60,25,17,2026-02-11,True,"{""intercept"": 0.2527548247086222, ""slope"": 0.15175990657571503}"
nonthinking,inverse_accuracy,qwen3.5-27b,qwen3.5-27b,qwen3.5-27b-think,2026-02-24,qwen3.5,alibaba,0,0.5182301413973918,27.0,53.46565236707237,0.2967111061250711,1.9802093469286062,60,25,17,2026-02-11,True,"{""coefficient_0"": -1.380040541720295, ""coefficient_1"": 5.997558157507811}"
nonthinking,inverse_accuracy_date,qwen3.5-27b,qwen3.5-27b,qwen3.5-27b-think,2026-02-24,qwen3.5,alibaba,0,0.5182301413973918,27.0,57.48291465524327,0.32817501664274085,2.128996839083084,60,25,17,2026-02-11,True,"{""coefficient_0"": -1.3936928044423669, ""coefficient_1"": 5.951975139291368, ""coefficient_2"": 0.03198318242090902}"
nonthinking,inverse_accuracy_moe,qwen3.5-27b,qwen3.5-27b,qwen3.5-27b-think,2026-02-24,qwen3.5,alibaba,0,0.5182301413973918,27.0,51.174378262631336,0.27768881079551355,1.8953473430604197,60,25,17,2026-02-11,True,"{""coefficient_0"": -1.346726000024162, ""coefficient_1"": 5.896566661944536, ""coefficient_2"": 0.04619477046456769}"
nonthinking,inverse_accuracy_date_moe,qwen3.5-27b,qwen3.5-27b,qwen3.5-27b-think,2026-02-24,qwen3.5,alibaba,0,0.5182301413973918,27.0,54.78973621089391,0.3073354453388919,2.0292494892923667,60,25,17,2026-02-11,True,"{""coefficient_0"": -1.365127030487846, ""coefficient_1"": 5.882020113558587, ""coefficient_2"": 0.02586348037656381, ""coefficient_3"": 0.03598781303989188}"
nonthinking,forward_inverse,qwen3.5-35b-a3b,qwen3.5-35b-a3b,qwen3.5-35b-a3b-think,2026-02-24,qwen3.5,alibaba,1,0.5480560631819358,35.0,88.27645579716416,0.40177684404245584,2.522184451347547,60,25,17,2026-02-11,True,"{""intercept"": 0.2527548247086222, ""slope"": 0.15175990657571503}"
nonthinking,inverse_accuracy,qwen3.5-35b-a3b,qwen3.5-35b-a3b,qwen3.5-35b-a3b-think,2026-02-24,qwen3.5,alibaba,1,0.5480560631819358,35.0,80.71561697647083,0.36288952643786443,2.3061604850420236,60,25,17,2026-02-11,True,"{""coefficient_0"": -1.380040541720295, ""coefficient_1"": 5.997558157507811}"
nonthinking,inverse_accuracy_date,qwen3.5-35b-a3b,qwen3.5-35b-a3b,qwen3.5-35b-a3b-think,2026-02-24,qwen3.5,alibaba,1,0.5480560631819358,35.0,86.50912627863485,0.3929938814195073,2.4716893222467102,60,25,17,2026-02-11,True,"{""coefficient_0"": -1.3936928044423669, ""coefficient_1"": 5.951975139291368, ""coefficient_2"": 0.03198318242090902}"
nonthinking,inverse_accuracy_moe,qwen3.5-35b-a3b,qwen3.5-35b-a3b,qwen3.5-35b-a3b-think,2026-02-24,qwen3.5,alibaba,1,0.5480560631819358,35.0,85.33317042263666,0.3870498371253004,2.438090583503904,60,25,17,2026-02-11,True,"{""coefficient_0"": -1.346726000024162, ""coefficient_1"": 5.896566661944536, ""coefficient_2"": 0.04619477046456769}"
nonthinking,inverse_accuracy_date_moe,qwen3.5-35b-a3b,qwen3.5-35b-a3b,qwen3.5-35b-a3b-think,2026-02-24,qwen3.5,alibaba,1,0.5480560631819358,35.0,89.1504817558173,0.40605565002960886,2.5471566215947794,60,25,17,2026-02-11,True,"{""coefficient_0"": -1.365127030487846, ""coefficient_1"": 5.882020113558587, ""coefficient_2"": 0.02586348037656381, ""coefficient_3"": 0.03598781303989188}"
nonthinking,forward_inverse,qwen3.5-9b,qwen3.5-9b,qwen3.5-9b-think,2026-03-02,qwen3.5,alibaba,0,0.4410787792978433,9.0,17.415402527287547,0.28669100744620224,1.935044725254172,60,25,17,2026-02-11,True,"{""intercept"": 0.2527548247086222, ""slope"": 0.15175990657571503}"
nonthinking,inverse_accuracy,qwen3.5-9b,qwen3.5-9b,qwen3.5-9b-think,2026-03-02,qwen3.5,alibaba,0,0.4410787792978433,9.0,18.422776744641855,0.31111257972174744,2.046975193849095,60,25,17,2026-02-11,True,"{""coefficient_0"": -1.380040541720295, ""coefficient_1"": 5.997558157507811}"
nonthinking,inverse_accuracy_date,qwen3.5-9b,qwen3.5-9b,qwen3.5-9b-think,2026-03-02,qwen3.5,alibaba,0,0.4410787792978433,9.0,19.992227386890765,0.3466186732704212,2.2213585985434183,60,25,17,2026-02-11,True,"{""coefficient_0"": -1.3936928044423669, ""coefficient_1"": 5.951975139291368, ""coefficient_2"": 0.03198318242090902}"
nonthinking,inverse_accuracy_moe,qwen3.5-9b,qwen3.5-9b,qwen3.5-9b-think,2026-03-02,qwen3.5,alibaba,0,0.4410787792978433,9.0,17.95247891291425,0.2998819158353673,1.9947198792126941,60,25,17,2026-02-11,True,"{""coefficient_0"": -1.346726000024162, ""coefficient_1"": 5.896566661944536, ""coefficient_2"": 0.04619477046456769}"
nonthinking,inverse_accuracy_date_moe,qwen3.5-9b,qwen3.5-9b,qwen3.5-9b-think,2026-03-02,qwen3.5,alibaba,0,0.4410787792978433,9.0,19.2893772987597,0.33107569850121055,2.143264144306633,60,25,17,2026-02-11,True,"{""coefficient_0"": -1.365127030487846, ""coefficient_1"": 5.882020113558587, ""coefficient_2"": 0.02586348037656381, ""coefficient_3"": 0.03598781303989188}"
nonthinking,forward_inverse,nemotron-3-super-120b,nemotron-3-super-120b,nemotron-3-super-120b,2026-03-11,nemotron,nvidia,1,0.6085750050796771,120.0,210.06896004831052,0.24318063941101098,1.7505746670692548,73,28,17,2026-03-02,True,"{""intercept"": 0.2447147205345379, ""slope"": 0.1566768240658073}"
nonthinking,inverse_accuracy,nemotron-3-super-120b,nemotron-3-super-120b,nemotron-3-super-120b,2026-03-11,nemotron,nvidia,1,0.6085750050796771,120.0,176.09990778432405,0.1665778824990407,1.4674992315360345,73,28,17,2026-03-02,True,"{""coefficient_0"": -1.294753310284389, ""coefficient_1"": 5.817709254042591}"
nonthinking,inverse_accuracy_date,nemotron-3-super-120b,nemotron-3-super-120b,nemotron-3-super-120b,2026-03-11,nemotron,nvidia,1,0.6085750050796771,120.0,173.4826316468197,0.16007475551431627,1.4456885970568314,73,28,17,2026-03-02,True,"{""coefficient_0"": -1.2900876321802617, ""coefficient_1"": 5.8277586005517765, ""coefficient_2"": -0.007891493883160303}"
nonthinking,inverse_accuracy_moe,nemotron-3-super-120b,nemotron-3-super-120b,nemotron-3-super-120b,2026-03-11,nemotron,nvidia,1,0.6085750050796771,120.0,192.33105053709778,0.2048681577349334,1.6027587544758153,73,28,17,2026-03-02,True,"{""coefficient_0"": -1.2280962941764824, ""coefficient_1"": 5.602462096164518, ""coefficient_2"": 0.10262729932701989}"
nonthinking,inverse_accuracy_date_moe,nemotron-3-super-120b,nemotron-3-super-120b,nemotron-3-super-120b,2026-03-11,nemotron,nvidia,1,0.6085750050796771,120.0,184.7201840078042,0.18733310648132084,1.5393348667317022,73,28,17,2026-03-02,True,"{""coefficient_0"": -1.2059546930383553, ""coefficient_1"": 5.613705752741273, ""coefficient_2"": -0.02599830417919768, ""coefficient_3"": 0.11305162062586034}"
nonthinking,forward_inverse,minimax-m2.7,minimax-m2.7,minimax-m2.7-think,2026-03-18,minimax,minimax,1,0.5684531989075449,230.0,117.40486385522914,-0.29204174675735173,1.9590329774038238,78,29,18,2026-03-11,True,"{""intercept"": 0.24275127487025416, ""slope"": 0.15736778911902766}"
nonthinking,inverse_accuracy,minimax-m2.7,minimax-m2.7,minimax-m2.7-think,2026-03-18,minimax,minimax,1,0.5684531989075449,230.0,103.52728143761728,-0.346673026161211,2.221636623758848,78,29,18,2026-03-11,True,"{""coefficient_0"": -1.2700051741104272, ""coefficient_1"": 5.778945373656174}"
nonthinking,inverse_accuracy_date,minimax-m2.7,minimax-m2.7,minimax-m2.7-think,2026-03-18,minimax,minimax,1,0.5684531989075449,230.0,103.46190545307365,-0.3469473634897149,2.2230404417239273,78,29,18,2026-03-11,True,"{""coefficient_0"": -1.269810452121952, ""coefficient_1"": 5.779341214679166, ""coefficient_2"": -0.00031414053253991887}"
nonthinking,inverse_accuracy_moe,minimax-m2.7,minimax-m2.7,minimax-m2.7-think,2026-03-18,minimax,minimax,1,0.5684531989075449,230.0,113.41637940291015,-0.30705205685208714,2.0279257829499935,78,29,18,2026-03-11,True,"{""coefficient_0"": -1.213355057395978, ""coefficient_1"": 5.595559420066701, ""coefficient_2"": 0.08721718454732127}"
nonthinking,inverse_accuracy_date_moe,minimax-m2.7,minimax-m2.7,minimax-m2.7-think,2026-03-18,minimax,minimax,1,0.5684531989075449,230.0,110.22288109799943,-0.31945607722680025,2.0866810748260747,78,29,18,2026-03-11,True,"{""coefficient_0"": -1.1959692008351301, ""coefficient_1"": 5.600680137374729, ""coefficient_2"": -0.01879649133413434, ""coefficient_3"": 0.0960462442730568}"
nonthinking,forward_inverse,gemma-4-26b-a4b,gemma-4-26b-a4b,gemma-4-26b-a4b,2026-04-02,gemma4,google,1,0.45207035825086234,26.0,21.040132596499543,-0.09192487552397322,1.235733657131307,71,26,18,2026-03-18,True,"{""intercept"": 0.2465165063935536, ""slope"": 0.1553638102745832}"
nonthinking,inverse_accuracy,gemma-4-26b-a4b,gemma-4-26b-a4b,gemma-4-26b-a4b,2026-04-02,gemma4,google,1,0.45207035825086234,26.0,22.35473511030805,-0.06560381985547692,1.1630645530669284,71,26,18,2026-03-18,True,"{""coefficient_0"": -1.2553695893402002, ""coefficient_1"": 5.7618002815617535}"
nonthinking,inverse_accuracy_date,gemma-4-26b-a4b,gemma-4-26b-a4b,gemma-4-26b-a4b,2026-04-02,gemma4,google,1,0.45207035825086234,26.0,23.460231387611255,-0.044641056735758466,1.108258463884117,71,26,18,2026-03-18,True,"{""coefficient_0"": -1.2661162481816763, ""coefficient_1"": 5.7333889979848545, ""coefficient_2"": 0.0197969592871395}"
nonthinking,inverse_accuracy_moe,gemma-4-26b-a4b,gemma-4-26b-a4b,gemma-4-26b-a4b,2026-04-02,gemma4,google,1,0.45207035825086234,26.0,26.78436341683123,0.012907980996682333,1.030167823724278,71,26,18,2026-03-18,True,"{""coefficient_0"": -1.1772946312003927, ""coefficient_1"": 5.511649509726823, ""coefficient_2"": 0.11352259175249849}"
nonthinking,inverse_accuracy_date_moe,gemma-4-26b-a4b,gemma-4-26b-a4b,gemma-4-26b-a4b,2026-04-02,gemma4,google,1,0.45207035825086234,26.0,26.65806452459249,0.010855266844354228,1.0253101740227881,71,26,18,2026-03-18,True,"{""coefficient_0"": -1.1748174073537387, ""coefficient_1"": 5.512700621850006, ""coefficient_2"": -0.0028314341837348393, ""coefficient_3"": 0.11488965754113833}"
nonthinking,forward_inverse,gemma-4-31b,gemma-4-31b,gemma-4-31b,2026-04-02,gemma4,google,0,0.47017655374423634,31.0,27.516240526344454,-0.051772596763367096,1.126607392834793,71,26,18,2026-03-18,True,"{""intercept"": 0.2465165063935536, ""slope"": 0.1553638102745832}"
nonthinking,inverse_accuracy,gemma-4-31b,gemma-4-31b,gemma-4-31b,2026-04-02,gemma4,google,0,0.47017655374423634,31.0,28.424563906553132,-0.03766788342719707,1.0906060019746904,71,26,18,2026-03-18,True,"{""coefficient_0"": -1.2553695893402002, ""coefficient_1"": 5.7618002815617535}"
nonthinking,inverse_accuracy_date,gemma-4-31b,gemma-4-31b,gemma-4-31b,2026-04-02,gemma4,google,0,0.47017655374423634,31.0,29.794915170168906,-0.017219540562139368,1.0404459896243519,71,26,18,2026-03-18,True,"{""coefficient_0"": -1.2661162481816763, ""coefficient_1"": 5.7333889979848545, ""coefficient_2"": 0.0197969592871395}"
nonthinking,inverse_accuracy_moe,gemma-4-31b,gemma-4-31b,gemma-4-31b,2026-04-02,gemma4,google,0,0.47017655374423634,31.0,25.9509786706131,-0.0772079531051979,1.194559958353494,71,26,18,2026-03-18,True,"{""coefficient_0"": -1.1772946312003927, ""coefficient_1"": 5.511649509726823, ""coefficient_2"": 0.11352259175249849}"
nonthinking,inverse_accuracy_date_moe,gemma-4-31b,gemma-4-31b,gemma-4-31b,2026-04-02,gemma4,google,0,0.47017655374423634,31.0,25.74856275636856,-0.08060870140457821,1.2039506939987386,71,26,18,2026-03-18,True,"{""coefficient_0"": -1.1748174073537387, ""coefficient_1"": 5.512700621850006, ""coefficient_2"": -0.0028314341837348393, ""coefficient_3"": 0.11488965754113833}"
nonthinking,forward_inverse,glm-5.1,glm-5.1,glm-5.1-think|glm-5.1,2026-04-07,glm,zhipu,1,0.7207552755333735,754.0,1354.2360537684433,0.25432302594893086,1.7960690368281749,74,30,18,2026-04-02,True,"{""intercept"": 0.24499969353135617, ""slope"": 0.1519163511877841}"
nonthinking,inverse_accuracy,glm-5.1,glm-5.1,glm-5.1-think|glm-5.1,2026-04-07,glm,zhipu,1,0.7207552755333735,754.0,941.2042868571967,0.09631255069858025,1.2482815475559645,74,30,18,2026-04-02,True,"{""coefficient_0"": -1.3360510036925497, ""coefficient_1"": 5.9794704895799935}"
nonthinking,inverse_accuracy_date,glm-5.1,glm-5.1,glm-5.1-think|glm-5.1,2026-04-07,glm,zhipu,1,0.7207552755333735,754.0,1013.5416283056296,0.1284702449216124,1.3442196661878385,74,30,18,2026-04-02,True,"{""coefficient_0"": -1.3659863392851488, ""coefficient_1"": 5.936668200269142, ""coefficient_2"": 0.04104889094376907}"
nonthinking,inverse_accuracy_moe,glm-5.1,glm-5.1,glm-5.1-think|glm-5.1,2026-04-07,glm,zhipu,1,0.7207552755333735,754.0,993.5276211849152,0.11980859961878121,1.3176758901656707,74,30,18,2026-04-02,True,"{""coefficient_0"": -1.252564350340193, ""coefficient_1"": 5.703245280160929, ""coefficient_2"": 0.13910017249194595}"
nonthinking,inverse_accuracy_date_moe,glm-5.1,glm-5.1,glm-5.1-think|glm-5.1,2026-04-07,glm,zhipu,1,0.7207552755333735,754.0,1020.9475185816104,0.1316320720484625,1.3540418018323752,74,30,18,2026-04-02,True,"{""coefficient_0"": -1.2697248088641861, ""coefficient_1"": 5.701815879863542, ""coefficient_2"": 0.0168443896978372, ""coefficient_3"": 0.13097524028541419}"
nonthinking,forward_inverse,kimi-k2.6,kimi-k2.6,kimi-k2.6-think,2026-04-20,kimi,moonshot,1,0.7120654369554575,1040.0,970.656086817069,-0.0299679570264888,1.071440249666924,80,30,18,2026-04-07,True,"{""intercept"": 0.24241159206122528, ""slope"": 0.15722918141716793}"
nonthinking,inverse_accuracy,kimi-k2.6,kimi-k2.6,kimi-k2.6-think,2026-04-20,kimi,moonshot,1,0.7120654369554575,1040.0,696.4653793750684,-0.17413380636372677,1.4932544112001398,80,30,18,2026-04-07,True,"{""coefficient_0"": -1.2593611054607552, ""coefficient_1"": 5.7610725440285915}"
nonthinking,inverse_accuracy_date,kimi-k2.6,kimi-k2.6,kimi-k2.6-think,2026-04-20,kimi,moonshot,1,0.7120654369554575,1040.0,713.8384352027714,-0.16343341133186007,1.4569123049595663,80,30,18,2026-04-07,True,"{""coefficient_0"": -1.2686404920405254, ""coefficient_1"": 5.741765056681918, ""coefficient_2"": 0.014665646718299582}"
nonthinking,inverse_accuracy_moe,kimi-k2.6,kimi-k2.6,kimi-k2.6-think,2026-04-20,kimi,moonshot,1,0.7120654369554575,1040.0,718.5349337008485,-0.1605854518045957,1.4473896135340703,80,30,18,2026-04-07,True,"{""coefficient_0"": -1.199244961608309, ""coefficient_1"": 5.563868318372258, ""coefficient_2"": 0.0938545238181249}"
nonthinking,inverse_accuracy_date_moe,kimi-k2.6,kimi-k2.6,kimi-k2.6-think,2026-04-20,kimi,moonshot,1,0.7120654369554575,1040.0,713.5645050475904,-0.16360010057275742,1.4574715987738742,80,30,18,2026-04-07,True,"{""coefficient_0"": -1.1948282989314454, ""coefficient_1"": 5.5649751505004925, ""coefficient_2"": -0.004597492883955882, ""coefficient_3"": 0.09620836505945699}"
nonthinking,forward_inverse,deepseek-v4-flash,deepseek-v4-flash,deepseek-v4-flash-think|deepseek-v4-flash,2026-04-24,deepseek,deepseek,1,0.7477977044197497,284.0,1633.256583616701,0.759736077448605,5.75090346343909,78,29,18,2026-04-20,True,"{""intercept"": 0.24259749990374907, ""slope"": 0.1572336284642729}"
nonthinking,inverse_accuracy,deepseek-v4-flash,deepseek-v4-flash,deepseek-v4-flash-think|deepseek-v4-flash,2026-04-24,deepseek,deepseek,1,0.7477977044197497,284.0,1132.6675548089117,0.6007841203035178,3.9882660380595496,78,29,18,2026-04-20,True,"{""coefficient_0"": -1.2711251285656449, ""coefficient_1"": 5.783954087251901}"
nonthinking,inverse_accuracy_date,deepseek-v4-flash,deepseek-v4-flash,deepseek-v4-flash-think|deepseek-v4-flash,2026-04-24,deepseek,deepseek,1,0.7477977044197497,284.0,1161.6276226233845,0.611748590624992,4.09023810782882,78,29,18,2026-04-20,True,"{""coefficient_0"": -1.281078200556185, ""coefficient_1"": 5.753778551644068, ""coefficient_2"": 0.018817618794308162}"
nonthinking,inverse_accuracy_moe,deepseek-v4-flash,deepseek-v4-flash,deepseek-v4-flash-think|deepseek-v4-flash,2026-04-24,deepseek,deepseek,1,0.7477977044197497,284.0,1146.8577804564964,0.6061912252016657,4.038231621325693,78,29,18,2026-04-20,True,"{""coefficient_0"": -1.212608424765318, ""coefficient_1"": 5.5899960089297265, ""coefficient_2"": 0.09193180682080931}"
nonthinking,inverse_accuracy_date_moe,deepseek-v4-flash,deepseek-v4-flash,deepseek-v4-flash-think|deepseek-v4-flash,2026-04-24,deepseek,deepseek,1,0.7477977044197497,284.0,1147.1742537496887,0.6063110514322725,4.039345963907356,78,29,18,2026-04-20,True,"{""coefficient_0"": -1.2127978062707827, ""coefficient_1"": 5.589893826231859, ""coefficient_2"": 0.00021744410340349948, ""coefficient_3"": 0.09181496843762386}"
nonthinking,forward_inverse,deepseek-v4-pro,deepseek-v4-pro,deepseek-v4-pro-think|deepseek-v4-pro,2026-04-24,deepseek,deepseek,1,0.6006136881283892,1600.0,189.22110542142934,-0.9271504073720362,8.455716377073859,78,29,18,2026-04-20,True,"{""intercept"": 0.24259749990374907, ""slope"": 0.1572336284642729}"
nonthinking,inverse_accuracy,deepseek-v4-pro,deepseek-v4-pro,deepseek-v4-pro-think|deepseek-v4-pro,2026-04-24,deepseek,deepseek,1,0.6006136881283892,1600.0,159.51328823315683,-1.001323114911934,10.030512302281155,78,29,18,2026-04-20,True,"{""coefficient_0"": -1.2711251285656449, ""coefficient_1"": 5.783954087251901}"
nonthinking,inverse_accuracy_date,deepseek-v4-pro,deepseek-v4-pro,deepseek-v4-pro-think|deepseek-v4-pro,2026-04-24,deepseek,deepseek,1,0.6006136881283892,1600.0,165.27329843362267,-0.9859172880659557,9.68093464076772,78,29,18,2026-04-20,True,"{""coefficient_0"": -1.281078200556185, ""coefficient_1"": 5.753778551644068, ""coefficient_2"": 0.018817618794308162}"
nonthinking,inverse_accuracy_moe,deepseek-v4-pro,deepseek-v4-pro,deepseek-v4-pro-think|deepseek-v4-pro,2026-04-24,deepseek,deepseek,1,0.6006136881283892,1600.0,172.4850669503246,-0.9673684810541738,9.276165341668658,78,29,18,2026-04-20,True,"{""coefficient_0"": -1.212608424765318, ""coefficient_1"": 5.5899960089297265, ""coefficient_2"": 0.09193180682080931}"
nonthinking,inverse_accuracy_date_moe,deepseek-v4-pro,deepseek-v4-pro,deepseek-v4-pro-think|deepseek-v4-pro,2026-04-24,deepseek,deepseek,1,0.6006136881283892,1600.0,172.53863881328547,-0.9672336151637002,9.273285166758829,78,29,18,2026-04-20,True,"{""coefficient_0"": -1.2127978062707827, ""coefficient_1"": 5.589893826231859, ""coefficient_2"": 0.00021744410340349948, ""coefficient_3"": 0.09181496843762386}"
nonthinking,forward_inverse,nemotron-3-ultra,nemotron-3-ultra,nemotron-3-ultra,2026-06-04,nemotron,nvidia,1,0.7007162660761778,550.0,858.8205188594166,0.19353972251701634,1.5614918524716672,80,30,18,2026-04-24,True,"{""intercept"": 0.24676184934274317, ""slope"": 0.15472716981824833}"
nonthinking,inverse_accuracy,nemotron-3-ultra,nemotron-3-ultra,nemotron-3-ultra,2026-06-04,nemotron,nvidia,1,0.7007162660761778,550.0,625.9814709310083,0.05619878877766604,1.1381481289654702,80,30,18,2026-04-24,True,"{""coefficient_0"": -1.2860831360909148, ""coefficient_1"": 5.8263876721808305}"
nonthinking,inverse_accuracy_date,nemotron-3-ultra,nemotron-3-ultra,nemotron-3-ultra,2026-06-04,nemotron,nvidia,1,0.7007162660761778,550.0,661.1289255478276,0.07992346922623428,1.2020525919051415,80,30,18,2026-04-24,True,"{""coefficient_0"": -1.3011805883236376, ""coefficient_1"": 5.777204818736779, ""coefficient_2"": 0.03024573677582067}"
nonthinking,inverse_accuracy_moe,nemotron-3-ultra,nemotron-3-ultra,nemotron-3-ultra,2026-06-04,nemotron,nvidia,1,0.7007162660761778,550.0,657.3879396867057,0.07745904284102023,1.1952507994303745,80,30,18,2026-04-24,True,"{""coefficient_0"": -1.1869069966903947, ""coefficient_1"": 5.503199884434227, ""coefficient_2"": 0.14854705453405426}"
nonthinking,inverse_accuracy_date_moe,nemotron-3-ultra,nemotron-3-ultra,nemotron-3-ultra,2026-06-04,nemotron,nvidia,1,0.7007162660761778,550.0,661.8701598396577,0.0804101120364642,1.20340029061756,80,30,18,2026-04-24,True,"{""coefficient_0"": -1.1903374612672406, ""coefficient_1"": 5.500926924559924, ""coefficient_2"": 0.004135569047166241, ""coefficient_3"": 0.14650081295305076}"
nonthinking,forward_inverse,kimi-k2.7-code,kimi-k2.7-code,kimi-k2.7-code,2026-06-12,kimi,moonshot,1,0.7235787991048067,1040.0,1187.034773595699,0.057430102283884565,1.1413795899958648,83,30,18,2026-06-04,True,"{""intercept"": 0.24458405407188885, ""slope"": 0.15579783403973152}"
nonthinking,inverse_accuracy,kimi-k2.7-code,kimi-k2.7-code,kimi-k2.7-code,2026-06-12,kimi,moonshot,1,0.7235787991048067,1040.0,808.5896612429557,-0.10930515522449769,1.2861900786627949,83,30,18,2026-06-04,True,"{""coefficient_0"": -1.2432036915058005, ""coefficient_1"": 5.736668736999357}"
nonthinking,inverse_accuracy_date,kimi-k2.7-code,kimi-k2.7-code,kimi-k2.7-code,2026-06-12,kimi,moonshot,1,0.7235787991048067,1040.0,851.6394641942753,-0.0867775612569015,1.2211740339956296,83,30,18,2026-06-04,True,"{""coefficient_0"": -1.2590379924854433, ""coefficient_1"": 5.690490431158606, ""coefficient_2"": 0.02935723993981542}"
nonthinking,inverse_accuracy_moe,kimi-k2.7-code,kimi-k2.7-code,kimi-k2.7-code,2026-06-12,kimi,moonshot,1,0.7235787991048067,1040.0,831.8531810797623,-0.09698665756755087,1.2502206202422148,83,30,18,2026-06-04,True,"{""coefficient_0"": -1.1617249845540396, ""coefficient_1"": 5.470172729599489, ""coefficient_2"": 0.12367065170580809}"
nonthinking,inverse_accuracy_date_moe,kimi-k2.7-code,kimi-k2.7-code,kimi-k2.7-code,2026-06-12,kimi,moonshot,1,0.7235787991048067,1040.0,838.141797617193,-0.09371584010387801,1.2408401573059384,83,30,18,2026-06-04,True,"{""coefficient_0"": -1.165862995508365, ""coefficient_1"": 5.468389970718171, ""coefficient_2"": 0.004589943840690801, ""coefficient_3"": 0.12114748950232938}"
max,forward_inverse,smollm2-1.7b,smollm2-1.7b,smollm2-1.7b,2024-11-01,smollm2,huggingface,0,0.30071552575588434,1.7,2.1429410485836744,0.10056130256744586,1.2605535579903966,21,11,8,2024-10-16,True,"{""intercept"": 0.2522989984661501, ""slope"": 0.14626897837957337}"
max,inverse_accuracy,smollm2-1.7b,smollm2-1.7b,smollm2-1.7b,2024-11-01,smollm2,huggingface,0,0.30071552575588434,1.7,2.7250141389973317,0.2049198386188242,1.602949493527842,21,11,8,2024-10-16,True,"{""coefficient_0"": -1.3647778247085705, ""coefficient_1"": 5.986210988544025}"
max,inverse_accuracy_date,smollm2-1.7b,smollm2-1.7b,smollm2-1.7b,2024-11-01,smollm2,huggingface,0,0.30071552575588434,1.7,2.6919563015599044,0.19961908434252304,1.5835037067999438,21,11,8,2024-10-16,True,"{""coefficient_0"": -1.3499868487204099, ""coefficient_1"": 5.974833583044112, ""coefficient_2"": -0.01996344863770618}"
max,inverse_accuracy_moe,smollm2-1.7b,smollm2-1.7b,smollm2-1.7b,2024-11-01,smollm2,huggingface,0,0.30071552575588434,1.7,2.7622753547254386,0.21081804724423245,1.6248678557208462,21,11,8,2024-10-16,True,"{""coefficient_0"": -1.3072647006348173, ""coefficient_1"": 5.814570647332494, ""coefficient_2"": 0.10613601394784504}"
max,inverse_accuracy_date_moe,smollm2-1.7b,smollm2-1.7b,smollm2-1.7b,2024-11-01,smollm2,huggingface,0,0.30071552575588434,1.7,2.771115343963032,0.21220568170605777,1.6300678493900187,21,11,8,2024-10-16,True,"{""coefficient_0"": -1.3104436239950654, ""coefficient_1"": 5.8158222473694785, ""coefficient_2"": 0.005017914983832617, ""coefficient_3"": 0.10713044598435352}"
max,forward_inverse,smollm2-135m,smollm2-135m,smollm2-135m,2024-11-01,smollm,huggingface,0,0.12495115228360168,0.135,0.13469717161641592,-0.0009752920317064318,1.0022482163504254,21,11,8,2024-10-16,True,"{""intercept"": 0.2522989984661501, ""slope"": 0.14626897837957337}"
max,inverse_accuracy,smollm2-135m,smollm2-135m,smollm2-135m,2024-11-01,smollm,huggingface,0,0.12495115228360168,0.135,0.24166075953109475,0.25287236762775767,1.7900797002303315,21,11,8,2024-10-16,True,"{""coefficient_0"": -1.3647778247085705, ""coefficient_1"": 5.986210988544025}"
max,inverse_accuracy_date,smollm2-135m,smollm2-135m,smollm2-135m,2024-11-01,smollm,huggingface,0,0.12495115228360168,0.135,0.23983089292521922,0.24957135590088875,1.7765251327794016,21,11,8,2024-10-16,True,"{""coefficient_0"": -1.3499868487204099, ""coefficient_1"": 5.974833583044112, ""coefficient_2"": -0.01996344863770618}"
max,inverse_accuracy_moe,smollm2-135m,smollm2-135m,smollm2-135m,2024-11-01,smollm,huggingface,0,0.12495115228360168,0.135,0.2625866253052859,0.28893883328877945,1.9450861133724882,21,11,8,2024-10-16,True,"{""coefficient_0"": -1.3072647006348173, ""coefficient_1"": 5.814570647332494, ""coefficient_2"": 0.10613601394784504}"
max,inverse_accuracy_date_moe,smollm2-135m,smollm2-135m,smollm2-135m,2024-11-01,smollm,huggingface,0,0.12495115228360168,0.135,0.26329356781561997,0.2901064810542664,1.9503227245601478,21,11,8,2024-10-16,True,"{""coefficient_0"": -1.3104436239950654, ""coefficient_1"": 5.8158222473694785, ""coefficient_2"": 0.005017914983832617, ""coefficient_3"": 0.10713044598435352}"
max,forward_inverse,smollm2-360m,smollm2-360m,smollm2-360m,2024-11-01,smollm,huggingface,0,0.2839794144903725,0.362,1.6466076282549738,0.6578815525072137,4.548639857057938,21,11,8,2024-10-16,True,"{""intercept"": 0.2522989984661501, ""slope"": 0.14626897837957337}"
max,inverse_accuracy,smollm2-360m,smollm2-360m,smollm2-360m,2024-11-01,smollm,huggingface,0,0.2839794144903725,0.362,2.1636293636780346,0.7764742963008301,5.97687669524319,21,11,8,2024-10-16,True,"{""coefficient_0"": -1.3647778247085705, ""coefficient_1"": 5.986210988544025}"
max,inverse_accuracy_date,smollm2-360m,smollm2-360m,smollm2-360m,2024-11-01,smollm,huggingface,0,0.2839794144903725,0.362,2.1383191535872306,0.7713639555488883,5.906958987810029,21,11,8,2024-10-16,True,"{""coefficient_0"": -1.3499868487204099, ""coefficient_1"": 5.974833583044112, ""coefficient_2"": -0.01996344863770618}"
max,inverse_accuracy_moe,smollm2-360m,smollm2-360m,smollm2-360m,2024-11-01,smollm,huggingface,0,0.2839794144903725,0.362,2.207769184671987,0.785245096774405,6.098809902408803,21,11,8,2024-10-16,True,"{""coefficient_0"": -1.3072647006348173, ""coefficient_1"": 5.814570647332494, ""coefficient_2"": 0.10613601394784504}"
max,inverse_accuracy_date_moe,smollm2-360m,smollm2-360m,smollm2-360m,2024-11-01,smollm,huggingface,0,0.2839794144903725,0.362,2.214727788559554,0.7866117843187513,6.118032565081641,21,11,8,2024-10-16,True,"{""coefficient_0"": -1.3104436239950654, ""coefficient_1"": 5.8158222473694785, ""coefficient_2"": 0.005017914983832617, ""coefficient_3"": 0.10713044598435352}"
max,forward_inverse,phi-4,phi-4,phi-4,2024-12-12,phi,microsoft,0,0.4319771468017171,14.7,15.013188529649097,0.009155603582536198,1.021305342153,25,12,8,2024-12-06,True,"{""intercept"": 0.2683539090263608, ""slope"": 0.1390794742865229}"
max,inverse_accuracy,phi-4,phi-4,phi-4,2024-12-12,phi,microsoft,0,0.4319771468017171,14.7,14.672154874223116,-0.0008234321347782014,1.001897821145945,25,12,8,2024-12-06,True,"{""coefficient_0"": -1.637484970288523, ""coefficient_1"": 6.491035217168518}"
max,inverse_accuracy_date,phi-4,phi-4,phi-4,2024-12-12,phi,microsoft,0,0.4319771468017171,14.7,13.437882646526287,-0.03898649068597715,1.0939223378171092,25,12,8,2024-12-06,True,"{""coefficient_0"": -1.5539292146228723, ""coefficient_1"": 6.432082728320145, ""coefficient_2"": -0.10160778516307833}"
max,inverse_accuracy_moe,phi-4,phi-4,phi-4,2024-12-12,phi,microsoft,0,0.4319771468017171,14.7,14.365548851240144,-0.009995111415582958,1.0232814737691682,25,12,8,2024-12-06,True,"{""coefficient_0"": -1.6143664462772742, ""coefficient_1"": 6.416285421881605, ""coefficient_2"": 0.06753907850509756}"
max,inverse_accuracy_date_moe,phi-4,phi-4,phi-4,2024-12-12,phi,microsoft,0,0.4319771468017171,14.7,13.40639341429974,-0.040005375012524214,1.0964917667059098,25,12,8,2024-12-06,True,"{""coefficient_0"": -1.549775038350879, ""coefficient_1"": 6.392149728530968, ""coefficient_2"": -0.08885878383027351, ""coefficient_3"": 0.0427642593769076}"
max,forward_inverse,command-r7b,command-r7b,command-r7b,2024-12-13,command,cohere,0,0.3644565644610499,7.0,4.985198824035978,-0.1474155561108621,1.4041566338838327,26,12,8,2024-12-12,True,"{""intercept"": 0.2634401545262125, ""slope"": 0.14478851378018076}"
max,inverse_accuracy,command-r7b,command-r7b,command-r7b,2024-12-13,command,cohere,0,0.3644565644610499,7.0,5.31355519526312,-0.11971284378419178,1.3173853931620576,26,12,8,2024-12-12,True,"{""coefficient_0"": -1.576870874363406, ""coefficient_1"": 6.316955969768291}"
max,inverse_accuracy_date,command-r7b,command-r7b,command-r7b,2024-12-13,command,cohere,0,0.3644565644610499,7.0,5.091751703170485,-0.13823082267838238,1.374772457117519,26,12,8,2024-12-12,True,"{""coefficient_0"": -1.533993718238491, ""coefficient_1"": 6.293132574942229, ""coefficient_2"": -0.05548488791599921}"
max,inverse_accuracy_moe,command-r7b,command-r7b,command-r7b,2024-12-13,command,cohere,0,0.3644565644610499,7.0,5.218896312864982,-0.12751937147799686,1.3412797611526521,26,12,8,2024-12-12,True,"{""coefficient_0"": -1.534268890035843, ""coefficient_1"": 6.178644530390292, ""coefficient_2"": 0.12397156313231288}"
max,inverse_accuracy_date_moe,command-r7b,command-r7b,command-r7b,2024-12-13,command,cohere,0,0.3644565644610499,7.0,5.156662439375535,-0.13272933705716927,1.357467176162047,26,12,8,2024-12-12,True,"{""coefficient_0"": -1.5233032618244209, ""coefficient_1"": 6.1776826586718725, ""coefficient_2"": -0.01665732975011037, ""coefficient_3"": 0.11842311543170565}"
max,forward_inverse,deepseek-v3,deepseek-v3,deepseek-v3,2024-12-26,deepseek,deepseek,1,0.6880125844183548,671.0,1034.9639351801675,0.18820269626632458,1.542420171654497,28,13,9,2024-12-13,True,"{""intercept"": 0.2637648675031479, ""slope"": 0.14071583421124265}"
max,inverse_accuracy,deepseek-v3,deepseek-v3,deepseek-v3,2024-12-26,deepseek,deepseek,1,0.6880125844183548,671.0,653.476081437758,-0.011492824028557447,1.0268164651469514,28,13,9,2024-12-13,True,"{""coefficient_0"": -1.5768931354280562, ""coefficient_1"": 6.383782696767949}"
max,inverse_accuracy_date,deepseek-v3,deepseek-v3,deepseek-v3,2024-12-26,deepseek,deepseek,1,0.6880125844183548,671.0,564.7083681554406,-0.07489829677281712,1.1882239361739044,28,13,9,2024-12-13,True,"{""coefficient_0"": -1.4803661352420512, ""coefficient_1"": 6.323328815209331, ""coefficient_2"": -0.12006522516492986}"
max,inverse_accuracy_moe,deepseek-v3,deepseek-v3,deepseek-v3,2024-12-26,deepseek,deepseek,1,0.6880125844183548,671.0,716.863788343507,0.028714122820205468,1.0683513984254949,28,13,9,2024-12-13,True,"{""coefficient_0"": -1.5532578195050042, ""coefficient_1"": 6.3086010758392455, ""coefficient_2"": 0.06829753224162874}"
max,inverse_accuracy_date_moe,deepseek-v3,deepseek-v3,deepseek-v3,2024-12-26,deepseek,deepseek,1,0.6880125844183548,671.0,598.17104715808,-0.049897131807666195,1.1217527213794976,28,13,9,2024-12-13,True,"{""coefficient_0"": -1.4763880223679955, ""coefficient_1"": 6.290920684063494, ""coefficient_2"": -0.11044685022022893, ""coefficient_3"": 0.03384013100813004}"
max,forward_inverse,deepseek-r1,deepseek-r1,deepseek-r1-think,2025-01-20,deepseek,deepseek,1,0.7026019969505517,671.0,1314.0296952075157,0.29188265960502946,1.958315492112542,28,13,9,2024-12-13,True,"{""intercept"": 0.2637648675031479, ""slope"": 0.14071583421124265}"
max,inverse_accuracy,deepseek-r1,deepseek-r1,deepseek-r1-think,2025-01-20,deepseek,deepseek,1,0.7026019969505517,671.0,809.7768098622786,0.08164281525049111,1.206820879079402,28,13,9,2024-12-13,True,"{""coefficient_0"": -1.5768931354280562, ""coefficient_1"": 6.383782696767949}"
max,inverse_accuracy_date,deepseek-r1,deepseek-r1,deepseek-r1-think,2025-01-20,deepseek,deepseek,1,0.7026019969505517,671.0,685.2670647255436,0.009137339108375553,1.0212623915432841,28,13,9,2024-12-13,True,"{""coefficient_0"": -1.4803661352420512, ""coefficient_1"": 6.323328815209331, ""coefficient_2"": -0.12006522516492986}"
max,inverse_accuracy_moe,deepseek-r1,deepseek-r1,deepseek-r1-think,2025-01-20,deepseek,deepseek,1,0.7026019969505517,671.0,886.0850854402388,0.12075290641668524,1.3205440915651847,28,13,9,2024-12-13,True,"{""coefficient_0"": -1.5532578195050042, ""coefficient_1"": 6.3086010758392455, ""coefficient_2"": 0.06829753224162874}"
max,inverse_accuracy_date_moe,deepseek-r1,deepseek-r1,deepseek-r1-think,2025-01-20,deepseek,deepseek,1,0.7026019969505517,671.0,726.183790408892,0.03432403036417364,1.0822411183441014,28,13,9,2024-12-13,True,"{""coefficient_0"": -1.4763880223679955, ""coefficient_1"": 6.290920684063494, ""coefficient_2"": -0.11044685022022893, ""coefficient_3"": 0.03384013100813004}"
max,forward_inverse,deepseek-r1-distill-llama-70b,deepseek-r1-distill-llama-70b,deepseek-r1-distill-llama-70b-think,2025-01-20,deepseek-distill,deepseek,0,0.5715341831733621,70.0,153.8753442277602,0.34207099746727376,2.1982192032537164,28,13,9,2024-12-13,True,"{""intercept"": 0.2637648675031479, ""slope"": 0.14071583421124265}"
max,inverse_accuracy,deepseek-r1-distill-llama-70b,deepseek-r1-distill-llama-70b,deepseek-r1-distill-llama-70b-think,2025-01-20,deepseek-distill,deepseek,0,0.5715341831733621,70.0,117.93885135470124,0.22655885371119933,1.6848407336385889,28,13,9,2024-12-13,True,"{""coefficient_0"": -1.5768931354280562, ""coefficient_1"": 6.383782696767949}"
max,inverse_accuracy_date,deepseek-r1-distill-llama-70b,deepseek-r1-distill-llama-70b,deepseek-r1-distill-llama-70b-think,2025-01-20,deepseek-distill,deepseek,0,0.5715341831733621,70.0,101.64241510236297,0.16197693565931726,1.452034501462328,28,13,9,2024-12-13,True,"{""coefficient_0"": -1.4803661352420512, ""coefficient_1"": 6.323328815209331, ""coefficient_2"": -0.12006522516492986}"
max,inverse_accuracy_moe,deepseek-r1-distill-llama-70b,deepseek-r1-distill-llama-70b,deepseek-r1-distill-llama-70b-think,2025-01-20,deepseek-distill,deepseek,0,0.5715341831733621,70.0,112.80369959809188,0.20722530332711564,1.6114814228298837,28,13,9,2024-12-13,True,"{""coefficient_0"": -1.5532578195050042, ""coefficient_1"": 6.3086010758392455, ""coefficient_2"": 0.06829753224162874}"
max,inverse_accuracy_date_moe,deepseek-r1-distill-llama-70b,deepseek-r1-distill-llama-70b,deepseek-r1-distill-llama-70b-think,2025-01-20,deepseek-distill,deepseek,0,0.5715341831733621,70.0,100.61649831750974,0.1575711588048745,1.4373785473929959,28,13,9,2024-12-13,True,"{""coefficient_0"": -1.4763880223679955, ""coefficient_1"": 6.290920684063494, ""coefficient_2"": -0.11044685022022893, ""coefficient_3"": 0.03384013100813004}"
max,forward_inverse,deepseek-r1-distill-qwen-32b,deepseek-r1-distill-qwen-32b,deepseek-r1-distill-qwen-32b-think,2025-01-20,deepseek-distill,deepseek,0,0.43466081494747727,32.0,16.386100035497293,-0.29067437646418104,1.952874688344282,28,13,9,2024-12-13,True,"{""intercept"": 0.2637648675031479, ""slope"": 0.14071583421124265}"
max,inverse_accuracy,deepseek-r1-distill-qwen-32b,deepseek-r1-distill-qwen-32b,deepseek-r1-distill-qwen-32b-think,2025-01-20,deepseek-distill,deepseek,0,0.43466081494747727,32.0,15.772010371796553,-0.30726292432320124,2.0289106617138852,28,13,9,2024-12-13,True,"{""coefficient_0"": -1.5768931354280562, ""coefficient_1"": 6.383782696767949}"
max,inverse_accuracy_date,deepseek-r1-distill-qwen-32b,deepseek-r1-distill-qwen-32b,deepseek-r1-distill-qwen-32b-think,2025-01-20,deepseek-distill,deepseek,0,0.43466081494747727,32.0,13.85414288202372,-0.36357031598382705,2.309778401486044,28,13,9,2024-12-13,True,"{""coefficient_0"": -1.4803661352420512, ""coefficient_1"": 6.323328815209331, ""coefficient_2"": -0.12006522516492986}"
max,inverse_accuracy_moe,deepseek-r1-distill-qwen-32b,deepseek-r1-distill-qwen-32b,deepseek-r1-distill-qwen-32b-think,2025-01-20,deepseek-distill,deepseek,0,0.43466081494747727,32.0,15.446989996526876,-0.3163061130220919,2.0716010049333193,28,13,9,2024-12-13,True,"{""coefficient_0"": -1.5532578195050042, ""coefficient_1"": 6.3086010758392455, ""coefficient_2"": 0.06829753224162874}"
max,inverse_accuracy_date_moe,deepseek-r1-distill-qwen-32b,deepseek-r1-distill-qwen-32b,deepseek-r1-distill-qwen-32b-think,2025-01-20,deepseek-distill,deepseek,0,0.43466081494747727,32.0,13.855100984956639,-0.3635402827704326,2.309618676525305,28,13,9,2024-12-13,True,"{""coefficient_0"": -1.4763880223679955, ""coefficient_1"": 6.290920684063494, ""coefficient_2"": -0.11044685022022893, ""coefficient_3"": 0.03384013100813004}"
max,forward_inverse,mistral-small-24b,mistral-small-24b,mistral-small-24b,2025-01-30,mistral,mistral,0,0.4887937940146064,24.0,41.545455567030906,0.2383122838790448,1.731060648626288,25,13,9,2025-01-20,True,"{""intercept"": 0.25397456823353076, ""slope"": 0.14508236801524563}"
max,inverse_accuracy,mistral-small-24b,mistral-small-24b,mistral-small-24b,2025-01-30,mistral,mistral,0,0.4887937940146064,24.0,38.42019049833138,0.20434827217609453,1.6008412707638078,25,13,9,2025-01-20,True,"{""coefficient_0"": -1.5301530483977683, ""coefficient_1"": 6.372242447481634}"
max,inverse_accuracy_date,mistral-small-24b,mistral-small-24b,mistral-small-24b,2025-01-30,mistral,mistral,0,0.4887937940146064,24.0,30.422841070480878,0.10298852696717531,1.2676183779367034,25,13,9,2025-01-20,True,"{""coefficient_0"": -1.3535295398357714, ""coefficient_1"": 6.443365137983652, ""coefficient_2"": -0.2891925439850074}"
max,inverse_accuracy_moe,mistral-small-24b,mistral-small-24b,mistral-small-24b,2025-01-30,mistral,mistral,0,0.4887937940146064,24.0,35.419867372541965,0.16903568895721532,1.4758278071892488,25,13,9,2025-01-20,True,"{""coefficient_0"": -1.4567429927078255, ""coefficient_1"": 6.149811966079954, ""coefficient_2"": 0.17329534913640954}"
max,inverse_accuracy_date_moe,mistral-small-24b,mistral-small-24b,mistral-small-24b,2025-01-30,mistral,mistral,0,0.4887937940146064,24.0,25.768468276058623,0.030877362364092775,1.0736861781691096,25,13,9,2025-01-20,True,"{""coefficient_0"": -1.210968962366405, ""coefficient_1"": 6.1421082045805155, ""coefficient_2"": -0.3515339897125155, ""coefficient_3"": 0.24665407441943346}"
max,forward_inverse,qwq-32b,qwq-32b,qwq-32b-think,2025-03-06,qwen2.5,alibaba,0,0.4746275580579264,32.0,27.627305337033008,-0.06381145078043082,1.1582743814361662,30,13,9,2025-01-30,True,"{""intercept"": 0.26868622068097103, ""slope"": 0.14288200408305193}"
max,inverse_accuracy,qwq-32b,qwq-32b,qwq-32b-think,2025-03-06,qwen2.5,alibaba,0,0.4746275580579264,32.0,26.58531266680183,-0.08050820595226638,1.2036721328449793,30,13,9,2025-01-30,True,"{""coefficient_0"": -1.6130007729720786, ""coefficient_1"": 6.4000551459108195}"
max,inverse_accuracy_date,qwq-32b,qwq-32b,qwq-32b-think,2025-03-06,qwen2.5,alibaba,0,0.4746275580579264,32.0,23.11585258418532,-0.14124006212579432,1.3843313753390505,30,13,9,2025-01-30,True,"{""coefficient_0"": -1.5447789600440451, ""coefficient_1"": 6.422237453018775, ""coefficient_2"": -0.11847860866485814}"
max,inverse_accuracy_moe,qwq-32b,qwq-32b,qwq-32b-think,2025-03-06,qwen2.5,alibaba,0,0.4746275580579264,32.0,25.60973859096662,-0.09674483284952906,1.2495246636874082,30,13,9,2025-01-30,True,"{""coefficient_0"": -1.5690732900441422, ""coefficient_1"": 6.273294470505924, ""coefficient_2"": 0.07620983662927044}"
max,inverse_accuracy_date_moe,qwq-32b,qwq-32b,qwq-32b-think,2025-03-06,qwen2.5,alibaba,0,0.4746275580579264,32.0,22.750173170646526,-0.14816527153468773,1.4065826998314057,30,13,9,2025-01-30,True,"{""coefficient_0"": -1.5187747913833194, ""coefficient_1"": 6.330627968422643, ""coefficient_2"": -0.10951638625746633, ""coefficient_3"": 0.05406776601481978}"
max,forward_inverse,gemma-3-12b,gemma-3-12b,gemma-3-12b,2025-03-12,gemma3,google,0,0.40045024447896466,12.0,8.909777921392644,-0.12931436678243402,1.3468349161865911,32,14,9,2025-03-06,True,"{""intercept"": 0.26183657200097876, ""slope"": 0.14592957761114514}"
max,inverse_accuracy,gemma-3-12b,gemma-3-12b,gemma-3-12b,2025-03-12,gemma3,google,0,0.40045024447896466,12.0,9.403524651866027,-0.10589057862420814,1.2761172479745382,32,14,9,2025-03-06,True,"{""coefficient_0"": -1.5444414297470803, ""coefficient_1"": 6.287253240278023}"
max,inverse_accuracy_date,gemma-3-12b,gemma-3-12b,gemma-3-12b,2025-03-12,gemma3,google,0,0.40045024447896466,12.0,8.622352118197652,-0.14355549152098113,1.3917316105281474,32,14,9,2025-03-06,True,"{""coefficient_0"": -1.4982749669222657, ""coefficient_1"": 6.297759484913393, ""coefficient_2"": -0.07375252315214743}"
max,inverse_accuracy_moe,gemma-3-12b,gemma-3-12b,gemma-3-12b,2025-03-12,gemma3,google,0,0.40045024447896466,12.0,9.252101509833222,-0.11294085704214885,1.2970026309424174,32,14,9,2025-03-06,True,"{""coefficient_0"": -1.5064364758631064, ""coefficient_1"": 6.1747418036561355, ""coefficient_2"": 0.07495521272779307}"
max,inverse_accuracy_date_moe,gemma-3-12b,gemma-3-12b,gemma-3-12b,2025-03-12,gemma3,google,0,0.40045024447896466,12.0,8.624085002694242,-0.14346821759049888,1.3914519622952572,32,14,9,2025-03-06,True,"{""coefficient_0"": -1.4746400130704662, ""coefficient_1"": 6.2051730828409895, ""coefficient_2"": -0.0624192450521072, ""coefficient_3"": 0.06060558629693958}"
max,forward_inverse,gemma-3-1b,gemma-3-1b,gemma-3-1b,2025-03-12,gemma3,google,0,0.20367796336627061,1.0,0.39944881050258435,-0.3985388677659434,2.50344968793825,32,14,9,2025-03-06,True,"{""intercept"": 0.26183657200097876, ""slope"": 0.14592957761114514}"
max,inverse_accuracy,gemma-3-1b,gemma-3-1b,gemma-3-1b,2025-03-12,gemma3,google,0,0.20367796336627061,1.0,0.5446700627967067,-0.26386649459926703,1.8359738643708812,32,14,9,2025-03-06,True,"{""coefficient_0"": -1.5444414297470803, ""coefficient_1"": 6.287253240278023}"
max,inverse_accuracy_date,gemma-3-1b,gemma-3-1b,gemma-3-1b,2025-03-12,gemma3,google,0,0.20367796336627061,1.0,0.4970513466749552,-0.30359874521886954,2.0118645823807535,32,14,9,2025-03-06,True,"{""coefficient_0"": -1.4982749669222657, ""coefficient_1"": 6.297759484913393, ""coefficient_2"": -0.07375252315214743}"
max,inverse_accuracy_moe,gemma-3-1b,gemma-3-1b,gemma-3-1b,2025-03-12,gemma3,google,0,0.20367796336627061,1.0,0.5639263125115314,-0.2487776409818523,1.7732813273889425,32,14,9,2025-03-06,True,"{""coefficient_0"": -1.5064364758631064, ""coefficient_1"": 6.1747418036561355, ""coefficient_2"": 0.07495521272779307}"
max,inverse_accuracy_date_moe,gemma-3-1b,gemma-3-1b,gemma-3-1b,2025-03-12,gemma3,google,0,0.20367796336627061,1.0,0.5184501043764921,-0.28529303375258364,1.9288259208716685,32,14,9,2025-03-06,True,"{""coefficient_0"": -1.4746400130704662, ""coefficient_1"": 6.2051730828409895, ""coefficient_2"": -0.0624192450521072, ""coefficient_3"": 0.06060558629693958}"
max,forward_inverse,gemma-3-270m,gemma-3-270m,gemma-3-270m,2025-03-12,gemma,google,0,0.142950177332093,0.268,0.15322042654342058,-0.24281812701066952,1.749114044686806,32,14,9,2025-03-06,True,"{""intercept"": 0.26183657200097876, ""slope"": 0.14592957761114514}"
max,inverse_accuracy,gemma-3-270m,gemma-3-270m,gemma-3-270m,2025-03-12,gemma,google,0,0.142950177332093,0.268,0.22611144003119696,-0.0738122581463494,1.1852562610853463,32,14,9,2025-03-06,True,"{""coefficient_0"": -1.5444414297470803, ""coefficient_1"": 6.287253240278023}"
max,inverse_accuracy_date,gemma-3-270m,gemma-3-270m,gemma-3-270m,2025-03-12,gemma,google,0,0.142950177332093,0.268,0.2060403430463266,-0.11418252974219156,1.3007161414973099,32,14,9,2025-03-06,True,"{""coefficient_0"": -1.4982749669222657, ""coefficient_1"": 6.297759484913393, ""coefficient_2"": -0.07375252315214743}"
max,inverse_accuracy_moe,gemma-3-270m,gemma-3-270m,gemma-3-270m,2025-03-12,gemma,google,0,0.142950177332093,0.268,0.237817582450047,-0.05189083407936279,1.1269141551226254,32,14,9,2025-03-06,True,"{""coefficient_0"": -1.5064364758631064, ""coefficient_1"": 6.1747418036561355, ""coefficient_2"": 0.07495521272779307}"
max,inverse_accuracy_date_moe,gemma-3-270m,gemma-3-270m,gemma-3-270m,2025-03-12,gemma,google,0,0.142950177332093,0.268,0.21771108539153242,-0.09025425106117846,1.230989223713748,32,14,9,2025-03-06,True,"{""coefficient_0"": -1.4746400130704662, ""coefficient_1"": 6.2051730828409895, ""coefficient_2"": -0.0624192450521072, ""coefficient_3"": 0.06060558629693958}"
max,forward_inverse,gemma-3-27b,gemma-3-27b,gemma-3-27b,2025-03-12,gemma3,google,0,0.46506642622408284,27.0,24.697730324606702,-0.03870671991915864,1.0932178643597674,32,14,9,2025-03-06,True,"{""intercept"": 0.26183657200097876, ""slope"": 0.14592957761114514}"
max,inverse_accuracy,gemma-3-27b,gemma-3-27b,gemma-3-27b,2025-03-12,gemma3,google,0,0.46506642622408284,27.0,23.9634291540278,-0.05181479868418282,1.126716874553065,32,14,9,2025-03-06,True,"{""coefficient_0"": -1.5444414297470803, ""coefficient_1"": 6.287253240278023}"
max,inverse_accuracy_date,gemma-3-27b,gemma-3-27b,gemma-3-27b,2025-03-12,gemma3,google,0,0.46506642622408284,27.0,22.007105528782798,-0.088800838168138,1.2268764724505485,32,14,9,2025-03-06,True,"{""coefficient_0"": -1.4982749669222657, ""coefficient_1"": 6.297759484913393, ""coefficient_2"": -0.07375252315214743}"
max,inverse_accuracy_moe,gemma-3-27b,gemma-3-27b,gemma-3-27b,2025-03-12,gemma3,google,0,0.46506642622408284,27.0,23.18614927745825,-0.06613513653928726,1.1644883191643043,32,14,9,2025-03-06,True,"{""coefficient_0"": -1.5064364758631064, ""coefficient_1"": 6.1747418036561355, ""coefficient_2"": 0.07495521272779307}"
max,inverse_accuracy_date_moe,gemma-3-27b,gemma-3-27b,gemma-3-27b,2025-03-12,gemma3,google,0,0.46506642622408284,27.0,21.710389752862785,-0.09469614402109294,1.243644186371169,32,14,9,2025-03-06,True,"{""coefficient_0"": -1.4746400130704662, ""coefficient_1"": 6.2051730828409895, ""coefficient_2"": -0.0624192450521072, ""coefficient_3"": 0.06060558629693958}"
max,forward_inverse,gemma-3-4b,gemma-3-4b,gemma-3-4b,2025-03-12,gemma3,google,0,0.3301997089406739,4.0,2.940807698191818,-0.1335933647619576,1.3601705417390724,32,14,9,2025-03-06,True,"{""intercept"": 0.26183657200097876, ""slope"": 0.14592957761114514}"
max,inverse_accuracy,gemma-3-4b,gemma-3-4b,gemma-3-4b,2025-03-12,gemma3,google,0,0.3301997089406739,4.0,3.4010088358035695,-0.07045223109893073,1.1761216136490584,32,14,9,2025-03-06,True,"{""coefficient_0"": -1.5444414297470803, ""coefficient_1"": 6.287253240278023}"
max,inverse_accuracy_date,gemma-3-4b,gemma-3-4b,gemma-3-4b,2025-03-12,gemma3,google,0,0.3301997089406739,4.0,3.113183915878946,-0.10885521330783454,1.284858237766746,32,14,9,2025-03-06,True,"{""coefficient_0"": -1.4982749669222657, ""coefficient_1"": 6.297759484913393, ""coefficient_2"": -0.07375252315214743}"
max,inverse_accuracy_moe,gemma-3-4b,gemma-3-4b,gemma-3-4b,2025-03-12,gemma3,google,0,0.3301997089406739,4.0,3.407700911954893,-0.06959852084000107,1.1738119346000124,32,14,9,2025-03-06,True,"{""coefficient_0"": -1.5064364758631064, ""coefficient_1"": 6.1747418036561355, ""coefficient_2"": 0.07495521272779307}"
max,inverse_accuracy_date_moe,gemma-3-4b,gemma-3-4b,gemma-3-4b,2025-03-12,gemma3,google,0,0.3301997089406739,4.0,3.1607947569716104,-0.10226369504820287,1.265504503630739,32,14,9,2025-03-06,True,"{""coefficient_0"": -1.4746400130704662, ""coefficient_1"": 6.2051730828409895, ""coefficient_2"": -0.0624192450521072, ""coefficient_3"": 0.06060558629693958}"
max,forward_inverse,command-a,command-a,command-a,2025-03-13,command,cohere,0,0.6124698891016755,111.0,229.46412708017402,0.31539182163625945,2.067244388109675,37,16,9,2025-03-12,True,"{""intercept"": 0.25274016423412493, ""slope"": 0.1523816959181625}"
max,inverse_accuracy,command-a,command-a,command-a,2025-03-13,command,cohere,0,0.6124698891016755,111.0,191.86154160989054,0.23766495092291962,1.72848235684586,37,16,9,2025-03-12,True,"{""coefficient_0"": -1.486887712684523, ""coefficient_1"": 6.155201601703992}"
max,inverse_accuracy_date,command-a,command-a,command-a,2025-03-13,command,cohere,0,0.6124698891016755,111.0,201.5799565127288,0.2591243683882585,1.8160356442588175,37,16,9,2025-03-12,True,"{""coefficient_0"": -1.524263655207074, ""coefficient_1"": 6.164363736617182, ""coefficient_2"": 0.04448513332345455}"
max,inverse_accuracy_moe,command-a,command-a,command-a,2025-03-13,command,cohere,0,0.6124698891016755,111.0,173.38434477109254,0.1936869027822241,1.5620211240638964,37,16,9,2025-03-12,True,"{""coefficient_0"": -1.4387869084096163, ""coefficient_1"": 6.004861390611074, ""coefficient_2"": 0.11311335369680003}"
max,inverse_accuracy_date_moe,command-a,command-a,command-a,2025-03-13,command,cohere,0,0.6124698891016755,111.0,183.69791005858355,0.2187812365546007,1.654936126653905,37,16,9,2025-03-12,True,"{""coefficient_0"": -1.485911673178187, ""coefficient_1"": 5.999795358980509, ""coefficient_2"": 0.06295496672388613, ""coefficient_3"": 0.1266804694663821}"
max,forward_inverse,nemotron-super-49b,nemotron-super-49b,nemotron-super-49b-think,2025-03-18,nemotron,nvidia,0,0.4607484617888332,49.0,24.021021482012156,-0.30960460841172366,2.0398799458504726,39,16,9,2025-03-13,True,"{""intercept"": 0.2523493319134615, ""slope"": 0.15094916502078537}"
max,inverse_accuracy,nemotron-super-49b,nemotron-super-49b,nemotron-super-49b-think,2025-03-18,nemotron,nvidia,0,0.4607484617888332,49.0,23.015380247243463,-0.32817792556865233,2.129011099256928,39,16,9,2025-03-13,True,"{""coefficient_0"": -1.464131844305534, ""coefficient_1"": 6.133824056173746}"
max,inverse_accuracy_date,nemotron-super-49b,nemotron-super-49b,nemotron-super-49b-think,2025-03-18,nemotron,nvidia,0,0.4607484617888332,49.0,22.003869911197615,-0.3476970113301363,2.2268810076478522,39,16,9,2025-03-13,True,"{""coefficient_0"": -1.429486356564576, ""coefficient_1"": 6.127889630762611, ""coefficient_2"": -0.04249980918280982}"
max,inverse_accuracy_moe,nemotron-super-49b,nemotron-super-49b,nemotron-super-49b-think,2025-03-18,nemotron,nvidia,0,0.4607484617888332,49.0,22.14956270338805,-0.344830923617518,2.2122332912922404,39,16,9,2025-03-13,True,"{""coefficient_0"": -1.4252510942929837, ""coefficient_1"": 6.013294629236955, ""coefficient_2"": 0.09432501141879822}"
max,inverse_accuracy_date_moe,nemotron-super-49b,nemotron-super-49b,nemotron-super-49b-think,2025-03-18,nemotron,nvidia,0,0.4607484617888332,49.0,21.527855632965533,-0.357195307666752,2.2761208006693643,39,16,9,2025-03-13,True,"{""coefficient_0"": -1.4039934017269233, ""coefficient_1"": 6.018063442764985, ""coefficient_2"": -0.029599546077451997, ""coefficient_3"": 0.08735846503577804}"
max,forward_inverse,llama-4-maverick,llama-4-maverick,llama-4-maverick,2025-04-05,llama4,meta,1,0.642747310297538,402.0,431.0585511142825,0.030310211737003545,1.0722849530206038,34,15,9,2025-03-18,True,"{""intercept"": 0.2525564042586623, ""slope"": 0.1481061055218826}"
max,inverse_accuracy,llama-4-maverick,llama-4-maverick,llama-4-maverick,2025-04-05,llama4,meta,1,0.642747310297538,402.0,332.8947904451614,-0.08191905425890056,1.207588738359131,34,15,9,2025-03-18,True,"{""coefficient_0"": -1.485787411276033, ""coefficient_1"": 6.235878930782599}"
max,inverse_accuracy_date,llama-4-maverick,llama-4-maverick,llama-4-maverick,2025-04-05,llama4,meta,1,0.642747310297538,402.0,311.56764328091856,-0.11067370380859565,1.2902495129686646,34,15,9,2025-03-18,True,"{""coefficient_0"": -1.4346662734027946, ""coefficient_1"": 6.2327543314841085, ""coefficient_2"": -0.06182845571554983}"
max,inverse_accuracy_moe,llama-4-maverick,llama-4-maverick,llama-4-maverick,2025-04-05,llama4,meta,1,0.642747310297538,402.0,344.93696953544,-0.06648630955846757,1.1654303119245584,34,15,9,2025-03-18,True,"{""coefficient_0"": -1.4729659997183806, ""coefficient_1"": 6.195952336681329, ""coefficient_2"": 0.028274044110713374}"
max,inverse_accuracy_date_moe,llama-4-maverick,llama-4-maverick,llama-4-maverick,2025-04-05,llama4,meta,1,0.642747310297538,402.0,314.36772810540936,-0.10678809658576416,1.2787572134796445,34,15,9,2025-03-18,True,"{""coefficient_0"": -1.433128577296969, ""coefficient_1"": 6.22444866498817, ""coefficient_2"": -0.06043508462650272, ""coefficient_3"": 0.005931528536357443}"
max,forward_inverse,llama-4-scout,llama-4-scout,llama-4-scout,2025-04-05,llama4,meta,1,0.4879248209742171,109.0,38.831825270938594,-0.4482386931152571,2.806975959525001,34,15,9,2025-03-18,True,"{""intercept"": 0.2525564042586623, ""slope"": 0.1481061055218826}"
max,inverse_accuracy,llama-4-scout,llama-4-scout,llama-4-scout,2025-04-05,llama4,meta,1,0.4879248209742171,109.0,36.04563657217519,-0.480573798297665,3.023944376228348,34,15,9,2025-03-18,True,"{""coefficient_0"": -1.485787411276033, ""coefficient_1"": 6.235878930782599}"
max,inverse_accuracy_date,llama-4-scout,llama-4-scout,llama-4-scout,2025-04-05,llama4,meta,1,0.4879248209742171,109.0,33.77394628532037,-0.5088446896058296,3.2273397689205243,34,15,9,2025-03-18,True,"{""coefficient_0"": -1.4346662734027946, ""coefficient_1"": 6.2327543314841085, ""coefficient_2"": -0.06182845571554983}"
max,inverse_accuracy_moe,llama-4-scout,llama-4-scout,llama-4-scout,2025-04-05,llama4,meta,1,0.4879248209742171,109.0,37.884972734929335,-0.45895951890827136,2.877130221595852,34,15,9,2025-03-18,True,"{""coefficient_0"": -1.4729659997183806, ""coefficient_1"": 6.195952336681329, ""coefficient_2"": 0.028274044110713374}"
max,inverse_accuracy_date_moe,llama-4-scout,llama-4-scout,llama-4-scout,2025-04-05,llama4,meta,1,0.4879248209742171,109.0,34.1785252389693,-0.5036731784206083,3.189137016237366,34,15,9,2025-03-18,True,"{""coefficient_0"": -1.433128577296969, ""coefficient_1"": 6.22444866498817, ""coefficient_2"": -0.06043508462650272, ""coefficient_3"": 0.005931528536357443}"
max,forward_inverse,glm-4-32b,glm-4-32b,glm-4-32b,2025-04-15,glm,zhipu,0,0.5062689042941333,32.0,50.675789318969535,0.1996505436076117,1.5836184162177978,43,18,10,2025-04-05,True,"{""intercept"": 0.25248573582182865, ""slope"": 0.1488638495871452}"
max,inverse_accuracy,glm-4-32b,glm-4-32b,glm-4-32b,2025-04-15,glm,zhipu,0,0.5062689042941333,32.0,46.45963401755986,0.16192580603410267,1.4518635630487453,43,18,10,2025-04-05,True,"{""coefficient_0"": -1.4718693893393529, ""coefficient_1"": 6.200154003275875}"
max,inverse_accuracy_date,glm-4-32b,glm-4-32b,glm-4-32b,2025-04-15,glm,zhipu,0,0.5062689042941333,32.0,48.61772706618921,0.18164467290304342,1.5193039708184126,43,18,10,2025-04-05,True,"{""coefficient_0"": -1.502718658135785, ""coefficient_1"": 6.198274023851212, ""coefficient_2"": 0.040037547692779916}"
max,inverse_accuracy_moe,glm-4-32b,glm-4-32b,glm-4-32b,2025-04-15,glm,zhipu,0,0.5062689042941333,32.0,41.87447845888402,0.11679943267808746,1.3085774518401254,43,18,10,2025-04-05,True,"{""coefficient_0"": -1.394699231900329, ""coefficient_1"": 5.958589629565127, ""coefficient_2"": 0.16900955072793947}"
max,inverse_accuracy_date_moe,glm-4-32b,glm-4-32b,glm-4-32b,2025-04-15,glm,zhipu,0,0.5062689042941333,32.0,44.01399187133185,0.13844078058778986,1.37543724597912,43,18,10,2025-04-05,True,"{""coefficient_0"": -1.4284892618037284, ""coefficient_1"": 5.954024565499508, ""coefficient_2"": 0.04487331548373585, ""coefficient_3"": 0.17072929404960438}"
max,forward_inverse,granite-3.3-2b,granite-3.3-2b,granite-3.3-2b,2025-04-15,granite,ibm,0,0.3004519352636091,2.0,2.0999803423847263,0.021185233720510288,1.0499901711923632,43,18,10,2025-04-05,True,"{""intercept"": 0.25248573582182865, ""slope"": 0.1488638495871452}"
max,inverse_accuracy,granite-3.3-2b,granite-3.3-2b,granite-3.3-2b,2025-04-15,granite,ibm,0,0.3004519352636091,2.0,2.4602479572159486,0.08994888421331587,1.2301239786079743,43,18,10,2025-04-05,True,"{""coefficient_0"": -1.4718693893393529, ""coefficient_1"": 6.200154003275875}"
max,inverse_accuracy_date,granite-3.3-2b,granite-3.3-2b,granite-3.3-2b,2025-04-15,granite,ibm,0,0.3004519352636091,2.0,2.576823535149939,0.11005468274928065,1.2884117675749696,43,18,10,2025-04-05,True,"{""coefficient_0"": -1.502718658135785, ""coefficient_1"": 6.198274023851212, ""coefficient_2"": 0.040037547692779916}"
max,inverse_accuracy_moe,granite-3.3-2b,granite-3.3-2b,granite-3.3-2b,2025-04-15,granite,ibm,0,0.3004519352636091,2.0,2.486397461604627,0.09454055808020373,1.2431987308023136,43,18,10,2025-04-05,True,"{""coefficient_0"": -1.394699231900329, ""coefficient_1"": 5.958589629565127, ""coefficient_2"": 0.16900955072793947}"
max,inverse_accuracy_date_moe,granite-3.3-2b,granite-3.3-2b,granite-3.3-2b,2025-04-15,granite,ibm,0,0.3004519352636091,2.0,2.6190963136777325,0.1171214736393223,1.3095481568388663,43,18,10,2025-04-05,True,"{""coefficient_0"": -1.4284892618037284, ""coefficient_1"": 5.954024565499508, ""coefficient_2"": 0.04487331548373585, ""coefficient_3"": 0.17072929404960438}"
max,forward_inverse,qwen3-0.6b,qwen3-0.6b,qwen3-0.6b,2025-04-29,qwen,alibaba,0,0.10967071805841186,0.596,0.09939884715449186,-0.7778649123383569,5.996045397525182,41,18,11,2025-04-15,True,"{""intercept"": 0.2576037937714259, ""slope"": 0.1475467021580637}"
max,inverse_accuracy,qwen3-0.6b,qwen3-0.6b,qwen3-0.6b,2025-04-29,qwen,alibaba,0,0.10967071805841186,0.596,0.1484920941603338,-0.6035429276623614,4.013681693763919,41,18,11,2025-04-15,True,"{""coefficient_0"": -1.5133511866225657, ""coefficient_1"": 6.246466977042797}"
max,inverse_accuracy_date,qwen3-0.6b,qwen3-0.6b,qwen3-0.6b,2025-04-29,qwen,alibaba,0,0.10967071805841186,0.596,0.15283657792960315,-0.5910189546372914,3.8995900593542396,41,18,11,2025-04-15,True,"{""coefficient_0"": -1.5340467094737824, ""coefficient_1"": 6.247449694205722, ""coefficient_2"": 0.024987718887641924}"
max,inverse_accuracy_moe,qwen3-0.6b,qwen3-0.6b,qwen3-0.6b,2025-04-29,qwen,alibaba,0,0.10967071805841186,0.596,0.17170431818596388,-0.5404650423850624,3.4710833501257894,41,18,11,2025-04-15,True,"{""coefficient_0"": -1.4180112445291277, ""coefficient_1"": 5.952294955674651, ""coefficient_2"": 0.19613870237433448}"
max,inverse_accuracy_date_moe,qwen3-0.6b,qwen3-0.6b,qwen3-0.6b,2025-04-29,qwen,alibaba,0,0.10967071805841186,0.596,0.17827531492534374,-0.5241550474336042,3.343143722671793,41,18,11,2025-04-15,True,"{""coefficient_0"": -1.4434035480939036, ""coefficient_1"": 5.951237350836795, ""coefficient_2"": 0.03155811829142813, ""coefficient_3"": 0.19767137188925823}"
max,forward_inverse,qwen3-14b,qwen3-14b,qwen3-14b-think,2025-04-29,qwen3,alibaba,0,0.4355244163813639,14.0,16.064222254473876,0.05973166845351119,1.1474444467481342,41,18,11,2025-04-15,True,"{""intercept"": 0.2576037937714259, ""slope"": 0.1475467021580637}"
max,inverse_accuracy,qwen3-14b,qwen3-14b,qwen3-14b-think,2025-04-29,qwen3,alibaba,0,0.4355244163813639,14.0,16.111563896412502,0.061009662321222624,1.1508259926008932,41,18,11,2025-04-15,True,"{""coefficient_0"": -1.5133511866225657, ""coefficient_1"": 6.246466977042797}"
max,inverse_accuracy_date,qwen3-14b,qwen3-14b,qwen3-14b-think,2025-04-29,qwen3,alibaba,0,0.4355244163813639,14.0,16.595177160528486,0.07385385736823769,1.1853697971806063,41,18,11,2025-04-15,True,"{""coefficient_0"": -1.5340467094737824, ""coefficient_1"": 6.247449694205722, ""coefficient_2"": 0.024987718887641924}"
max,inverse_accuracy_moe,qwen3-14b,qwen3-14b,qwen3-14b-think,2025-04-29,qwen3,alibaba,0,0.4355244163813639,14.0,14.940273304820996,0.02823050649257297,1.0671623789157856,41,18,11,2025-04-15,True,"{""coefficient_0"": -1.4180112445291277, ""coefficient_1"": 5.952294955674651, ""coefficient_2"": 0.19613870237433448}"
max,inverse_accuracy_date_moe,qwen3-14b,qwen3-14b,qwen3-14b-think,2025-04-29,qwen3,alibaba,0,0.4355244163813639,14.0,15.499722137608689,0.044195876996251826,1.1071230098291922,41,18,11,2025-04-15,True,"{""coefficient_0"": -1.4434035480939036, ""coefficient_1"": 5.951237350836795, ""coefficient_2"": 0.03155811829142813, ""coefficient_3"": 0.19767137188925823}"
max,forward_inverse,qwen3-235b-a22b,qwen3-235b-a22b,qwen3-235b-a22b-think,2025-04-29,qwen3,alibaba,1,0.547118545828504,235.0,91.66226828565566,-0.4088772621258445,2.563759378806202,41,18,11,2025-04-15,True,"{""intercept"": 0.2576037937714259, ""slope"": 0.1475467021580637}"
max,inverse_accuracy,qwen3-235b-a22b,qwen3-235b-a22b,qwen3-235b-a22b-think,2025-04-29,qwen3,alibaba,1,0.547118545828504,235.0,80.2059786684097,-0.46686111984887524,2.9299561441865207,41,18,11,2025-04-15,True,"{""coefficient_0"": -1.5133511866225657, ""coefficient_1"": 6.246466977042797}"
max,inverse_accuracy_date,qwen3-235b-a22b,qwen3-235b-a22b,qwen3-235b-a22b-think,2025-04-29,qwen3,alibaba,1,0.547118545828504,235.0,82.63434764912023,-0.4539072593355713,2.8438537567677153,41,18,11,2025-04-15,True,"{""coefficient_0"": -1.5340467094737824, ""coefficient_1"": 6.247449694205722, ""coefficient_2"": 0.024987718887641924}"
max,inverse_accuracy_moe,qwen3-235b-a22b,qwen3-235b-a22b,qwen3-235b-a22b-think,2025-04-29,qwen3,alibaba,1,0.547118545828504,235.0,108.32742461982977,-0.3363294439354747,2.1693490898054852,41,18,11,2025-04-15,True,"{""coefficient_0"": -1.4180112445291277, ""coefficient_1"": 5.952294955674651, ""coefficient_2"": 0.19613870237433448}"
max,inverse_accuracy_date_moe,qwen3-235b-a22b,qwen3-235b-a22b,qwen3-235b-a22b-think,2025-04-29,qwen3,alibaba,1,0.547118545828504,235.0,112.75048945954512,-0.31894942640805146,2.0842481582691312,41,18,11,2025-04-15,True,"{""coefficient_0"": -1.4434035480939036, ""coefficient_1"": 5.951237350836795, ""coefficient_2"": 0.03155811829142813, ""coefficient_3"": 0.19767137188925823}"
max,forward_inverse,qwen3-30b-a3b,qwen3-30b-a3b,qwen3-30b-a3b-think,2025-04-29,qwen3,alibaba,1,0.44819830691502033,30.0,19.577498007628666,-0.18536406627762925,1.5323715006028884,41,18,11,2025-04-15,True,"{""intercept"": 0.2576037937714259, ""slope"": 0.1475467021580637}"
max,inverse_accuracy,qwen3-30b-a3b,qwen3-30b-a3b,qwen3-30b-a3b-think,2025-04-29,qwen3,alibaba,1,0.44819830691502033,30.0,19.333244204329663,-0.19081651803106148,1.551731291599861,41,18,11,2025-04-15,True,"{""coefficient_0"": -1.5133511866225657, ""coefficient_1"": 6.246466977042797}"
max,inverse_accuracy_date,qwen3-30b-a3b,qwen3-30b-a3b,qwen3-30b-a3b-think,2025-04-29,qwen3,alibaba,1,0.44819830691502033,30.0,19.914132232964448,-0.17795986813429843,1.5064678515260692,41,18,11,2025-04-15,True,"{""coefficient_0"": -1.5340467094737824, ""coefficient_1"": 6.247449694205722, ""coefficient_2"": 0.024987718887641924}"
max,inverse_accuracy_moe,qwen3-30b-a3b,qwen3-30b-a3b,qwen3-30b-a3b-think,2025-04-29,qwen3,alibaba,1,0.44819830691502033,30.0,27.921322136043027,-0.031185275482261465,1.074447687463684,41,18,11,2025-04-15,True,"{""coefficient_0"": -1.4180112445291277, ""coefficient_1"": 5.952294955674651, ""coefficient_2"": 0.19613870237433448}"
max,inverse_accuracy_date_moe,qwen3-30b-a3b,qwen3-30b-a3b,qwen3-30b-a3b-think,2025-04-29,qwen3,alibaba,1,0.44819830691502033,30.0,29.068365700648126,-0.013700639431601491,1.0320497653341103,41,18,11,2025-04-15,True,"{""coefficient_0"": -1.4434035480939036, ""coefficient_1"": 5.951237350836795, ""coefficient_2"": 0.03155811829142813, ""coefficient_3"": 0.19767137188925823}"
max,forward_inverse,qwen3-32b,qwen3-32b,qwen3-32b-think,2025-04-29,qwen3,alibaba,0,0.4656513675898899,32.0,25.706655083749393,-0.09510440782937102,1.2448138388968772,41,18,11,2025-04-15,True,"{""intercept"": 0.2576037937714259, ""slope"": 0.1475467021580637}"
max,inverse_accuracy,qwen3-32b,qwen3-32b,qwen3-32b-think,2025-04-29,qwen3,alibaba,0,0.4656513675898899,32.0,24.849903343911997,-0.1098252744774082,1.2877313668843593,41,18,11,2025-04-15,True,"{""coefficient_0"": -1.5133511866225657, ""coefficient_1"": 6.246466977042797}"
max,inverse_accuracy_date,qwen3-32b,qwen3-32b,qwen3-32b-think,2025-04-29,qwen3,alibaba,0,0.4656513675898899,32.0,25.597556199234894,-0.09695147315837427,1.2501193376013167,41,18,11,2025-04-15,True,"{""coefficient_0"": -1.5340467094737824, ""coefficient_1"": 6.247449694205722, ""coefficient_2"": 0.024987718887641924}"
max,inverse_accuracy_moe,qwen3-32b,qwen3-32b,qwen3-32b-think,2025-04-29,qwen3,alibaba,0,0.4656513675898899,32.0,22.57787383517648,-0.1514669364407295,1.4173168046560605,41,18,11,2025-04-15,True,"{""coefficient_0"": -1.4180112445291277, ""coefficient_1"": 5.952294955674651, ""coefficient_2"": 0.19613870237433448}"
max,inverse_accuracy_date_moe,qwen3-32b,qwen3-32b,qwen3-32b-think,2025-04-29,qwen3,alibaba,0,0.4656513675898899,32.0,23.42159947474036,-0.13553342834639892,1.3662602348960515,41,18,11,2025-04-15,True,"{""coefficient_0"": -1.4434035480939036, ""coefficient_1"": 5.951237350836795, ""coefficient_2"": 0.03155811829142813, ""coefficient_3"": 0.19767137188925823}"
max,forward_inverse,qwen3-8b,qwen3-8b,qwen3-8b-think,2025-04-29,qwen3,alibaba,0,0.42206391862177306,8.0,13.020599404518103,0.2115409904877461,1.6275749255647631,41,18,11,2025-04-15,True,"{""intercept"": 0.2576037937714259, ""slope"": 0.1475467021580637}"
max,inverse_accuracy,qwen3-8b,qwen3-8b,qwen3-8b-think,2025-04-29,qwen3,alibaba,0,0.42206391862177306,8.0,13.275691240595958,0.21996715625767438,1.659461405074495,41,18,11,2025-04-15,True,"{""coefficient_0"": -1.5133511866225657, ""coefficient_1"": 6.246466977042797}"
max,inverse_accuracy_date,qwen3-8b,qwen3-8b,qwen3-8b-think,2025-04-29,qwen3,alibaba,0,0.42206391862177306,8.0,13.67376495832092,0.23279812344251938,1.7092206197901152,41,18,11,2025-04-15,True,"{""coefficient_0"": -1.5340467094737824, ""coefficient_1"": 6.247449694205722, ""coefficient_2"": 0.024987718887641924}"
max,inverse_accuracy_moe,qwen3-8b,qwen3-8b,qwen3-8b-think,2025-04-29,qwen3,alibaba,0,0.42206391862177306,8.0,12.423320495675702,0.19114770226358457,1.552915061959463,41,18,11,2025-04-15,True,"{""coefficient_0"": -1.4180112445291277, ""coefficient_1"": 5.952294955674651, ""coefficient_2"": 0.19613870237433448}"
max,inverse_accuracy_date_moe,qwen3-8b,qwen3-8b,qwen3-8b-think,2025-04-29,qwen3,alibaba,0,0.42206391862177306,8.0,12.888942779640225,0.207127308654814,1.6111178474550283,41,18,11,2025-04-15,True,"{""coefficient_0"": -1.4434035480939036, ""coefficient_1"": 5.951237350836795, ""coefficient_2"": 0.03155811829142813, ""coefficient_3"": 0.19767137188925823}"
max,forward_inverse,gemma-3n-e4b,gemma-3n-e4b,gemma-3n-e4b,2025-06-26,gemma3n,google,0,0.34761465661461477,4.0,4.309940638840691,0.032411297301107256,1.0774851597101727,44,18,11,2025-04-29,True,"{""intercept"": 0.25364604998318535, ""slope"": 0.1481053726394327}"
max,inverse_accuracy,gemma-3n-e4b,gemma-3n-e4b,gemma-3n-e4b,2025-06-26,gemma3n,google,0,0.34761465661461477,4.0,4.984934716575691,0.09559948377375649,1.2462336791439226,44,18,11,2025-04-29,True,"{""coefficient_0"": -1.4238179743161907, ""coefficient_1"": 6.102957424404286}"
max,inverse_accuracy_date,gemma-3n-e4b,gemma-3n-e4b,gemma-3n-e4b,2025-06-26,gemma3n,google,0,0.34761465661461477,4.0,5.604686400598822,0.14649132617401284,1.4011716001497054,44,18,11,2025-04-29,True,"{""coefficient_0"": -1.4862104760868227, ""coefficient_1"": 6.092106302930589, ""coefficient_2"": 0.07888345562056191}"
max,inverse_accuracy_moe,gemma-3n-e4b,gemma-3n-e4b,gemma-3n-e4b,2025-06-26,gemma3n,google,0,0.34761465661461477,4.0,4.812623615962401,0.08032190652176052,1.2031559039906004,44,18,11,2025-04-29,True,"{""coefficient_0"": -1.3013509232934763, ""coefficient_1"": 5.706700748646734, ""coefficient_2"": 0.26330842363326934}"
max,inverse_accuracy_date_moe,gemma-3n-e4b,gemma-3n-e4b,gemma-3n-e4b,2025-06-26,gemma3n,google,0,0.34761465661461477,4.0,5.336763036290692,0.12521792829854295,1.334190759072673,44,18,11,2025-04-29,True,"{""coefficient_0"": -1.357657523930626, ""coefficient_1"": 5.701999342711441, ""coefficient_2"": 0.06930106592927873, ""coefficient_3"": 0.2600978941265923}"
max,forward_inverse,ernie-4.5-300b-a47b,ernie-4.5-300b-a47b,ernie-4.5-300b-a47b,2025-06-30,ernie,baidu,1,0.5383758901248453,300.0,84.56413221253204,-0.5499350581727329,3.5476033650534093,52,22,12,2025-06-26,True,"{""intercept"": 0.24822801418736057, ""slope"": 0.15055518582343647}"
max,inverse_accuracy,ernie-4.5-300b-a47b,ernie-4.5-300b-a47b,ernie-4.5-300b-a47b,2025-06-30,ernie,baidu,1,0.5383758901248453,300.0,73.3515970177702,-0.6117116809377061,4.089890502688332,52,22,12,2025-06-26,True,"{""coefficient_0"": -1.4112430155565445, ""coefficient_1"": 6.086180026707121}"
max,inverse_accuracy_date,ernie-4.5-300b-a47b,ernie-4.5-300b-a47b,ernie-4.5-300b-a47b,2025-06-30,ernie,baidu,1,0.5383758901248453,300.0,80.12594965924046,-0.5733480648689357,3.744105390024577,52,22,12,2025-06-26,True,"{""coefficient_0"": -1.468734220721283, ""coefficient_1"": 6.093077766723524, ""coefficient_2"": 0.06163844228036218}"
max,inverse_accuracy_moe,ernie-4.5-300b-a47b,ernie-4.5-300b-a47b,ernie-4.5-300b-a47b,2025-06-30,ernie,baidu,1,0.5383758901248453,300.0,107.89956907026978,-0.444101544520326,2.7803632821241817,52,22,12,2025-06-26,True,"{""coefficient_0"": -1.3048802239336688, ""coefficient_1"": 5.736060724299534, ""coefficient_2"": 0.2497431358780786}"
max,inverse_accuracy_date_moe,ernie-4.5-300b-a47b,ernie-4.5-300b-a47b,ernie-4.5-300b-a47b,2025-06-30,ernie,baidu,1,0.5383758901248453,300.0,115.91404138467769,-0.4129852067930049,2.5881247553469926,52,22,12,2025-06-26,True,"{""coefficient_0"": -1.3553297774337996, ""coefficient_1"": 5.7457170539563105, ""coefficient_2"": 0.05287077441985844, ""coefficient_3"": 0.24707554094773998}"
max,forward_inverse,kimi-k2,kimi-k2,kimi-k2,2025-07-11,kimi,moonshot,1,0.6922443970121994,1000.0,975.1168252437549,-0.010943349922687862,1.0255181472743278,53,23,13,2025-06-30,True,"{""intercept"": 0.24969937218431232, ""slope"": 0.1480550811295064}"
max,inverse_accuracy,kimi-k2,kimi-k2,kimi-k2,2025-07-11,kimi,moonshot,1,0.6922443970121994,1000.0,677.3806288312061,-0.16916722710680787,1.4762748703420425,53,23,13,2025-06-30,True,"{""coefficient_0"": -1.428133735868184, ""coefficient_1"": 6.152403005562095}"
max,inverse_accuracy_date,kimi-k2,kimi-k2,kimi-k2,2025-07-11,kimi,moonshot,1,0.6922443970121994,1000.0,789.5586292954957,-0.10261561558079935,1.2665303916598012,53,23,13,2025-06-30,True,"{""coefficient_0"": -1.5232960210580075, ""coefficient_1"": 6.157031202472963, ""coefficient_2"": 0.10394218488506204}"
max,inverse_accuracy_moe,kimi-k2,kimi-k2,kimi-k2,2025-07-11,kimi,moonshot,1,0.6922443970121994,1000.0,906.3614563823323,-0.0426985714107504,1.103312583471299,53,23,13,2025-06-30,True,"{""coefficient_0"": -1.2954663559162904, ""coefficient_1"": 5.712216487062904, ""coefficient_2"": 0.2985179268155356}"
max,inverse_accuracy_date_moe,kimi-k2,kimi-k2,kimi-k2,2025-07-11,kimi,moonshot,1,0.6922443970121994,1000.0,1010.4522383963996,0.0045157902995081045,1.0104522383963996,53,23,13,2025-06-30,True,"{""coefficient_0"": -1.3726261053107789, ""coefficient_1"": 5.729316913291334, ""coefficient_2"": 0.07981929252986501, ""coefficient_3"": 0.2893313084022927}"
max,forward_inverse,glm-4.5,glm-4.5,glm-4.5-think,2025-07-28,glm,zhipu,1,0.6677866908796538,355.0,677.9122050878769,0.2809450999347436,1.909611845317963,53,23,13,2025-07-11,True,"{""intercept"": 0.24935695539372005, ""slope"": 0.14779374786947597}"
max,inverse_accuracy,glm-4.5,glm-4.5,glm-4.5-think,2025-07-28,glm,zhipu,1,0.6677866908796538,355.0,500.6554143507407,0.14931056416044175,1.4102969418330722,53,23,13,2025-07-11,True,"{""coefficient_0"": -1.4446656036994148, ""coefficient_1"": 6.20588067644164}"
max,inverse_accuracy_date,glm-4.5,glm-4.5,glm-4.5-think,2025-07-28,glm,zhipu,1,0.6677866908796538,355.0,600.5073950176637,0.22829000688631185,1.69157012681032,53,23,13,2025-07-11,True,"{""coefficient_0"": -1.5495757289434118, ""coefficient_1"": 6.195724539052158, ""coefficient_2"": 0.12132898766173382}"
max,inverse_accuracy_moe,glm-4.5,glm-4.5,glm-4.5-think,2025-07-28,glm,zhipu,1,0.6677866908796538,355.0,665.4025199525727,0.2728560882018223,1.8743732956410493,53,23,13,2025-07-11,True,"{""coefficient_0"": -1.301226192630069, ""coefficient_1"": 5.732447560828212, ""coefficient_2"": 0.296258446600371}"
max,inverse_accuracy_date_moe,glm-4.5,glm-4.5,glm-4.5-think,2025-07-28,glm,zhipu,1,0.6677866908796538,355.0,746.2317315214467,0.3226453592611689,2.1020612155533707,53,23,13,2025-07-11,True,"{""coefficient_0"": -1.3830831900297664, ""coefficient_1"": 5.7494332941002995, ""coefficient_2"": 0.0861882924578196, ""coefficient_3"": 0.2811146956301832}"
max,forward_inverse,glm-4.5-air,glm-4.5-air,glm-4.5-air-think,2025-07-28,glm,zhipu,1,0.5827082837681729,106.0,180.10141245965517,0.23021125355714345,1.6990699288646707,53,23,13,2025-07-11,True,"{""intercept"": 0.24935695539372005, ""slope"": 0.14779374786947597}"
max,inverse_accuracy,glm-4.5-air,glm-4.5-air,glm-4.5-air-think,2025-07-28,glm,zhipu,1,0.5827082837681729,106.0,148.44052255984053,0.14624660927519084,1.4003822883003818,53,23,13,2025-07-11,True,"{""coefficient_0"": -1.4446656036994148, ""coefficient_1"": 6.20588067644164}"
max,inverse_accuracy_date,glm-4.5-air,glm-4.5-air,glm-4.5-air-think,2025-07-28,glm,zhipu,1,0.5827082837681729,106.0,178.4004663264835,0.226090119992564,1.6830232672309757,53,23,13,2025-07-11,True,"{""coefficient_0"": -1.5495757289434118, ""coefficient_1"": 6.195724539052158, ""coefficient_2"": 0.12132898766173382}"
max,inverse_accuracy_moe,glm-4.5-air,glm-4.5-air,glm-4.5-air-think,2025-07-28,glm,zhipu,1,0.5827082837681729,106.0,216.45964105029574,0.3100710686667876,2.042072085380148,53,23,13,2025-07-11,True,"{""coefficient_0"": -1.301226192630069, ""coefficient_1"": 5.732447560828212, ""coefficient_2"": 0.296258446600371}"
max,inverse_accuracy_date_moe,glm-4.5-air,glm-4.5-air,glm-4.5-air-think,2025-07-28,glm,zhipu,1,0.5827082837681729,106.0,241.94747040628567,0.3584152205957247,2.282523305719675,53,23,13,2025-07-11,True,"{""coefficient_0"": -1.3830831900297664, ""coefficient_1"": 5.7494332941002995, ""coefficient_2"": 0.0861882924578196, ""coefficient_3"": 0.2811146956301832}"
max,forward_inverse,gpt-oss-120b,gpt-oss-120b,gpt-oss-120b-think,2025-08-05,gpt-oss,openai,0,0.5641110154555697,120.0,127.73728824521834,0.027136446167024708,1.0644774020434866,56,24,14,2025-07-28,True,"{""intercept"": 0.24899789977559136, ""slope"": 0.14960379283936906}"
max,inverse_accuracy,gpt-oss-120b,gpt-oss-120b,gpt-oss-120b-think,2025-08-05,gpt-oss,openai,0,0.5641110154555697,120.0,109.70977874941354,-0.038935906826265576,1.0937949321189513,56,24,14,2025-07-28,True,"{""coefficient_0"": -1.4276153268439067, ""coefficient_1"": 6.1474790795649685}"
max,inverse_accuracy_date,gpt-oss-120b,gpt-oss-120b,gpt-oss-120b-think,2025-08-05,gpt-oss,openai,0,0.5641110154555697,120.0,123.81951655102293,0.013607857944938129,1.031829304591858,56,24,14,2025-07-28,True,"{""coefficient_0"": -1.4944945017453095, ""coefficient_1"": 6.12091938522126, ""coefficient_2"": 0.08434987845858975}"
max,inverse_accuracy_moe,gpt-oss-120b,gpt-oss-120b,gpt-oss-120b-think,2025-08-05,gpt-oss,openai,0,0.5641110154555697,120.0,83.97248077871677,-0.155044262415297,1.429039595915029,56,24,14,2025-07-28,True,"{""coefficient_0"": -1.2891213775852768, ""coefficient_1"": 5.696145391918314, ""coefficient_2"": 0.26087457650948775}"
max,inverse_accuracy_date_moe,gpt-oss-120b,gpt-oss-120b,gpt-oss-120b-think,2025-08-05,gpt-oss,openai,0,0.5641110154555697,120.0,90.32636159407588,-0.12336672913347901,1.3285158162273443,56,24,14,2025-07-28,True,"{""coefficient_0"": -1.3290827653003414, ""coefficient_1"": 5.699819575059765, ""coefficient_2"": 0.043658215653882275, ""coefficient_3"": 0.2508050507369213}"
max,forward_inverse,gpt-oss-20b,gpt-oss-20b,gpt-oss-20b-think,2025-08-05,gpt-oss,openai,0,0.4349403974815957,20.0,17.49442298910285,-0.05813037275366861,1.1432214719203861,56,24,14,2025-07-28,True,"{""intercept"": 0.24899789977559136, ""slope"": 0.14960379283936906}"
max,inverse_accuracy,gpt-oss-20b,gpt-oss-20b,gpt-oss-20b-think,2025-08-05,gpt-oss,openai,0,0.4349403974815957,20.0,17.626726563858167,-0.05485832813210645,1.1346406224402434,56,24,14,2025-07-28,True,"{""coefficient_0"": -1.4276153268439067, ""coefficient_1"": 6.1474790795649685}"
max,inverse_accuracy_date,gpt-oss-20b,gpt-oss-20b,gpt-oss-20b-think,2025-08-05,gpt-oss,openai,0,0.4349403974815957,20.0,20.051467580857302,0.0011161687706742196,1.002573379042865,56,24,14,2025-07-28,True,"{""coefficient_0"": -1.4944945017453095, ""coefficient_1"": 6.12091938522126, ""coefficient_2"": 0.08434987845858975}"
max,inverse_accuracy_moe,gpt-oss-20b,gpt-oss-20b,gpt-oss-20b-think,2025-08-05,gpt-oss,openai,0,0.4349403974815957,20.0,15.4298734191026,-0.1126676323753466,1.2961869133183854,56,24,14,2025-07-28,True,"{""coefficient_0"": -1.2891213775852768, ""coefficient_1"": 5.696145391918314, ""coefficient_2"": 0.26087457650948775}"
max,inverse_accuracy_date_moe,gpt-oss-20b,gpt-oss-20b,gpt-oss-20b-think,2025-08-05,gpt-oss,openai,0,0.4349403974815957,20.0,16.5792660221656,-0.08146469560045966,1.2063260202991533,56,24,14,2025-07-28,True,"{""coefficient_0"": -1.3290827653003414, ""coefficient_1"": 5.699819575059765, ""coefficient_2"": 0.043658215653882275, ""coefficient_3"": 0.2508050507369213}"
max,forward_inverse,nemotron-nano-9b-v2,nemotron-nano-9b-v2,nemotron-nano-9b-v2,2025-08-15,nemotron,nvidia,0,0.3399089942025593,9.0,4.04394654915313,-0.3474371027679528,2.225548703625855,56,24,14,2025-08-05,True,"{""intercept"": 0.24904843988505895, ""slope"": 0.14973590102948403}"
max,inverse_accuracy,nemotron-nano-9b-v2,nemotron-nano-9b-v2,nemotron-nano-9b-v2,2025-08-15,nemotron,nvidia,0,0.3399089942025593,9.0,4.565812877436914,-0.29472440078748463,1.971171452180117,56,24,14,2025-08-05,True,"{""coefficient_0"": -1.43301761821952, ""coefficient_1"": 6.156164628066216}"
max,inverse_accuracy_date,nemotron-nano-9b-v2,nemotron-nano-9b-v2,nemotron-nano-9b-v2,2025-08-15,nemotron,nvidia,0,0.3399089942025593,9.0,5.1596867827174915,-0.24161917073190675,1.7442919268172905,56,24,14,2025-08-05,True,"{""coefficient_0"": -1.4916631238772826, ""coefficient_1"": 6.126871568558085, ""coefficient_2"": 0.07509077891367877}"
max,inverse_accuracy_moe,nemotron-nano-9b-v2,nemotron-nano-9b-v2,nemotron-nano-9b-v2,2025-08-15,nemotron,nvidia,0,0.3399089942025593,9.0,4.409816414221871,-0.30982199977874403,2.04090128808414,56,24,14,2025-08-05,True,"{""coefficient_0"": -1.294647993936481, ""coefficient_1"": 5.70466959294854, ""coefficient_2"": 0.26133828539476833}"
max,inverse_accuracy_date_moe,nemotron-nano-9b-v2,nemotron-nano-9b-v2,nemotron-nano-9b-v2,2025-08-15,nemotron,nvidia,0,0.3399089942025593,9.0,4.770438164451092,-0.2756842386457864,1.886619151059802,56,24,14,2025-08-05,True,"{""coefficient_0"": -1.3360170594297311, ""coefficient_1"": 5.699705269721477, ""coefficient_2"": 0.04762702346575828, ""coefficient_3"": 0.2534574911399208}"
max,forward_inverse,hermes-4-405b,hermes-4-405b,hermes-4-405b,2025-08-26,llama,meta,0,0.5220898311567072,405.0,69.10484370925171,-0.7679465341259202,5.860660096475684,50,22,14,2025-08-15,True,"{""intercept"": 0.24683286167957524, ""slope"": 0.14963615069451952}"
max,inverse_accuracy,hermes-4-405b,hermes-4-405b,hermes-4-405b,2025-08-26,llama,meta,0,0.5220898311567072,405.0,62.221698607489955,-0.8135131603540633,6.508983346064554,50,22,14,2025-08-15,True,"{""coefficient_0"": -1.414768681576434, ""coefficient_1"": 6.145897416404445}"
max,inverse_accuracy_date,hermes-4-405b,hermes-4-405b,hermes-4-405b,2025-08-26,llama,meta,0,0.5220898311567072,405.0,66.83564110904013,-0.7824469049140215,6.059641132779082,50,22,14,2025-08-15,True,"{""coefficient_0"": -1.4584698262048577, ""coefficient_1"": 6.129781698157038, ""coefficient_2"": 0.050384664252086785}"
max,inverse_accuracy_moe,hermes-4-405b,hermes-4-405b,hermes-4-405b,2025-08-26,llama,meta,0,0.5220898311567072,405.0,53.134161103068415,-0.882081195007965,7.6222150042868,50,22,14,2025-08-15,True,"{""coefficient_0"": -1.314701705428878, ""coefficient_1"": 5.822897425334247, ""coefficient_2"": 0.18708699012475705}"
max,inverse_accuracy_date_moe,hermes-4-405b,hermes-4-405b,hermes-4-405b,2025-08-26,llama,meta,0,0.5220898311567072,405.0,56.9740193294207,-0.8517781646318747,7.108503222465525,50,22,14,2025-08-15,True,"{""coefficient_0"": -1.3573428970929378, ""coefficient_1"": 5.808535921305492, ""coefficient_2"": 0.04872557189370835, ""coefficient_3"": 0.1863782909812451}"
max,forward_inverse,qwen3-next-80b-a3b,qwen3-next-80b-a3b,qwen3-next-80b-a3b,2025-09-11,qwen3,alibaba,1,0.5639248701915196,80.0,134.41442096393484,0.22535587851962258,1.680180262049186,50,22,14,2025-08-26,True,"{""intercept"": 0.25874312305784347, ""slope"": 0.1433824332010091}"
max,inverse_accuracy,qwen3-next-80b-a3b,qwen3-next-80b-a3b,qwen3-next-80b-a3b,2025-09-11,qwen3,alibaba,1,0.5639248701915196,80.0,114.43767961493978,0.15547905629853376,1.4304709951867474,50,22,14,2025-08-26,True,"{""coefficient_0"": -1.5195234641328152, ""coefficient_1"": 6.3449808592554255}"
max,inverse_accuracy_date,qwen3-next-80b-a3b,qwen3-next-80b-a3b,qwen3-next-80b-a3b,2025-09-11,qwen3,alibaba,1,0.5639248701915196,80.0,142.13874392547743,0.2496224862880665,1.7767342990684682,50,22,14,2025-08-26,True,"{""coefficient_0"": -1.6200529978634348, ""coefficient_1"": 6.284960155972914, ""coefficient_2"": 0.1348416443583384}"
max,inverse_accuracy_moe,qwen3-next-80b-a3b,qwen3-next-80b-a3b,qwen3-next-80b-a3b,2025-09-11,qwen3,alibaba,1,0.5639248701915196,80.0,139.46920315781773,0.24138833262342296,1.7433650394727218,50,22,14,2025-08-26,True,"{""coefficient_0"": -1.4306808946881635, ""coefficient_1"": 6.076770041164275, ""coefficient_2"": 0.14831745765625093}"
max,inverse_accuracy_date_moe,qwen3-next-80b-a3b,qwen3-next-80b-a3b,qwen3-next-80b-a3b,2025-09-11,qwen3,alibaba,1,0.5639248701915196,80.0,169.49098641441125,0.3260566202399595,2.1186373301801407,50,22,14,2025-08-26,True,"{""coefficient_0"": -1.532771161715139, ""coefficient_1"": 6.036593959077221, ""coefficient_2"": 0.1292282708981894, ""coefficient_3"": 0.13872532351574354}"
max,forward_inverse,deepseek-v3.2,deepseek-v3.2,deepseek-v3.2-think|deepseek-v3.2,2025-09-29,deepseek,deepseek,1,0.6903130774069545,671.0,1067.7647026664706,0.2017530400216101,1.5913035807249936,57,23,14,2025-09-11,True,"{""intercept"": 0.25143931327644947, ""slope"": 0.14491573579113967}"
max,inverse_accuracy,deepseek-v3.2,deepseek-v3.2,deepseek-v3.2-think|deepseek-v3.2,2025-09-29,deepseek,deepseek,1,0.6903130774069545,671.0,714.7590491866497,0.027437142268798898,1.0652146783705658,57,23,14,2025-09-11,True,"{""coefficient_0"": -1.4402941890414251, ""coefficient_1"": 6.221023463166326}"
max,inverse_accuracy_date,deepseek-v3.2,deepseek-v3.2,deepseek-v3.2-think|deepseek-v3.2,2025-09-29,deepseek,deepseek,1,0.6903130774069545,671.0,861.3974453809342,0.10848105928613716,1.2837517814917052,57,23,14,2025-09-11,True,"{""coefficient_0"": -1.5397628427967085, ""coefficient_1"": 6.162529993607296, ""coefficient_2"": 0.12665710474719624}"
max,inverse_accuracy_moe,deepseek-v3.2,deepseek-v3.2,deepseek-v3.2-think|deepseek-v3.2,2025-09-29,deepseek,deepseek,1,0.6903130774069545,671.0,839.5658288985238,0.09733223391619816,1.2512158403852813,57,23,14,2025-09-11,True,"{""coefficient_0"": -1.349159184179638, ""coefficient_1"": 5.9205916789470265, ""coefficient_2"": 0.1861520763008994}"
max,inverse_accuracy_date_moe,deepseek-v3.2,deepseek-v3.2,deepseek-v3.2-think|deepseek-v3.2,2025-09-29,deepseek,deepseek,1,0.6903130774069545,671.0,966.7892375894154,0.1586092869766902,1.4408185359007681,57,23,14,2025-09-11,True,"{""coefficient_0"": -1.4440455404881407, ""coefficient_1"": 5.904170185127601, ""coefficient_2"": 0.10791482400054987, ""coefficient_3"": 0.16544682272829814}"
max,forward_inverse,glm-4.6,glm-4.6,glm-4.6-think,2025-09-30,glm,zhipu,1,0.7216731401682547,357.0,1679.6300123672943,0.6725454100877251,4.7048459730176315,59,24,14,2025-09-29,True,"{""intercept"": 0.24931803197809507, ""slope"": 0.14645699880249735}"
max,inverse_accuracy,glm-4.6,glm-4.6,glm-4.6-think,2025-09-30,glm,zhipu,1,0.7216731401682547,357.0,1134.919914619195,0.5022970006010188,3.1790473798857004,59,24,14,2025-09-29,True,"{""coefficient_0"": -1.4338374127277786, ""coefficient_1"": 6.2199940382905865}"
max,inverse_accuracy_date,glm-4.6,glm-4.6,glm-4.6-think,2025-09-30,glm,zhipu,1,0.7216731401682547,357.0,1421.6831249694121,0.600134592368303,3.982305672183227,59,24,14,2025-09-29,True,"{""coefficient_0"": -1.553021105055425, ""coefficient_1"": 6.1618711006600355, ""coefficient_2"": 0.14825660489124134}"
max,inverse_accuracy_moe,glm-4.6,glm-4.6,glm-4.6-think,2025-09-30,glm,zhipu,1,0.7216731401682547,357.0,1308.6268784434867,0.5641476201006532,3.6656215082450605,59,24,14,2025-09-29,True,"{""coefficient_0"": -1.3299184641086161, ""coefficient_1"": 5.885096763769559, ""coefficient_2"": 0.19961803861785174}"
max,inverse_accuracy_date_moe,glm-4.6,glm-4.6,glm-4.6-think,2025-09-30,glm,zhipu,1,0.7216731401682547,357.0,1574.4855463242898,0.6444704620833508,4.41032365917168,59,24,14,2025-09-29,True,"{""coefficient_0"": -1.4462072206338343, ""coefficient_1"": 5.868050392472183, ""coefficient_2"": 0.13135747568746317, ""coefficient_3"": 0.17908303211260343}"
max,forward_inverse,olmo-3.1-32b,olmo-3.1-32b,olmo-3.1-32b,2025-11-20,olmo,allenai,0,0.4148666957648695,32.0,12.980619070054006,-0.39185457304376237,2.465213702620954,63,25,15,2025-09-30,True,"{""intercept"": 0.24768109438034436, ""slope"": 0.15017182375153712}"
max,inverse_accuracy,olmo-3.1-32b,olmo-3.1-32b,olmo-3.1-32b,2025-11-20,olmo,allenai,0,0.4148666957648695,32.0,13.672850795438976,-0.3692909037192671,2.340404388137889,63,25,15,2025-09-30,True,"{""coefficient_0"": -1.3808602602282853, ""coefficient_1"": 6.066332536500602}"
max,inverse_accuracy_date,olmo-3.1-32b,olmo-3.1-32b,olmo-3.1-32b,2025-11-20,olmo,allenai,0,0.4148666957648695,32.0,16.75586153808263,-0.28098321540460347,1.9097794480618366,63,25,15,2025-09-30,True,"{""coefficient_0"": -1.4505019176569474, ""coefficient_1"": 6.000361864520893, ""coefficient_2"": 0.09824025900945231}"
max,inverse_accuracy_moe,olmo-3.1-32b,olmo-3.1-32b,olmo-3.1-32b,2025-11-20,olmo,allenai,0,0.4148666957648695,32.0,12.794280931301516,-0.3981340957827779,2.501117504908872,63,25,15,2025-09-30,True,"{""coefficient_0"": -1.2895420834435483, ""coefficient_1"": 5.776694033157468, ""coefficient_2"": 0.15698579559650183}"
max,inverse_accuracy_date_moe,olmo-3.1-32b,olmo-3.1-32b,olmo-3.1-32b,2025-11-20,olmo,allenai,0,0.4148666957648695,32.0,15.210421103282684,-0.32300874057851936,2.103820780681333,63,25,15,2025-09-30,True,"{""coefficient_0"": -1.3562370429779647, ""coefficient_1"": 5.754376664110384, ""coefficient_2"": 0.0800894372178022, ""coefficient_3"": 0.1399317979950186}"
max,forward_inverse,nemotron-3-nano-30b,nemotron-3-nano-30b,nemotron-3-nano-30b,2025-12-15,nemotron,nvidia,1,0.4516318031088476,30.0,22.759555503577104,-0.11995747872899898,1.3181276758803533,61,25,15,2025-11-20,True,"{""intercept"": 0.24853079593737074, ""slope"": 0.14965106700053427}"
max,inverse_accuracy,nemotron-3-nano-30b,nemotron-3-nano-30b,nemotron-3-nano-30b,2025-12-15,nemotron,nvidia,1,0.4516318031088476,30.0,22.78542316527472,-0.11946415611599881,1.3166312419301645,61,25,15,2025-11-20,True,"{""coefficient_0"": -1.3906547433208942, ""coefficient_1"": 6.085292982040479}"
max,inverse_accuracy_date,nemotron-3-nano-30b,nemotron-3-nano-30b,nemotron-3-nano-30b,2025-12-15,nemotron,nvidia,1,0.4516318031088476,30.0,28.364060509471386,-0.02435285152930855,1.0576764913465875,61,25,15,2025-11-20,True,"{""coefficient_0"": -1.460646094679895, ""coefficient_1"": 6.011774855691072, ""coefficient_2"": 0.1014442382523091}"
max,inverse_accuracy_moe,nemotron-3-nano-30b,nemotron-3-nano-30b,nemotron-3-nano-30b,2025-12-15,nemotron,nvidia,1,0.4516318031088476,30.0,29.832269393581797,-0.0024349625503155004,1.0056224554761592,61,25,15,2025-11-20,True,"{""coefficient_0"": -1.297518625789814, ""coefficient_1"": 5.787676478352149, ""coefficient_2"": 0.1583061542303146}"
max,inverse_accuracy_date_moe,nemotron-3-nano-30b,nemotron-3-nano-30b,nemotron-3-nano-30b,2025-12-15,nemotron,nvidia,1,0.4516318031088476,30.0,34.918135046657824,0.06592978556661122,1.1639378348885943,61,25,15,2025-11-20,True,"{""coefficient_0"": -1.3663066592893336, ""coefficient_1"": 5.756187939386106, ""coefficient_2"": 0.08578435771251935, ""coefficient_3"": 0.1419867147784521}"
max,forward_inverse,mimo-v2-flash,mimo-v2-flash,mimo-v2-flash-think|mimo-v2-flash,2025-12-16,mimo,xiaomi,1,0.6458901469261518,309.0,458.2695101428553,0.1711624840446948,1.4830728483587552,65,26,16,2025-12-15,True,"{""intercept"": 0.24675157105307677, ""slope"": 0.1499888886496479}"
max,inverse_accuracy,mimo-v2-flash,mimo-v2-flash,mimo-v2-flash-think|mimo-v2-flash,2025-12-16,mimo,xiaomi,1,0.6458901469261518,309.0,348.97816691824664,0.05283977766749004,1.1293791809651996,65,26,16,2025-12-15,True,"{""coefficient_0"": -1.3686247389119333, ""coefficient_1"": 6.055864166095527}"
max,inverse_accuracy_date,mimo-v2-flash,mimo-v2-flash,mimo-v2-flash-think|mimo-v2-flash,2025-12-16,mimo,xiaomi,1,0.6458901469261518,309.0,432.4210730216728,0.14594837068999,1.3994209482902034,65,26,16,2025-12-15,True,"{""coefficient_0"": -1.4567104488385973, ""coefficient_1"": 5.979917417692152, ""coefficient_2"": 0.11761947004652097}"
max,inverse_accuracy_moe,mimo-v2-flash,mimo-v2-flash,mimo-v2-flash-think|mimo-v2-flash,2025-12-16,mimo,xiaomi,1,0.6458901469261518,309.0,397.10649681272815,0.10894851291942365,1.2851342938923243,65,26,16,2025-12-15,True,"{""coefficient_0"": -1.2837908699847367, ""coefficient_1"": 5.783034775652637, ""coefficient_2"": 0.14749268140366784}"
max,inverse_accuracy_date_moe,mimo-v2-flash,mimo-v2-flash,mimo-v2-flash-think|mimo-v2-flash,2025-12-16,mimo,xiaomi,1,0.6458901469261518,309.0,465.0176348516913,0.17751094351577779,1.5049114396494865,65,26,16,2025-12-15,True,"{""coefficient_0"": -1.373014183603351, ""coefficient_1"": 5.767215127087007, ""coefficient_2"": 0.09913070404681018, ""coefficient_3"": 0.12144155134099609}"
max,forward_inverse,glm-4.7,glm-4.7,glm-4.7-think,2025-12-22,glm,zhipu,1,0.7231556012382313,358.0,1709.9814108763258,0.679108362580024,4.776484387922696,62,26,16,2025-12-16,True,"{""intercept"": 0.2480572570017808, ""slope"": 0.14695317340467803}"
max,inverse_accuracy,glm-4.7,glm-4.7,glm-4.7-think,2025-12-22,glm,zhipu,1,0.7231556012382313,358.0,1157.56839457882,0.5096636339624432,3.233431269773239,62,26,16,2025-12-16,True,"{""coefficient_0"": -1.4174587929747309, ""coefficient_1"": 6.196460963461248}"
max,inverse_accuracy_date,glm-4.7,glm-4.7,glm-4.7-think,2025-12-22,glm,zhipu,1,0.7231556012382313,358.0,1516.9851136232335,0.6270982923742294,4.237388585539756,62,26,16,2025-12-16,True,"{""coefficient_0"": -1.5328016876933572, ""coefficient_1"": 6.120135554332688, ""coefficient_2"": 0.14588353504775076}"
max,inverse_accuracy_moe,glm-4.7,glm-4.7,glm-4.7-think,2025-12-22,glm,zhipu,1,0.7231556012382313,358.0,1289.9479898451248,0.5566891734393877,3.6032066755450396,62,26,16,2025-12-16,True,"{""coefficient_0"": -1.3228890444681116, ""coefficient_1"": 5.888465691414386, ""coefficient_2"": 0.1751842971059058}"
max,inverse_accuracy_date_moe,glm-4.7,glm-4.7,glm-4.7-think,2025-12-22,glm,zhipu,1,0.7231556012382313,358.0,1594.744965221698,0.6488082130672357,4.454594874920942,62,26,16,2025-12-16,True,"{""coefficient_0"": -1.439655343717467, ""coefficient_1"": 5.880407398753014, ""coefficient_2"": 0.12534529062170094, ""coefficient_3"": 0.1424666328888189}"
max,forward_inverse,glm-4.7-flash,glm-4.7-flash,glm-4.7-flash-think,2025-12-22,glm,zhipu,1,0.5399956932730218,30.0,96.96356792838392,0.509487332951351,3.232118930946131,62,26,16,2025-12-16,True,"{""intercept"": 0.2480572570017808, ""slope"": 0.14695317340467803}"
max,inverse_accuracy,glm-4.7-flash,glm-4.7-flash,glm-4.7-flash-think,2025-12-22,glm,zhipu,1,0.5399956932730218,30.0,84.84054327067527,0.45148218610907964,2.8280181090225094,62,26,16,2025-12-16,True,"{""coefficient_0"": -1.4174587929747309, ""coefficient_1"": 6.196460963461248}"
max,inverse_accuracy_date,glm-4.7-flash,glm-4.7-flash,glm-4.7-flash-think,2025-12-22,glm,zhipu,1,0.5399956932730218,30.0,114.82008238708924,0.5828965994322604,3.827336079569642,62,26,16,2025-12-16,True,"{""coefficient_0"": -1.5328016876933572, ""coefficient_1"": 6.120135554332688, ""coefficient_2"": 0.14588353504775076}"
max,inverse_accuracy_moe,glm-4.7-flash,glm-4.7-flash,glm-4.7-flash-think,2025-12-22,glm,zhipu,1,0.5399956932730218,30.0,107.6567750431869,0.5549201112678468,3.5885591681062308,62,26,16,2025-12-16,True,"{""coefficient_0"": -1.3228890444681116, ""coefficient_1"": 5.888465691414386, ""coefficient_2"": 0.1751842971059058}"
max,inverse_accuracy_date_moe,glm-4.7-flash,glm-4.7-flash,glm-4.7-flash-think,2025-12-22,glm,zhipu,1,0.5399956932730218,30.0,133.5476842835251,0.6485151070379083,4.451589476117504,62,26,16,2025-12-16,True,"{""coefficient_0"": -1.439655343717467, ""coefficient_1"": 5.880407398753014, ""coefficient_2"": 0.12534529062170094, ""coefficient_3"": 0.1424666328888189}"
max,forward_inverse,kimi-k2.5,kimi-k2.5,kimi-k2.5-think,2026-01-27,kimi,moonshot,1,0.7420918996908663,1040.0,1769.7167140509537,0.23087041329417257,1.7016506865874559,67,26,16,2025-12-22,True,"{""intercept"": 0.24575464879534198, ""slope"": 0.1528177214300994}"
max,inverse_accuracy,kimi-k2.5,kimi-k2.5,kimi-k2.5-think,2026-01-27,kimi,moonshot,1,0.7420918996908663,1040.0,1164.2513385058378,0.049013406601986276,1.1194724408709982,67,26,16,2025-12-22,True,"{""coefficient_0"": -1.3166590239748355, ""coefficient_1"": 5.905880082643819}"
max,inverse_accuracy_date,kimi-k2.5,kimi-k2.5,kimi-k2.5-think,2026-01-27,kimi,moonshot,1,0.7420918996908663,1040.0,1284.5778182143292,0.09172707914974465,1.2351709790522398,67,26,16,2025-12-22,True,"{""coefficient_0"": -1.3550049287591195, ""coefficient_1"": 5.854344499767346, ""coefficient_2"": 0.05756364893477221}"
max,inverse_accuracy_moe,kimi-k2.5,kimi-k2.5,kimi-k2.5-think,2026-01-27,kimi,moonshot,1,0.7420918996908663,1040.0,1206.498300530255,0.06449337520060183,1.16009451974063,67,26,16,2025-12-22,True,"{""coefficient_0"": -1.2606960917815047, ""coefficient_1"": 5.72545560656083, ""coefficient_2"": 0.09340857861243854}"
max,inverse_accuracy_date_moe,kimi-k2.5,kimi-k2.5,kimi-k2.5-think,2026-01-27,kimi,moonshot,1,0.7420918996908663,1040.0,1290.4888887521324,0.0937209302750941,1.2408547007232045,67,26,16,2025-12-22,True,"{""coefficient_0"": -1.2980621593750499, ""coefficient_1"": 5.7159544776495155, ""coefficient_2"": 0.042711749481742986, ""coefficient_3"": 0.07853054560112874}"
max,forward_inverse,step-3.5-flash,step-3.5-flash,step-3.5-flash-think,2026-01-29,step,stepfun,1,0.6602120640689685,197.0,506.53606407499416,0.41014414529421117,2.5712490562182446,69,27,17,2026-01-27,True,"{""intercept"": 0.24518791709254162, ""slope"": 0.15345062318644914}"
max,inverse_accuracy,step-3.5-flash,step-3.5-flash,step-3.5-flash-think,2026-01-29,step,stepfun,1,0.6602120640689685,197.0,389.05466632874186,0.2955444024568874,1.9748967833946287,69,27,17,2026-01-27,True,"{""coefficient_0"": -1.3257807587653425, ""coefficient_1"": 5.9311115329373365}"
max,inverse_accuracy_date,step-3.5-flash,step-3.5-flash,step-3.5-flash-think,2026-01-29,step,stepfun,1,0.6602120640689685,197.0,429.96237356223196,0.3389642255359422,2.1825501196052386,69,27,17,2026-01-27,True,"{""coefficient_0"": -1.3595276822561893, ""coefficient_1"": 5.871218493607753, ""coefficient_2"": 0.05616325271399945}"
max,inverse_accuracy_moe,step-3.5-flash,step-3.5-flash,step-3.5-flash-think,2026-01-29,step,stepfun,1,0.6602120640689685,197.0,416.7154836858077,0.3253734114552129,2.1153070237858262,69,27,17,2026-01-27,True,"{""coefficient_0"": -1.2644559352184788, ""coefficient_1"": 5.734829529060163, ""coefficient_2"": 0.0980919323708034}"
max,inverse_accuracy_date_moe,step-3.5-flash,step-3.5-flash,step-3.5-flash-think,2026-01-29,step,stepfun,1,0.6602120640689685,197.0,442.980731725358,0.3519186100223268,2.248633155966284,69,27,17,2026-01-27,True,"{""coefficient_0"": -1.2976451780801992, ""coefficient_1"": 5.7212659037246665, ""coefficient_2"": 0.040069426063413884, ""coefficient_3"": 0.08351582362571845}"
max,forward_inverse,glm-5,glm-5,glm-5-think|glm-5,2026-02-11,glm,zhipu,1,0.7371897607601098,744.0,1903.8809138945087,0.40806684460765874,2.558979722976491,64,27,17,2026-01-29,True,"{""intercept"": 0.24623602116054116, ""slope"": 0.14969745841312623}"
max,inverse_accuracy,glm-5,glm-5,glm-5-think|glm-5,2026-02-11,glm,zhipu,1,0.7371897607601098,744.0,1304.832852276104,0.24398194702237586,1.7538075971453018,64,27,17,2026-01-29,True,"{""coefficient_0"": -1.3838251842827647, ""coefficient_1"": 6.103421813959745}"
max,inverse_accuracy_date,glm-5,glm-5,glm-5-think|glm-5,2026-02-11,glm,zhipu,1,0.7371897607601098,744.0,1580.631586732092,0.32725772091749494,2.1245048208764685,64,27,17,2026-01-29,True,"{""coefficient_0"": -1.4521904713094036, ""coefficient_1"": 6.015534929160526, ""coefficient_2"": 0.10239791911390367}"
max,inverse_accuracy_moe,glm-5,glm-5,glm-5-think|glm-5,2026-02-11,glm,zhipu,1,0.7371897607601098,744.0,1399.8701473634128,0.2745148166330522,1.881545896993835,64,27,17,2026-01-29,True,"{""coefficient_0"": -1.29685588068598, ""coefficient_1"": 5.8231964948578705, ""coefficient_2"": 0.1501428019615275}"
max,inverse_accuracy_date_moe,glm-5,glm-5,glm-5-think|glm-5,2026-02-11,glm,zhipu,1,0.7371897607601098,744.0,1612.8690794323547,0.3360261805177953,2.167834784183273,64,27,17,2026-01-29,True,"{""coefficient_0"": -1.3669530805149048, ""coefficient_1"": 5.801664504963301, ""coefficient_2"": 0.08220379903254525, ""coefficient_3"": 0.12387686804988153}"
max,forward_inverse,qwen3.5-0.8b,qwen3.5-0.8b,qwen3.5-0.8b,2026-02-16,qwen,alibaba,0,0.14106944909567162,0.8,0.18705124041812443,-0.6311293944525849,4.276902939599451,60,25,17,2026-02-11,True,"{""intercept"": 0.25211505681203994, ""slope"": 0.1525269189805108}"
max,inverse_accuracy,qwen3.5-0.8b,qwen3.5-0.8b,qwen3.5-0.8b,2026-02-16,qwen,alibaba,0,0.14106944909567162,0.8,0.2955626243069018,-0.4324404729780453,2.7067021815630796,60,25,17,2026-02-11,True,"{""coefficient_0"": -1.3722280959245874, ""coefficient_1"": 5.97491246575193}"
max,inverse_accuracy_date,qwen3.5-0.8b,qwen3.5-0.8b,qwen3.5-0.8b,2026-02-16,qwen,alibaba,0,0.14106944909567162,0.8,0.3249180801241264,-0.39131610858118526,2.4621590762027803,60,25,17,2026-02-11,True,"{""coefficient_0"": -1.3838796336834325, ""coefficient_1"": 5.935807203322081, ""coefficient_2"": 0.027401957540471304}"
max,inverse_accuracy_moe,qwen3.5-0.8b,qwen3.5-0.8b,qwen3.5-0.8b,2026-02-16,qwen,alibaba,0,0.14106944909567162,0.8,0.3064318293150166,-0.41675611317912103,2.6106948543442194,60,25,17,2026-02-11,True,"{""coefficient_0"": -1.3448399833595335, ""coefficient_1"": 5.891947990869829, ""coefficient_2"": 0.038017874776941664}"
max,inverse_accuracy_date_moe,qwen3.5-0.8b,qwen3.5-0.8b,qwen3.5-0.8b,2026-02-16,qwen,alibaba,0,0.14106944909567162,0.8,0.3284378400360632,-0.38663679965252246,2.4357729301598083,60,25,17,2026-02-11,True,"{""coefficient_0"": -1.360744008804434, ""coefficient_1"": 5.879064086460691, ""coefficient_2"": 0.02248890048152093, ""coefficient_3"": 0.029215054502496205}"
max,forward_inverse,qwen3.5-397b-a17b,qwen3.5-397b-a17b,qwen3.5-397b-a17b-think,2026-02-16,qwen3.5,alibaba,1,0.6474298273907396,397.0,390.63442200938806,-0.007019996868981693,1.0162954866032237,60,25,17,2026-02-11,True,"{""intercept"": 0.25211505681203994, ""slope"": 0.1525269189805108}"
max,inverse_accuracy,qwen3.5-397b-a17b,qwen3.5-397b-a17b,qwen3.5-397b-a17b-think,2026-02-16,qwen3.5,alibaba,1,0.6474298273907396,397.0,313.40682548293756,-0.1026820563111519,1.2667241671851,60,25,17,2026-02-11,True,"{""coefficient_0"": -1.3722280959245874, ""coefficient_1"": 5.97491246575193}"
max,inverse_accuracy_date,qwen3.5-397b-a17b,qwen3.5-397b-a17b,qwen3.5-397b-a17b-think,2026-02-16,qwen3.5,alibaba,1,0.6474298273907396,397.0,329.17849807595394,-0.0813590473915986,1.2060326003079254,60,25,17,2026-02-11,True,"{""coefficient_0"": -1.3838796336834325, ""coefficient_1"": 5.935807203322081, ""coefficient_2"": 0.027401957540471304}"
max,inverse_accuracy_moe,qwen3.5-397b-a17b,qwen3.5-397b-a17b,qwen3.5-397b-a17b-think,2026-02-16,qwen3.5,alibaba,1,0.6474298273907396,397.0,321.95914258319954,-0.09098974462163856,1.2330757151814962,60,25,17,2026-02-11,True,"{""coefficient_0"": -1.3448399833595335, ""coefficient_1"": 5.891947990869829, ""coefficient_2"": 0.038017874776941664}"
max,inverse_accuracy_date_moe,qwen3.5-397b-a17b,qwen3.5-397b-a17b,qwen3.5-397b-a17b-think,2026-02-16,qwen3.5,alibaba,1,0.6474298273907396,397.0,333.11436144464295,-0.07619715008001471,1.1917829008581298,60,25,17,2026-02-11,True,"{""coefficient_0"": -1.360744008804434, ""coefficient_1"": 5.879064086460691, ""coefficient_2"": 0.02248890048152093, ""coefficient_3"": 0.029215054502496205}"
max,forward_inverse,qwen3.5-122b-a10b,qwen3.5-122b-a10b,qwen3.5-122b-a10b-think,2026-02-24,qwen3.5,alibaba,1,0.6129826881728565,122.0,232.23490508996585,0.27956766443794434,1.9035647958193915,60,25,17,2026-02-11,True,"{""intercept"": 0.25211505681203994, ""slope"": 0.1525269189805108}"
max,inverse_accuracy,qwen3.5-122b-a10b,qwen3.5-122b-a10b,qwen3.5-122b-a10b-think,2026-02-24,qwen3.5,alibaba,1,0.6129826881728565,122.0,195.11461842455532,0.2039299782547932,1.5993001510209446,60,25,17,2026-02-11,True,"{""coefficient_0"": -1.3722280959245874, ""coefficient_1"": 5.97491246575193}"
max,inverse_accuracy_date,qwen3.5-122b-a10b,qwen3.5-122b-a10b,qwen3.5-122b-a10b-think,2026-02-24,qwen3.5,alibaba,1,0.6129826881728565,122.0,205.85435632105737,0.22720023136158796,1.6873307895168632,60,25,17,2026-02-11,True,"{""coefficient_0"": -1.3838796336834325, ""coefficient_1"": 5.935807203322081, ""coefficient_2"": 0.027401957540471304}"
max,inverse_accuracy_moe,qwen3.5-122b-a10b,qwen3.5-122b-a10b,qwen3.5-122b-a10b-think,2026-02-24,qwen3.5,alibaba,1,0.6129826881728565,122.0,201.76229508263165,0.21848017876070802,1.6537893039559965,60,25,17,2026-02-11,True,"{""coefficient_0"": -1.3448399833595335, ""coefficient_1"": 5.891947990869829, ""coefficient_2"": 0.038017874776941664}"
max,inverse_accuracy_date_moe,qwen3.5-122b-a10b,qwen3.5-122b-a10b,qwen3.5-122b-a10b-think,2026-02-24,qwen3.5,alibaba,1,0.6129826881728565,122.0,209.2035200398083,0.2342091569822644,1.714782951145969,60,25,17,2026-02-11,True,"{""coefficient_0"": -1.360744008804434, ""coefficient_1"": 5.879064086460691, ""coefficient_2"": 0.02248890048152093, ""coefficient_3"": 0.029215054502496205}"
max,forward_inverse,qwen3.5-27b,qwen3.5-27b,qwen3.5-27b-think,2026-02-24,qwen3.5,alibaba,0,0.5182301413973918,27.0,55.55318660811869,0.31334521156846984,2.0575254299303216,60,25,17,2026-02-11,True,"{""intercept"": 0.25211505681203994, ""slope"": 0.1525269189805108}"
max,inverse_accuracy,qwen3.5-27b,qwen3.5-27b,qwen3.5-27b-think,2026-02-24,qwen3.5,alibaba,0,0.5182301413973918,27.0,52.98484107586727,0.2927878718800867,1.9624015213284174,60,25,17,2026-02-11,True,"{""coefficient_0"": -1.3722280959245874, ""coefficient_1"": 5.97491246575193}"
max,inverse_accuracy_date,qwen3.5-27b,qwen3.5-27b,qwen3.5-27b-think,2026-02-24,qwen3.5,alibaba,0,0.5182301413973918,27.0,56.380277921116125,0.31976344819443314,2.088158441522819,60,25,17,2026-02-11,True,"{""coefficient_0"": -1.3838796336834325, ""coefficient_1"": 5.935807203322081, ""coefficient_2"": 0.027401957540471304}"
max,inverse_accuracy_moe,qwen3.5-27b,qwen3.5-27b,qwen3.5-27b-think,2026-02-24,qwen3.5,alibaba,0,0.5182301413973918,27.0,51.11461065211624,0.2771812928960291,1.8931337278561566,60,25,17,2026-02-11,True,"{""coefficient_0"": -1.3448399833595335, ""coefficient_1"": 5.891947990869829, ""coefficient_2"": 0.038017874776941664}"
max,inverse_accuracy_date_moe,qwen3.5-27b,qwen3.5-27b,qwen3.5-27b-think,2026-02-24,qwen3.5,alibaba,0,0.5182301413973918,27.0,54.23724712660676,0.30293387414720807,2.008786930615065,60,25,17,2026-02-11,True,"{""coefficient_0"": -1.360744008804434, ""coefficient_1"": 5.879064086460691, ""coefficient_2"": 0.02248890048152093, ""coefficient_3"": 0.029215054502496205}"
max,forward_inverse,qwen3.5-35b-a3b,qwen3.5-35b-a3b,qwen3.5-35b-a3b-think,2026-02-24,qwen3.5,alibaba,1,0.5480560631819358,35.0,87.14736765004581,0.39618622911151147,2.4899247900013086,60,25,17,2026-02-11,True,"{""intercept"": 0.25211505681203994, ""slope"": 0.1525269189805108}"
max,inverse_accuracy,qwen3.5-35b-a3b,qwen3.5-35b-a3b,qwen3.5-35b-a3b-think,2026-02-24,qwen3.5,alibaba,1,0.5480560631819358,35.0,79.86544354276101,0.3582908635618123,2.2818698155074575,60,25,17,2026-02-11,True,"{""coefficient_0"": -1.3722280959245874, ""coefficient_1"": 5.97491246575193}"
max,inverse_accuracy_date,qwen3.5-35b-a3b,qwen3.5-35b-a3b,qwen3.5-35b-a3b-think,2026-02-24,qwen3.5,alibaba,1,0.5480560631819358,35.0,84.75554751376447,0.38410008937756235,2.4215870718218415,60,25,17,2026-02-11,True,"{""coefficient_0"": -1.3838796336834325, ""coefficient_1"": 5.935807203322081, ""coefficient_2"": 0.027401957540471304}"
max,inverse_accuracy_moe,qwen3.5-35b-a3b,qwen3.5-35b-a3b,qwen3.5-35b-a3b-think,2026-02-24,qwen3.5,alibaba,1,0.5480560631819358,35.0,83.61721753317286,0.37822766741596725,2.389063358090653,60,25,17,2026-02-11,True,"{""coefficient_0"": -1.3448399833595335, ""coefficient_1"": 5.891947990869829, ""coefficient_2"": 0.038017874776941664}"
max,inverse_accuracy_date_moe,qwen3.5-35b-a3b,qwen3.5-35b-a3b,qwen3.5-35b-a3b-think,2026-02-24,qwen3.5,alibaba,1,0.5480560631819358,35.0,86.86827517761736,0.3947931540675145,2.481950719360496,60,25,17,2026-02-11,True,"{""coefficient_0"": -1.360744008804434, ""coefficient_1"": 5.879064086460691, ""coefficient_2"": 0.02248890048152093, ""coefficient_3"": 0.029215054502496205}"
max,forward_inverse,qwen3.5-9b,qwen3.5-9b,qwen3.5-9b-think,2026-03-02,qwen3.5,alibaba,0,0.4410787792978433,9.0,17.33355692609013,0.2846451816570138,1.9259507695655698,60,25,17,2026-02-11,True,"{""intercept"": 0.25211505681203994, ""slope"": 0.1525269189805108}"
max,inverse_accuracy,qwen3.5-9b,qwen3.5-9b,qwen3.5-9b-think,2026-03-02,qwen3.5,alibaba,0,0.4410787792978433,9.0,18.330697934626464,0.3089364914414158,2.036744214958496,60,25,17,2026-02-11,True,"{""coefficient_0"": -1.3722280959245874, ""coefficient_1"": 5.97491246575193}"
max,inverse_accuracy_date,qwen3.5-9b,qwen3.5-9b,qwen3.5-9b-think,2026-03-02,qwen3.5,alibaba,0,0.4410787792978433,9.0,19.66173037671357,0.33937922684361255,2.18463670852373,60,25,17,2026-02-11,True,"{""coefficient_0"": -1.3838796336834325, ""coefficient_1"": 5.935807203322081, ""coefficient_2"": 0.027401957540471304}"
max,inverse_accuracy_moe,qwen3.5-9b,qwen3.5-9b,qwen3.5-9b-think,2026-03-02,qwen3.5,alibaba,0,0.4410787792978433,9.0,17.946230609261704,0.29973073470038625,1.9940256232513003,60,25,17,2026-02-11,True,"{""coefficient_0"": -1.3448399833595335, ""coefficient_1"": 5.891947990869829, ""coefficient_2"": 0.038017874776941664}"
max,inverse_accuracy_date_moe,qwen3.5-9b,qwen3.5-9b,qwen3.5-9b-think,2026-03-02,qwen3.5,alibaba,0,0.4410787792978433,9.0,19.10245844875203,0.3268467542492014,2.1224953831946705,60,25,17,2026-02-11,True,"{""coefficient_0"": -1.360744008804434, ""coefficient_1"": 5.879064086460691, ""coefficient_2"": 0.02248890048152093, ""coefficient_3"": 0.029215054502496205}"
max,forward_inverse,nemotron-3-super-120b,nemotron-3-super-120b,nemotron-3-super-120b,2026-03-11,nemotron,nvidia,1,0.6085750050796771,120.0,207.03659712171108,0.2368658748835606,1.7253049760142598,73,28,17,2026-03-02,True,"{""intercept"": 0.24419068263742008, ""slope"": 0.15733027154290083}"
max,inverse_accuracy,nemotron-3-super-120b,nemotron-3-super-120b,nemotron-3-super-120b,2026-03-11,nemotron,nvidia,1,0.6085750050796771,120.0,174.16148768159738,0.16177087973018311,1.4513457306799789,73,28,17,2026-03-02,True,"{""coefficient_0"": -1.2891270530949759, ""coefficient_1"": 5.800565500403047}"
max,inverse_accuracy_date,nemotron-3-super-120b,nemotron-3-super-120b,nemotron-3-super-120b,2026-03-11,nemotron,nvidia,1,0.6085750050796771,120.0,170.65231571203205,0.1529309398816161,1.4221026309336011,73,28,17,2026-03-02,True,"{""coefficient_0"": -1.2827975019184188, ""coefficient_1"": 5.81422540896005, ""coefficient_2"": -0.010721260840327174}"
max,inverse_accuracy_moe,nemotron-3-super-120b,nemotron-3-super-120b,nemotron-3-super-120b,2026-03-11,nemotron,nvidia,1,0.6085750050796771,120.0,189.2800163329519,0.19792351871145542,1.5773334694412664,73,28,17,2026-03-02,True,"{""coefficient_0"": -1.226481483628412, ""coefficient_1"": 5.598383247649613, ""coefficient_2"": 0.09655013501114988}"
max,inverse_accuracy_date_moe,nemotron-3-super-120b,nemotron-3-super-120b,nemotron-3-super-120b,2026-03-11,nemotron,nvidia,1,0.6085750050796771,120.0,181.26304096391152,0.1791280156225854,1.5105253413659299,73,28,17,2026-03-02,True,"{""coefficient_0"": -1.2028352899899952, ""coefficient_1"": 5.610588636898076, ""coefficient_2"": -0.027841487195669624, ""coefficient_3"": 0.10766121356685397}"
max,forward_inverse,minimax-m2.7,minimax-m2.7,minimax-m2.7-think,2026-03-18,minimax,minimax,1,0.5684531989075449,230.0,116.06638035681911,-0.29702139526214877,1.9816246469728664,78,29,18,2026-03-11,True,"{""intercept"": 0.2422122818244194, ""slope"": 0.15800837864571146}"
max,inverse_accuracy,minimax-m2.7,minimax-m2.7,minimax-m2.7-think,2026-03-18,minimax,minimax,1,0.5684531989075449,230.0,102.6072805130004,-0.3505496587267585,2.241556338400948,78,29,18,2026-03-11,True,"{""coefficient_0"": -1.2644849548990167, ""coefficient_1"": 5.762414810023113}"
max,inverse_accuracy_date,minimax-m2.7,minimax-m2.7,minimax-m2.7-think,2026-03-18,minimax,minimax,1,0.5684531989075449,230.0,102.04209975119467,-0.35294844937879377,2.253971650532479,78,29,18,2026-03-11,True,"{""coefficient_0"": -1.262785088437824, ""coefficient_1"": 5.765875149891887, ""coefficient_2"": -0.002745348616652046}"
max,inverse_accuracy_moe,minimax-m2.7,minimax-m2.7,minimax-m2.7-think,2026-03-18,minimax,minimax,1,0.5684531989075449,230.0,111.79700019635452,-0.3132976855588576,2.057300281725269,78,29,18,2026-03-11,True,"{""coefficient_0"": -1.2114152570032148, ""coefficient_1"": 5.590698717914828, ""coefficient_2"": 0.08179483713495693}"
max,inverse_accuracy_date_moe,minimax-m2.7,minimax-m2.7,minimax-m2.7-think,2026-03-18,minimax,minimax,1,0.5684531989075449,230.0,108.41184047666327,-0.3266511186412808,2.1215394830374628,78,29,18,2026-03-11,True,"{""coefficient_0"": -1.1927517655626563, ""coefficient_1"": 5.596301914071507, ""coefficient_2"": -0.020218780445623113, ""coefficient_3"": 0.09126505302662963}"
max,forward_inverse,gemma-4-26b-a4b,gemma-4-26b-a4b,gemma-4-26b-a4b,2026-04-02,gemma4,google,1,0.45207035825086234,26.0,20.956990533411656,-0.0936444307551143,1.240636147568435,71,26,18,2026-03-18,True,"{""intercept"": 0.24588055206069992, ""slope"": 0.1560472971594721}"
max,inverse_accuracy,gemma-4-26b-a4b,gemma-4-26b-a4b,gemma-4-26b-a4b,2026-04-02,gemma4,google,1,0.45207035825086234,26.0,22.259568595932674,-0.0674566047835139,1.1680370123952353,71,26,18,2026-03-18,True,"{""coefficient_0"": -1.2494058045770255, ""coefficient_1"": 5.744509677237561}"
max,inverse_accuracy_date,gemma-4-26b-a4b,gemma-4-26b-a4b,gemma-4-26b-a4b,2026-04-02,gemma4,google,1,0.45207035825086234,26.0,23.237503623050763,-0.0487838774782936,1.1188809444319545,71,26,18,2026-03-18,True,"{""coefficient_0"": -1.258967066352853, ""coefficient_1"": 5.719227258956055, ""coefficient_2"": 0.017624166070150403}"
max,inverse_accuracy_moe,gemma-4-26b-a4b,gemma-4-26b-a4b,gemma-4-26b-a4b,2026-04-02,gemma4,google,1,0.45207035825086234,26.0,26.46624977437526,0.007719058850683913,1.0179326836298177,71,26,18,2026-03-18,True,"{""coefficient_0"": -1.174847673869815, ""coefficient_1"": 5.505710013335528, ""coefficient_2"": 0.10857178253736491}"
max,inverse_accuracy_date_moe,gemma-4-26b-a4b,gemma-4-26b-a4b,gemma-4-26b-a4b,2026-04-02,gemma4,google,1,0.45207035825086234,26.0,26.287949725006094,0.004783367544494821,1.0110749894233113,71,26,18,2026-03-18,True,"{""coefficient_0"": -1.1713169187375099, ""coefficient_1"": 5.507227558879279, ""coefficient_2"": -0.00404338610366527, ""coefficient_3"": 0.11051899313470924}"
max,forward_inverse,gemma-4-31b,gemma-4-31b,gemma-4-31b,2026-04-02,gemma4,google,0,0.47017655374423634,31.0,27.375313041530855,-0.05400259972373678,1.1324071419008126,71,26,18,2026-03-18,True,"{""intercept"": 0.24588055206069992, ""slope"": 0.1560472971594721}"
max,inverse_accuracy,gemma-4-31b,gemma-4-31b,gemma-4-31b,2026-04-02,gemma4,google,0,0.47017655374423634,31.0,28.28316182662799,-0.039833735417326155,1.0960585025827687,71,26,18,2026-03-18,True,"{""coefficient_0"": -1.2494058045770255, ""coefficient_1"": 5.744509677237561}"
max,inverse_accuracy_date,gemma-4-31b,gemma-4-31b,gemma-4-31b,2026-04-02,gemma4,google,0,0.47017655374423634,31.0,29.494627612822917,-0.021618776520056393,1.0510388673808044,71,26,18,2026-03-18,True,"{""coefficient_0"": -1.258967066352853, ""coefficient_1"": 5.719227258956055, ""coefficient_2"": 0.017624166070150403}"
max,inverse_accuracy_moe,gemma-4-31b,gemma-4-31b,gemma-4-31b,2026-04-02,gemma4,google,0,0.47017655374423634,31.0,25.930332525683525,-0.07755360771885589,1.195511086072462,71,26,18,2026-03-18,True,"{""coefficient_0"": -1.174847673869815, ""coefficient_1"": 5.505710013335528, ""coefficient_2"": 0.10857178253736491}"
max,inverse_accuracy_date_moe,gemma-4-31b,gemma-4-31b,gemma-4-31b,2026-04-02,gemma4,google,0,0.47017655374423634,31.0,25.642045187799425,-0.08240903264610377,1.2089519292614734,71,26,18,2026-03-18,True,"{""coefficient_0"": -1.1713169187375099, ""coefficient_1"": 5.507227558879279, ""coefficient_2"": -0.00404338610366527, ""coefficient_3"": 0.11051899313470924}"
max,forward_inverse,glm-5.1,glm-5.1,glm-5.1-think|glm-5.1,2026-04-07,glm,zhipu,1,0.7289430728091622,754.0,1494.0376154937098,0.2969901860110129,1.981482248665399,74,30,18,2026-04-02,True,"{""intercept"": 0.24439963965144534, ""slope"": 0.1526428002265477}"
max,inverse_accuracy,glm-5.1,glm-5.1,glm-5.1-think|glm-5.1,2026-04-07,glm,zhipu,1,0.7289430728091622,754.0,1032.4500872159174,0.13649771942654088,1.3692971978990955,74,30,18,2026-04-02,True,"{""coefficient_0"": -1.327937406251477, ""coefficient_1"": 5.956303905619912}"
max,inverse_accuracy_date,glm-5.1,glm-5.1,glm-5.1-think|glm-5.1,2026-04-07,glm,zhipu,1,0.7289430728091622,754.0,1106.110152119064,0.1664270325233188,1.466989591669847,74,30,18,2026-04-02,True,"{""coefficient_0"": -1.3560586347516053, ""coefficient_1"": 5.915960624829582, ""coefficient_2"": 0.038626621410291544}"
max,inverse_accuracy_moe,glm-5.1,glm-5.1,glm-5.1-think|glm-5.1,2026-04-07,glm,zhipu,1,0.7289430728091622,754.0,1082.7101154050686,0.15714084839908082,1.4359550602189246,74,30,18,2026-04-02,True,"{""coefficient_0"": -1.2477838746706786, ""coefficient_1"": 5.691245206678803, ""coefficient_2"": 0.13370229987267138}"
max,inverse_accuracy_date_moe,glm-5.1,glm-5.1,glm-5.1-think|glm-5.1,2026-04-07,glm,zhipu,1,0.7289430728091622,754.0,1109.956953249326,0.16793479027833014,1.472091449932794,74,30,18,2026-04-02,True,"{""coefficient_0"": -1.2634448437446637, ""coefficient_1"": 5.689847866000486, ""coefficient_2"": 0.015407656851674192, ""coefficient_3"": 0.12628973591548695}"
max,forward_inverse,kimi-k2.6,kimi-k2.6,kimi-k2.6-think,2026-04-20,kimi,moonshot,1,0.7120654369554575,1040.0,945.7100312338075,-0.041275343636306694,1.0997028324244147,80,30,18,2026-04-07,True,"{""intercept"": 0.241672433750513, ""slope"": 0.15807501950447553}"
max,inverse_accuracy,kimi-k2.6,kimi-k2.6,kimi-k2.6-think,2026-04-20,kimi,moonshot,1,0.7120654369554575,1040.0,682.8118557496471,-0.18273228607994207,1.5231135652414856,80,30,18,2026-04-07,True,"{""coefficient_0"": -1.2508829636568255, ""coefficient_1"": 5.73709072910838}"
max,inverse_accuracy_date,kimi-k2.6,kimi-k2.6,kimi-k2.6-think,2026-04-20,kimi,moonshot,1,0.7120654369554575,1040.0,696.3588114183718,-0.17420026396252108,1.4934829328599803,80,30,18,2026-04-07,True,"{""coefficient_0"": -1.2582652668269547, ""coefficient_1"": 5.7216958132979725, ""coefficient_2"": 0.01168648366505163}"
max,inverse_accuracy_moe,kimi-k2.6,kimi-k2.6,kimi-k2.6-think,2026-04-20,kimi,moonshot,1,0.7120654369554575,1040.0,703.5421462770755,-0.169743219976771,1.4782341122040146,80,30,18,2026-04-07,True,"{""coefficient_0"": -1.1943110780499477, ""coefficient_1"": 5.551547332027618, ""coefficient_2"": 0.0885362206128067}"
max,inverse_accuracy_date_moe,kimi-k2.6,kimi-k2.6,kimi-k2.6-think,2026-04-20,kimi,moonshot,1,0.7120654369554575,1040.0,696.558738132753,-0.174075594602924,1.4930542724765767,80,30,18,2026-04-07,True,"{""coefficient_0"": -1.1879793249586523, ""coefficient_1"": 5.553189249851288, ""coefficient_2"": -0.006611887109602131, ""coefficient_3"": 0.0919089226378624}"
max,forward_inverse,deepseek-v4-flash,deepseek-v4-flash,deepseek-v4-flash-think|deepseek-v4-flash,2026-04-24,deepseek,deepseek,1,0.7477977044197497,284.0,1623.3755709604022,0.7571006662403743,5.716111165353531,78,29,18,2026-04-20,True,"{""intercept"": 0.24244505139840747, ""slope"": 0.1574101860323028}"
max,inverse_accuracy,deepseek-v4-flash,deepseek-v4-flash,deepseek-v4-flash-think|deepseek-v4-flash,2026-04-24,deepseek,deepseek,1,0.7477977044197497,284.0,1126.1540705562247,0.5982794709079227,3.9653312343529055,78,29,18,2026-04-20,True,"{""coefficient_0"": -1.268485864816782, ""coefficient_1"": 5.777075337672896}"
max,inverse_accuracy_date,deepseek-v4-flash,deepseek-v4-flash,deepseek-v4-flash-think|deepseek-v4-flash,2026-04-24,deepseek,deepseek,1,0.7477977044197497,284.0,1153.4085201668197,0.6086648151497136,4.061297606221197,78,29,18,2026-04-20,True,"{""coefficient_0"": -1.2779044894009814, ""coefficient_1"": 5.748477923008899, ""coefficient_2"": 0.0178250005484013}"
max,inverse_accuracy_moe,deepseek-v4-flash,deepseek-v4-flash,deepseek-v4-flash-think|deepseek-v4-flash,2026-04-24,deepseek,deepseek,1,0.7477977044197497,284.0,1140.3828808451015,0.6037323491144893,4.015432679032049,78,29,18,2026-04-20,True,"{""coefficient_0"": -1.2102888003978998, ""coefficient_1"": 5.584143388070617, ""coefficient_2"": 0.0915298828094961}"
max,inverse_accuracy_date_moe,deepseek-v4-flash,deepseek-v4-flash,deepseek-v4-flash-think|deepseek-v4-flash,2026-04-24,deepseek,deepseek,1,0.7477977044197497,284.0,1139.2661251327063,0.6033068442397891,4.011500440608122,78,29,18,2026-04-20,True,"{""coefficient_0"": -1.20961697842082, ""coefficient_1"": 5.58450941809842, ""coefficient_2"": -0.0007727005035982452, ""coefficient_3"": 0.09194435419077888}"
max,forward_inverse,deepseek-v4-pro,deepseek-v4-pro,deepseek-v4-pro-think|deepseek-v4-pro,2026-04-24,deepseek,deepseek,1,0.7732881635740471,1600.0,2356.978034931152,0.1682355526250201,1.4731112718319705,78,29,18,2026-04-20,True,"{""intercept"": 0.24244505139840747, ""slope"": 0.1574101860323028}"
max,inverse_accuracy,deepseek-v4-pro,deepseek-v4-pro,deepseek-v4-pro-think|deepseek-v4-pro,2026-04-24,deepseek,deepseek,1,0.7732881635740471,1600.0,1580.7315222267885,-0.005261868774714795,1.012189595451394,78,29,18,2026-04-20,True,"{""coefficient_0"": -1.268485864816782, ""coefficient_1"": 5.777075337672896}"
max,inverse_accuracy_date,deepseek-v4-pro,deepseek-v4-pro,deepseek-v4-pro-think|deepseek-v4-pro,2026-04-24,deepseek,deepseek,1,0.7732881635740471,1600.0,1616.272176902812,0.004394514236665703,1.010170110564258,78,29,18,2026-04-20,True,"{""coefficient_0"": -1.2779044894009814, ""coefficient_1"": 5.748477923008899, ""coefficient_2"": 0.0178250005484013}"
max,inverse_accuracy_moe,deepseek-v4-pro,deepseek-v4-pro,deepseek-v4-pro-think|deepseek-v4-pro,2026-04-24,deepseek,deepseek,1,0.7732881635740471,1600.0,1582.6798316433615,-0.004726914549044281,1.0109435705253498,78,29,18,2026-04-20,True,"{""coefficient_0"": -1.2102888003978998, ""coefficient_1"": 5.584143388070617, ""coefficient_2"": 0.0915298828094961}"
max,inverse_accuracy_date_moe,deepseek-v4-pro,deepseek-v4-pro,deepseek-v4-pro-think|deepseek-v4-pro,2026-04-24,deepseek,deepseek,1,0.7732881635740471,1600.0,1581.1639117291686,-0.005143089150271507,1.0119127992557277,78,29,18,2026-04-20,True,"{""coefficient_0"": -1.20961697842082, ""coefficient_1"": 5.58450941809842, ""coefficient_2"": -0.0007727005035982452, ""coefficient_3"": 0.09194435419077888}"
max,forward_inverse,nemotron-3-ultra,nemotron-3-ultra,nemotron-3-ultra,2026-06-04,nemotron,nvidia,1,0.7007162660761778,550.0,753.9555803209546,0.13698307044746372,1.3708283278562816,80,30,18,2026-04-24,True,"{""intercept"": 0.24239337203243982, ""slope"": 0.1592866941555968}"
max,inverse_accuracy,nemotron-3-ultra,nemotron-3-ultra,nemotron-3-ultra,2026-06-04,nemotron,nvidia,1,0.7007162660761778,550.0,581.9743250229051,0.02454113579682149,1.0581351364052825,80,30,18,2026-04-24,True,"{""coefficient_0"": -1.2644346947349752, ""coefficient_1"": 5.75031395030866}"
max,inverse_accuracy_date,nemotron-3-ultra,nemotron-3-ultra,nemotron-3-ultra,2026-06-04,nemotron,nvidia,1,0.7007162660761778,550.0,578.4403482957398,0.02189588945169163,1.051709724174073,80,30,18,2026-04-24,True,"{""coefficient_0"": -1.2628103433636302, ""coefficient_1"": 5.755911378724004, ""coefficient_2"": -0.003380855880112424}"
max,inverse_accuracy_moe,nemotron-3-ultra,nemotron-3-ultra,nemotron-3-ultra,2026-06-04,nemotron,nvidia,1,0.7007162660761778,550.0,604.5217213193386,0.041049220797084285,1.0991304023987978,80,30,18,2026-04-24,True,"{""coefficient_0"": -1.1939115726875447, ""coefficient_1"": 5.520825250024052, ""coefficient_2"": 0.10679142812293843}"
max,inverse_accuracy_date_moe,nemotron-3-ultra,nemotron-3-ultra,nemotron-3-ultra,2026-06-04,nemotron,nvidia,1,0.7007162660761778,550.0,582.0595199653246,0.024604707304822337,1.0582900363005907,80,30,18,2026-04-24,True,"{""coefficient_0"": -1.175639725125585, ""coefficient_1"": 5.5359065515129116, ""coefficient_2"": -0.02315561146476558, ""coefficient_3"": 0.11761335283354407}"
max,forward_inverse,kimi-k2.7-code,kimi-k2.7-code,kimi-k2.7-code,2026-06-12,kimi,moonshot,1,0.7235787991048067,1040.0,1023.8165869296441,-0.006811177989942685,1.0158069455769305,83,30,18,2026-06-04,True,"{""intercept"": 0.23968697834477878, ""slope"": 0.16074953768516304}"
max,inverse_accuracy,kimi-k2.7-code,kimi-k2.7-code,kimi-k2.7-code,2026-06-12,kimi,moonshot,1,0.7235787991048067,1040.0,748.2488583208611,-0.14298727643316456,1.3899119102351254,83,30,18,2026-06-04,True,"{""coefficient_0"": -1.2199985494199421, ""coefficient_1"": 5.658049430622629}"
max,inverse_accuracy_date,kimi-k2.7-code,kimi-k2.7-code,kimi-k2.7-code,2026-06-12,kimi,moonshot,1,0.7235787991048067,1040.0,746.0610606542124,-0.14425896595483323,1.3939877777403846,83,30,18,2026-06-04,True,"{""coefficient_0"": -1.219131810239201, ""coefficient_1"": 5.660717974482046, ""coefficient_2"": -0.0016644153995710872}"
max,inverse_accuracy_moe,kimi-k2.7-code,kimi-k2.7-code,kimi-k2.7-code,2026-06-12,kimi,moonshot,1,0.7235787991048067,1040.0,764.7079477787896,-0.13353773536781466,1.359996326729489,83,30,18,2026-06-04,True,"{""coefficient_0"": -1.1650381278207096, ""coefficient_1"": 5.47844637296047, ""coefficient_2"": 0.08444608424485407}"
max,inverse_accuracy_date_moe,kimi-k2.7-code,kimi-k2.7-code,kimi-k2.7-code,2026-06-12,kimi,moonshot,1,0.7235787991048067,1040.0,739.9740949729022,-0.147816823091111,1.405454605864391,83,30,18,2026-06-04,True,"{""coefficient_0"": -1.1475571475035908, ""coefficient_1"": 5.488246331930524, ""coefficient_2"": -0.020249610447798574, ""coefficient_3"": 0.09510326149154716}"
